35 -59995.7 0.0 59995.7
36 -59995.7 0.0 59995.7
37 -59995.7 0.0 59995.7
38 -59995.7 0.0 59995.7
39 -59995.7 0.0 59995.7
40 -59995.7 0.0 59995.7
41 -59995.7 0.0 59995.7
84 -58281.5 -14845.1 60142.5
85 -58281.5 -14845.1 60142.5
86 -58281.5 -14845.1 60142.5
87 -58281.5 -14845.1 60142.5
88 -58281.5 -14845.1 60142.5
89 -58281.5 -14845.1 60142.5
90 -58281.5 -14845.1 60142.5
112 -58281.5 -8907.1 58958.2
113 -58281.5 -8907.1 58958.2
114 -58281.5 -8907.1 58958.2
115 -58281.5 -8907.1 58958.2
116 -58281.5 -8907.1 58958.2
117 -58281.5 -8907.1 58958.2
118 -58281.5 -8907.1 58958.2
140 -58281.5 -2969.0 58357.1
141 -58281.5 -2969.0 58357.1
142 -58281.5 -2969.0 58357.1
143 -58281.5 -2969.0 58357.1
144 -58281.5 -2969.0 58357.1
145 -58281.5 -2969.0 58357.1
146 -58281.5 -2969.0 58357.1
168 -58281.5 2969.0 58357.1
169 -58281.5 2969.0 58357.1
170 -58281.5 2969.0 58357.1
171 -58281.5 2969.0 58357.1
172 -58281.5 2969.0 58357.1
173 -58281.5 2969.0 58357.1
174 -58281.5 2969.0 58357.1
196 -58281.5 8907.1 58958.2
197 -58281.5 8907.1 58958.2
198 -58281.5 8907.1 58958.2
199 -58281.5 8907.1 58958.2
200 -58281.5 8907.1 58958.2
201 -58281.5 8907.1 58958.2
202 -58281.5 8907.1 58958.2
224 -58281.5 14845.1 60142.5
225 -58281.5 14845.1 60142.5
226 -58281.5 14845.1 60142.5
227 -58281.5 14845.1 60142.5
228 -58281.5 14845.1 60142.5
229 -58281.5 14845.1 60142.5
230 -58281.5 14845.1 60142.5
252 -56567.4 -17814.1 59306.1
253 -56567.4 -17814.1 59306.1
254 -56567.4 -17814.1 59306.1
255 -56567.4 -17814.1 59306.1
256 -56567.4 -17814.1 59306.1
257 -56567.4 -17814.1 59306.1
258 -56567.4 -17814.1 59306.1
280 -56567.4 -11876.1 57800.6
281 -56567.4 -11876.1 57800.6
282 -56567.4 -11876.1 57800.6
283 -56567.4 -11876.1 57800.6
284 -56567.4 -11876.1 57800.6
285 -56567.4 -11876.1 57800.6
286 -56567.4 -11876.1 57800.6
308 -56567.4 -5938.0 56878.2
309 -56567.4 -5938.0 56878.2
310 -56567.4 -5938.0 56878.2
311 -56567.4 -5938.0 56878.2
312 -56567.4 -5938.0 56878.2
313 -56567.4 -5938.0 56878.2
314 -56567.4 -5938.0 56878.2
336 -56567.4 0.0 56567.4
337 -56567.4 0.0 56567.4
338 -56567.4 0.0 56567.4
339 -56567.4 0.0 56567.4
340 -56567.4 0.0 56567.4
341 -56567.4 0.0 56567.4
342 -56567.4 0.0 56567.4
364 -56567.4 5938.0 56878.2
365 -56567.4 5938.0 56878.2
366 -56567.4 5938.0 56878.2
367 -56567.4 5938.0 56878.2
368 -56567.4 5938.0 56878.2
369 -56567.4 5938.0 56878.2
370 -56567.4 5938.0 56878.2
392 -56567.4 11876.1 57800.6
393 -56567.4 11876.1 57800.6
394 -56567.4 11876.1 57800.6
395 -56567.4 11876.1 57800.6
396 -56567.4 11876.1 57800.6
397 -56567.4 11876.1 57800.6
398 -56567.4 11876.1 57800.6
420 -56567.4 17814.1 59306.1
421 -56567.4 17814.1 59306.1
422 -56567.4 17814.1 59306.1
423 -56567.4 17814.1 59306.1
424 -56567.4 17814.1 59306.1
425 -56567.4 17814.1 59306.1
426 -56567.4 17814.1 59306.1
462 -54853.2 -20783.1 58658.4
463 -54853.2 -20783.1 58658.4
464 -54853.2 -20783.1 58658.4
465 -54853.2 -20783.1 58658.4
466 -54853.2 -20783.1 58658.4
467 -54853.2 -20783.1 58658.4
468 -54853.2 -20783.1 58658.4
490 -54853.2 -14845.1 56826.5
491 -54853.2 -14845.1 56826.5
492 -54853.2 -14845.1 56826.5
493 -54853.2 -14845.1 56826.5
494 -54853.2 -14845.1 56826.5
495 -54853.2 -14845.1 56826.5
496 -54853.2 -14845.1 56826.5
518 -54853.2 -8907.1 55571.7
519 -54853.2 -8907.1 55571.7
520 -54853.2 -8907.1 55571.7
521 -54853.2 -8907.1 55571.7
522 -54853.2 -8907.1 55571.7
523 -54853.2 -8907.1 55571.7
524 -54853.2 -8907.1 55571.7
546 -54853.2 -2969.0 54933.5
547 -54853.2 -2969.0 54933.5
548 -54853.2 -2969.0 54933.5
549 -54853.2 -2969.0 54933.5
550 -54853.2 -2969.0 54933.5
551 -54853.2 -2969.0 54933.5
552 -54853.2 -2969.0 54933.5
574 -54853.2 2969.0 54933.5
575 -54853.2 2969.0 54933.5
576 -54853.2 2969.0 54933.5
577 -54853.2 2969.0 54933.5
578 -54853.2 2969.0 54933.5
579 -54853.2 2969.0 54933.5
580 -54853.2 2969.0 54933.5
602 -54853.2 8907.1 55571.7
603 -54853.2 8907.1 55571.7
604 -54853.2 8907.1 55571.7
605 -54853.2 8907.1 55571.7
606 -54853.2 8907.1 55571.7
607 -54853.2 8907.1 55571.7
608 -54853.2 8907.1 55571.7
630 -54853.2 14845.1 56826.5
631 -54853.2 14845.1 56826.5
632 -54853.2 14845.1 56826.5
633 -54853.2 14845.1 56826.5
634 -54853.2 14845.1 56826.5
635 -54853.2 14845.1 56826.5
636 -54853.2 14845.1 56826.5
658 -54853.2 20783.1 58658.4
659 -54853.2 20783.1 58658.4
660 -54853.2 20783.1 58658.4
661 -54853.2 20783.1 58658.4
662 -54853.2 20783.1 58658.4
663 -54853.2 20783.1 58658.4
664 -54853.2 20783.1 58658.4
707 -53139.1 -23752.1 58205.9
708 -53139.1 -23752.1 58205.9
709 -53139.1 -23752.1 58205.9
710 -53139.1 -23752.1 58205.9
711 -53139.1 -23752.1 58205.9
712 -53139.1 -23752.1 58205.9
713 -53139.1 -23752.1 58205.9
735 -53139.1 -17814.1 56045.5
736 -53139.1 -17814.1 56045.5
737 -53139.1 -17814.1 56045.5
738 -53139.1 -17814.1 56045.5
739 -53139.1 -17814.1 56045.5
740 -53139.1 -17814.1 56045.5
741 -53139.1 -17814.1 56045.5
763 -53139.1 -11876.1 54450.0
764 -53139.1 -11876.1 54450.0
765 -53139.1 -11876.1 54450.0
766 -53139.1 -11876.1 54450.0
767 -53139.1 -11876.1 54450.0
768 -53139.1 -11876.1 54450.0
769 -53139.1 -11876.1 54450.0
791 -53139.1 -5938.0 53469.8
792 -53139.1 -5938.0 53469.8
793 -53139.1 -5938.0 53469.8
794 -53139.1 -5938.0 53469.8
795 -53139.1 -5938.0 53469.8
796 -53139.1 -5938.0 53469.8
797 -53139.1 -5938.0 53469.8
819 -53139.1 0.0 53139.1
820 -53139.1 0.0 53139.1
821 -53139.1 0.0 53139.1
822 -53139.1 0.0 53139.1
823 -53139.1 0.0 53139.1
824 -53139.1 0.0 53139.1
825 -53139.1 0.0 53139.1
847 -53139.1 5938.0 53469.8
848 -53139.1 5938.0 53469.8
849 -53139.1 5938.0 53469.8
850 -53139.1 5938.0 53469.8
851 -53139.1 5938.0 53469.8
852 -53139.1 5938.0 53469.8
853 -53139.1 5938.0 53469.8
875 -53139.1 11876.1 54450.0
876 -53139.1 11876.1 54450.0
877 -53139.1 11876.1 54450.0
878 -53139.1 11876.1 54450.0
879 -53139.1 11876.1 54450.0
880 -53139.1 11876.1 54450.0
881 -53139.1 11876.1 54450.0
903 -53139.1 17814.1 56045.5
904 -53139.1 17814.1 56045.5
905 -53139.1 17814.1 56045.5
906 -53139.1 17814.1 56045.5
907 -53139.1 17814.1 56045.5
908 -53139.1 17814.1 56045.5
909 -53139.1 17814.1 56045.5
931 -53139.1 23752.1 58205.9
932 -53139.1 23752.1 58205.9
933 -53139.1 23752.1 58205.9
934 -53139.1 23752.1 58205.9
935 -53139.1 23752.1 58205.9
936 -53139.1 23752.1 58205.9
937 -53139.1 23752.1 58205.9
980 -51424.9 -26721.2 57952.9
981 -51424.9 -26721.2 57952.9
982 -51424.9 -26721.2 57952.9
983 -51424.9 -26721.2 57952.9
984 -51424.9 -26721.2 57952.9
985 -51424.9 -26721.2 57952.9
986 -51424.9 -26721.2 57952.9
1008 -51424.9 -20783.1 55465.8
1009 -51424.9 -20783.1 55465.8
1010 -51424.9 -20783.1 55465.8
1011 -51424.9 -20783.1 55465.8
1012 -51424.9 -20783.1 55465.8
1013 -51424.9 -20783.1 55465.8
1014 -51424.9 -20783.1 55465.8
1036 -51424.9 -14845.1 53524.7
1037 -51424.9 -14845.1 53524.7
1038 -51424.9 -14845.1 53524.7
1039 -51424.9 -14845.1 53524.7
1040 -51424.9 -14845.1 53524.7
1041 -51424.9 -14845.1 53524.7
1042 -51424.9 -14845.1 53524.7
1064 -51424.9 -8907.1 52190.6
1065 -51424.9 -8907.1 52190.6
1066 -51424.9 -8907.1 52190.6
1067 -51424.9 -8907.1 52190.6
1068 -51424.9 -8907.1 52190.6
1069 -51424.9 -8907.1 52190.6
1070 -51424.9 -8907.1 52190.6
1092 -51424.9 -2969.0 51510.5
1093 -51424.9 -2969.0 51510.5
1094 -51424.9 -2969.0 51510.5
1095 -51424.9 -2969.0 51510.5
1096 -51424.9 -2969.0 51510.5
1097 -51424.9 -2969.0 51510.5
1098 -51424.9 -2969.0 51510.5
1120 -51424.9 2969.0 51510.5
1121 -51424.9 2969.0 51510.5
1122 -51424.9 2969.0 51510.5
1123 -51424.9 2969.0 51510.5
1124 -51424.9 2969.0 51510.5
1125 -51424.9 2969.0 51510.5
1126 -51424.9 2969.0 51510.5
1148 -51424.9 8907.1 52190.6
1149 -51424.9 8907.1 52190.6
1150 -51424.9 8907.1 52190.6
1151 -51424.9 8907.1 52190.6
1152 -51424.9 8907.1 52190.6
1153 -51424.9 8907.1 52190.6
1154 -51424.9 8907.1 52190.6
1176 -51424.9 14845.1 53524.7
1177 -51424.9 14845.1 53524.7
1178 -51424.9 14845.1 53524.7
1179 -51424.9 14845.1 53524.7
1180 -51424.9 14845.1 53524.7
1181 -51424.9 14845.1 53524.7
1182 -51424.9 14845.1 53524.7
1204 -51424.9 20783.1 55465.8
1205 -51424.9 20783.1 55465.8
1206 -51424.9 20783.1 55465.8
1207 -51424.9 20783.1 55465.8
1208 -51424.9 20783.1 55465.8
1209 -51424.9 20783.1 55465.8
1210 -51424.9 20783.1 55465.8
1232 -51424.9 26721.2 57952.9
1233 -51424.9 26721.2 57952.9
1234 -51424.9 26721.2 57952.9
1235 -51424.9 26721.2 57952.9
1236 -51424.9 26721.2 57952.9
1237 -51424.9 26721.2 57952.9
1238 -51424.9 26721.2 57952.9
1281 -49710.7 -29690.2 57902.2
1282 -49710.7 -29690.2 57902.2
1283 -49710.7 -29690.2 57902.2
1284 -49710.7 -29690.2 57902.2
1285 -49710.7 -29690.2 57902.2
1286 -49710.7 -29690.2 57902.2
1287 -49710.7 -29690.2 57902.2
1309 -49710.7 -23752.1 55093.7
1310 -49710.7 -23752.1 55093.7
1311 -49710.7 -23752.1 55093.7
1312 -49710.7 -23752.1 55093.7
1313 -49710.7 -23752.1 55093.7
1314 -49710.7 -23752.1 55093.7
1315 -49710.7 -23752.1 55093.7
1337 -49710.7 -17814.1 52806.2
1338 -49710.7 -17814.1 52806.2
1339 -49710.7 -17814.1 52806.2
1340 -49710.7 -17814.1 52806.2
1341 -49710.7 -17814.1 52806.2
1342 -49710.7 -17814.1 52806.2
1343 -49710.7 -17814.1 52806.2
1365 -49710.7 -11876.1 51109.7
1366 -49710.7 -11876.1 51109.7
1367 -49710.7 -11876.1 51109.7
1368 -49710.7 -11876.1 51109.7
1369 -49710.7 -11876.1 51109.7
1370 -49710.7 -11876.1 51109.7
1371 -49710.7 -11876.1 51109.7
1393 -49710.7 -5938.0 50064.1
1394 -49710.7 -5938.0 50064.1
1395 -49710.7 -5938.0 50064.1
1396 -49710.7 -5938.0 50064.1
1397 -49710.7 -5938.0 50064.1
1398 -49710.7 -5938.0 50064.1
1399 -49710.7 -5938.0 50064.1
1421 -49710.7 0.0 49710.7
1422 -49710.7 0.0 49710.7
1423 -49710.7 0.0 49710.7
1424 -49710.7 0.0 49710.7
1425 -49710.7 0.0 49710.7
1426 -49710.7 0.0 49710.7
1427 -49710.7 0.0 49710.7
1449 -49710.7 5938.0 50064.1
1450 -49710.7 5938.0 50064.1
1451 -49710.7 5938.0 50064.1
1452 -49710.7 5938.0 50064.1
1453 -49710.7 5938.0 50064.1
1454 -49710.7 5938.0 50064.1
1455 -49710.7 5938.0 50064.1
1477 -49710.7 11876.1 51109.7
1478 -49710.7 11876.1 51109.7
1479 -49710.7 11876.1 51109.7
1480 -49710.7 11876.1 51109.7
1481 -49710.7 11876.1 51109.7
1482 -49710.7 11876.1 51109.7
1483 -49710.7 11876.1 51109.7
1505 -49710.7 17814.1 52806.2
1506 -49710.7 17814.1 52806.2
1507 -49710.7 17814.1 52806.2
1508 -49710.7 17814.1 52806.2
1509 -49710.7 17814.1 52806.2
1510 -49710.7 17814.1 52806.2
1511 -49710.7 17814.1 52806.2
1533 -49710.7 23752.1 55093.7
1534 -49710.7 23752.1 55093.7
1535 -49710.7 23752.1 55093.7
1536 -49710.7 23752.1 55093.7
1537 -49710.7 23752.1 55093.7
1538 -49710.7 23752.1 55093.7
1539 -49710.7 23752.1 55093.7
1561 -49710.7 29690.2 57902.2
1562 -49710.7 29690.2 57902.2
1563 -49710.7 29690.2 57902.2
1564 -49710.7 29690.2 57902.2
1565 -49710.7 29690.2 57902.2
1566 -49710.7 29690.2 57902.2
1567 -49710.7 29690.2 57902.2
1610 -47996.6 -32659.2 58054.2
1611 -47996.6 -32659.2 58054.2
1612 -47996.6 -32659.2 58054.2
1613 -47996.6 -32659.2 58054.2
1614 -47996.6 -32659.2 58054.2
1615 -47996.6 -32659.2 58054.2
1616 -47996.6 -32659.2 58054.2
1638 -47996.6 -26721.2 54933.5
1639 -47996.6 -26721.2 54933.5
1640 -47996.6 -26721.2 54933.5
1641 -47996.6 -26721.2 54933.5
1642 -47996.6 -26721.2 54933.5
1643 -47996.6 -26721.2 54933.5
1644 -47996.6 -26721.2 54933.5
1666 -47996.6 -20783.1 52303.0
1667 -47996.6 -20783.1 52303.0
1668 -47996.6 -20783.1 52303.0
1669 -47996.6 -20783.1 52303.0
1670 -47996.6 -20783.1 52303.0
1671 -47996.6 -20783.1 52303.0
1672 -47996.6 -20783.1 52303.0
1694 -47996.6 -14845.1 50239.9
1695 -47996.6 -14845.1 50239.9
1696 -47996.6 -14845.1 50239.9
1697 -47996.6 -14845.1 50239.9
1698 -47996.6 -14845.1 50239.9
1699 -47996.6 -14845.1 50239.9
1700 -47996.6 -14845.1 50239.9
1722 -47996.6 -8907.1 48816.0
1723 -47996.6 -8907.1 48816.0
1724 -47996.6 -8907.1 48816.0
1725 -47996.6 -8907.1 48816.0
1726 -47996.6 -8907.1 48816.0
1727 -47996.6 -8907.1 48816.0
1728 -47996.6 -8907.1 48816.0
1750 -47996.6 -2969.0 48088.3
1751 -47996.6 -2969.0 48088.3
1752 -47996.6 -2969.0 48088.3
1753 -47996.6 -2969.0 48088.3
1754 -47996.6 -2969.0 48088.3
1755 -47996.6 -2969.0 48088.3
1756 -47996.6 -2969.0 48088.3
1778 -47996.6 2969.0 48088.3
1779 -47996.6 2969.0 48088.3
1780 -47996.6 2969.0 48088.3
1781 -47996.6 2969.0 48088.3
1782 -47996.6 2969.0 48088.3
1783 -47996.6 2969.0 48088.3
1784 -47996.6 2969.0 48088.3
1806 -47996.6 8907.1 48816.0
1807 -47996.6 8907.1 48816.0
1808 -47996.6 8907.1 48816.0
1809 -47996.6 8907.1 48816.0
1810 -47996.6 8907.1 48816.0
1811 -47996.6 8907.1 48816.0
1812 -47996.6 8907.1 48816.0
1834 -47996.6 14845.1 50239.9
1835 -47996.6 14845.1 50239.9
1836 -47996.6 14845.1 50239.9
1837 -47996.6 14845.1 50239.9
1838 -47996.6 14845.1 50239.9
1839 -47996.6 14845.1 50239.9
1840 -47996.6 14845.1 50239.9
1862 -47996.6 20783.1 52303.0
1863 -47996.6 20783.1 52303.0
1864 -47996.6 20783.1 52303.0
1865 -47996.6 20783.1 52303.0
1866 -47996.6 20783.1 52303.0
1867 -47996.6 20783.1 52303.0
1868 -47996.6 20783.1 52303.0
1890 -47996.6 26721.2 54933.5
1891 -47996.6 26721.2 54933.5
1892 -47996.6 26721.2 54933.5
1893 -47996.6 26721.2 54933.5
1894 -47996.6 26721.2 54933.5
1895 -47996.6 26721.2 54933.5
1896 -47996.6 26721.2 54933.5
1918 -47996.6 32659.2 58054.2
1919 -47996.6 32659.2 58054.2
1920 -47996.6 32659.2 58054.2
1921 -47996.6 32659.2 58054.2
1922 -47996.6 32659.2 58054.2
1923 -47996.6 32659.2 58054.2
1924 -47996.6 32659.2 58054.2
1953 -46282.4 -35628.2 58407.4
1954 -46282.4 -35628.2 58407.4
1955 -46282.4 -35628.2 58407.4
1956 -46282.4 -35628.2 58407.4
1957 -46282.4 -35628.2 58407.4
1958 -46282.4 -35628.2 58407.4
1959 -46282.4 -35628.2 58407.4
1981 -46282.4 -29690.2 54987.0
1982 -46282.4 -29690.2 54987.0
1983 -46282.4 -29690.2 54987.0
1984 -46282.4 -29690.2 54987.0
1985 -46282.4 -29690.2 54987.0
1986 -46282.4 -29690.2 54987.0
1987 -46282.4 -29690.2 54987.0
2009 -46282.4 -23752.1 52021.4
2010 -46282.4 -23752.1 52021.4
2011 -46282.4 -23752.1 52021.4
2012 -46282.4 -23752.1 52021.4
2013 -46282.4 -23752.1 52021.4
2014 -46282.4 -23752.1 52021.4
2015 -46282.4 -23752.1 52021.4
2037 -46282.4 -17814.1 49592.4
2038 -46282.4 -17814.1 49592.4
2039 -46282.4 -17814.1 49592.4
2040 -46282.4 -17814.1 49592.4
2041 -46282.4 -17814.1 49592.4
2042 -46282.4 -17814.1 49592.4
2043 -46282.4 -17814.1 49592.4
2065 -46282.4 -11876.1 47781.8
2066 -46282.4 -11876.1 47781.8
2067 -46282.4 -11876.1 47781.8
2068 -46282.4 -11876.1 47781.8
2069 -46282.4 -11876.1 47781.8
2070 -46282.4 -11876.1 47781.8
2071 -46282.4 -11876.1 47781.8
2093 -46282.4 -5938.0 46661.8
2094 -46282.4 -5938.0 46661.8
2095 -46282.4 -5938.0 46661.8
2096 -46282.4 -5938.0 46661.8
2097 -46282.4 -5938.0 46661.8
2098 -46282.4 -5938.0 46661.8
2099 -46282.4 -5938.0 46661.8
2121 -46282.4 0.0 46282.4
2122 -46282.4 0.0 46282.4
2123 -46282.4 0.0 46282.4
2124 -46282.4 0.0 46282.4
2125 -46282.4 0.0 46282.4
2126 -46282.4 0.0 46282.4
2127 -46282.4 0.0 46282.4
2149 -46282.4 5938.0 46661.8
2150 -46282.4 5938.0 46661.8
2151 -46282.4 5938.0 46661.8
2152 -46282.4 5938.0 46661.8
2153 -46282.4 5938.0 46661.8
2154 -46282.4 5938.0 46661.8
2155 -46282.4 5938.0 46661.8
2177 -46282.4 11876.1 47781.8
2178 -46282.4 11876.1 47781.8
2179 -46282.4 11876.1 47781.8
2180 -46282.4 11876.1 47781.8
2181 -46282.4 11876.1 47781.8
2182 -46282.4 11876.1 47781.8
2183 -46282.4 11876.1 47781.8
2205 -46282.4 17814.1 49592.4
2206 -46282.4 17814.1 49592.4
2207 -46282.4 17814.1 49592.4
2208 -46282.4 17814.1 49592.4
2209 -46282.4 17814.1 49592.4
2210 -46282.4 17814.1 49592.4
2211 -46282.4 17814.1 49592.4
2233 -46282.4 23752.1 52021.4
2234 -46282.4 23752.1 52021.4
2235 -46282.4 23752.1 52021.4
2236 -46282.4 23752.1 52021.4
2237 -46282.4 23752.1 52021.4
2238 -46282.4 23752.1 52021.4
2239 -46282.4 23752.1 52021.4
2261 -46282.4 29690.2 54987.0
2262 -46282.4 29690.2 54987.0
2263 -46282.4 29690.2 54987.0
2264 -46282.4 29690.2 54987.0
2265 -46282.4 29690.2 54987.0
2266 -46282.4 29690.2 54987.0
2267 -46282.4 29690.2 54987.0
2289 -46282.4 35628.2 58407.4
2290 -46282.4 35628.2 58407.4
2291 -46282.4 35628.2 58407.4
2292 -46282.4 35628.2 58407.4
2293 -46282.4 35628.2 58407.4
2294 -46282.4 35628.2 58407.4
2295 -46282.4 35628.2 58407.4
2310 -44568.2 -38597.2 58958.2
2311 -44568.2 -38597.2 58958.2
2312 -44568.2 -38597.2 58958.2
2313 -44568.2 -38597.2 58958.2
2314 -44568.2 -38597.2 58958.2
2315 -44568.2 -38597.2 58958.2
2316 -44568.2 -38597.2 58958.2
2338 -44568.2 -32659.2 55253.5
2339 -44568.2 -32659.2 55253.5
2340 -44568.2 -32659.2 55253.5
2341 -44568.2 -32659.2 55253.5
2342 -44568.2 -32659.2 55253.5
2343 -44568.2 -32659.2 55253.5
2344 -44568.2 -32659.2 55253.5
2366 -44568.2 -26721.2 51964.9
2367 -44568.2 -26721.2 51964.9
2368 -44568.2 -26721.2 51964.9
2369 -44568.2 -26721.2 51964.9
2370 -44568.2 -26721.2 51964.9
2371 -44568.2 -26721.2 51964.9
2372 -44568.2 -26721.2 51964.9
2394 -44568.2 -20783.1 49175.9
2395 -44568.2 -20783.1 49175.9
2396 -44568.2 -20783.1 49175.9
2397 -44568.2 -20783.1 49175.9
2398 -44568.2 -20783.1 49175.9
2399 -44568.2 -20783.1 49175.9
2400 -44568.2 -20783.1 49175.9
2422 -44568.2 -14845.1 46975.6
2423 -44568.2 -14845.1 46975.6
2424 -44568.2 -14845.1 46975.6
2425 -44568.2 -14845.1 46975.6
2426 -44568.2 -14845.1 46975.6
2427 -44568.2 -14845.1 46975.6
2428 -44568.2 -14845.1 46975.6
2450 -44568.2 -8907.1 45449.6
2451 -44568.2 -8907.1 45449.6
2452 -44568.2 -8907.1 45449.6
2453 -44568.2 -8907.1 45449.6
2454 -44568.2 -8907.1 45449.6
2455 -44568.2 -8907.1 45449.6
2456 -44568.2 -8907.1 45449.6
2478 -44568.2 -2969.0 44667.0
2479 -44568.2 -2969.0 44667.0
2480 -44568.2 -2969.0 44667.0
2481 -44568.2 -2969.0 44667.0
2482 -44568.2 -2969.0 44667.0
2483 -44568.2 -2969.0 44667.0
2484 -44568.2 -2969.0 44667.0
2506 -44568.2 2969.0 44667.0
2507 -44568.2 2969.0 44667.0
2508 -44568.2 2969.0 44667.0
2509 -44568.2 2969.0 44667.0
2510 -44568.2 2969.0 44667.0
2511 -44568.2 2969.0 44667.0
2512 -44568.2 2969.0 44667.0
2534 -44568.2 8907.1 45449.6
2535 -44568.2 8907.1 45449.6
2536 -44568.2 8907.1 45449.6
2537 -44568.2 8907.1 45449.6
2538 -44568.2 8907.1 45449.6
2539 -44568.2 8907.1 45449.6
2540 -44568.2 8907.1 45449.6
2562 -44568.2 14845.1 46975.6
2563 -44568.2 14845.1 46975.6
2564 -44568.2 14845.1 46975.6
2565 -44568.2 14845.1 46975.6
2566 -44568.2 14845.1 46975.6
2567 -44568.2 14845.1 46975.6
2568 -44568.2 14845.1 46975.6
2590 -44568.2 20783.1 49175.9
2591 -44568.2 20783.1 49175.9
2592 -44568.2 20783.1 49175.9
2593 -44568.2 20783.1 49175.9
2594 -44568.2 20783.1 49175.9
2595 -44568.2 20783.1 49175.9
2596 -44568.2 20783.1 49175.9
2618 -44568.2 26721.2 51964.9
2619 -44568.2 26721.2 51964.9
2620 -44568.2 26721.2 51964.9
2621 -44568.2 26721.2 51964.9
2622 -44568.2 26721.2 51964.9
2623 -44568.2 26721.2 51964.9
2624 -44568.2 26721.2 51964.9
2646 -44568.2 32659.2 55253.5
2647 -44568.2 32659.2 55253.5
2648 -44568.2 32659.2 55253.5
2649 -44568.2 32659.2 55253.5
2650 -44568.2 32659.2 55253.5
2651 -44568.2 32659.2 55253.5
2652 -44568.2 32659.2 55253.5
2674 -44568.2 38597.2 58958.2
2675 -44568.2 38597.2 58958.2
2676 -44568.2 38597.2 58958.2
2677 -44568.2 38597.2 58958.2
2678 -44568.2 38597.2 58958.2
2679 -44568.2 38597.2 58958.2
2680 -44568.2 38597.2 58958.2
2695 -42854.1 -41566.2 59701.1
2696 -42854.1 -41566.2 59701.1
2697 -42854.1 -41566.2 59701.1
2698 -42854.1 -41566.2 59701.1
2699 -42854.1 -41566.2 59701.1
2700 -42854.1 -41566.2 59701.1
2701 -42854.1 -41566.2 59701.1
2723 -42854.1 -35628.2 55730.1
2724 -42854.1 -35628.2 55730.1
2725 -42854.1 -35628.2 55730.1
2726 -42854.1 -35628.2 55730.1
2727 -42854.1 -35628.2 55730.1
2728 -42854.1 -35628.2 55730.1
2729 -42854.1 -35628.2 55730.1
2751 -42854.1 -29690.2 52134.2
2752 -42854.1 -29690.2 52134.2
2753 -42854.1 -29690.2 52134.2
2754 -42854.1 -29690.2 52134.2
2755 -42854.1 -29690.2 52134.2
2756 -42854.1 -29690.2 52134.2
2757 -42854.1 -29690.2 52134.2
2779 -42854.1 -23752.1 48996.3
2780 -42854.1 -23752.1 48996.3
2781 -42854.1 -23752.1 48996.3
2782 -42854.1 -23752.1 48996.3
2783 -42854.1 -23752.1 48996.3
2784 -42854.1 -23752.1 48996.3
2785 -42854.1 -23752.1 48996.3
2807 -42854.1 -17814.1 46409.2
2808 -42854.1 -17814.1 46409.2
2809 -42854.1 -17814.1 46409.2
2810 -42854.1 -17814.1 46409.2
2811 -42854.1 -17814.1 46409.2
2812 -42854.1 -17814.1 46409.2
2813 -42854.1 -17814.1 46409.2
2835 -42854.1 -11876.1 44469.2
2836 -42854.1 -11876.1 44469.2
2837 -42854.1 -11876.1 44469.2
2838 -42854.1 -11876.1 44469.2
2839 -42854.1 -11876.1 44469.2
2840 -42854.1 -11876.1 44469.2
2841 -42854.1 -11876.1 44469.2
2863 -42854.1 -5938.0 43263.5
2864 -42854.1 -5938.0 43263.5
2865 -42854.1 -5938.0 43263.5
2866 -42854.1 -5938.0 43263.5
2867 -42854.1 -5938.0 43263.5
2868 -42854.1 -5938.0 43263.5
2869 -42854.1 -5938.0 43263.5
2891 -42854.1 0.0 42854.1
2892 -42854.1 0.0 42854.1
2893 -42854.1 0.0 42854.1
2894 -42854.1 0.0 42854.1
2895 -42854.1 0.0 42854.1
2896 -42854.1 0.0 42854.1
2897 -42854.1 0.0 42854.1
2919 -42854.1 5938.0 43263.5
2920 -42854.1 5938.0 43263.5
2921 -42854.1 5938.0 43263.5
2922 -42854.1 5938.0 43263.5
2923 -42854.1 5938.0 43263.5
2924 -42854.1 5938.0 43263.5
2925 -42854.1 5938.0 43263.5
2947 -42854.1 11876.1 44469.2
2948 -42854.1 11876.1 44469.2
2949 -42854.1 11876.1 44469.2
2950 -42854.1 11876.1 44469.2
2951 -42854.1 11876.1 44469.2
2952 -42854.1 11876.1 44469.2
2953 -42854.1 11876.1 44469.2
2975 -42854.1 17814.1 46409.2
2976 -42854.1 17814.1 46409.2
2977 -42854.1 17814.1 46409.2
2978 -42854.1 17814.1 46409.2
2979 -42854.1 17814.1 46409.2
2980 -42854.1 17814.1 46409.2
2981 -42854.1 17814.1 46409.2
3003 -42854.1 23752.1 48996.3
3004 -42854.1 23752.1 48996.3
3005 -42854.1 23752.1 48996.3
3006 -42854.1 23752.1 48996.3
3007 -42854.1 23752.1 48996.3
3008 -42854.1 23752.1 48996.3
3009 -42854.1 23752.1 48996.3
3031 -42854.1 29690.2 52134.2
3032 -42854.1 29690.2 52134.2
3033 -42854.1 29690.2 52134.2
3034 -42854.1 29690.2 52134.2
3035 -42854.1 29690.2 52134.2
3036 -42854.1 29690.2 52134.2
3037 -42854.1 29690.2 52134.2
3059 -42854.1 35628.2 55730.1
3060 -42854.1 35628.2 55730.1
3061 -42854.1 35628.2 55730.1
3062 -42854.1 35628.2 55730.1
3063 -42854.1 35628.2 55730.1
3064 -42854.1 35628.2 55730.1
3065 -42854.1 35628.2 55730.1
3087 -42854.1 41566.2 59701.1
3088 -42854.1 41566.2 59701.1
3089 -42854.1 41566.2 59701.1
3090 -42854.1 41566.2 59701.1
3091 -42854.1 41566.2 59701.1
3092 -42854.1 41566.2 59701.1
3093 -42854.1 41566.2 59701.1
3122 -41139.9 -38597.2 56411.3
3123 -41139.9 -38597.2 56411.3
3124 -41139.9 -38597.2 56411.3
3125 -41139.9 -38597.2 56411.3
3126 -41139.9 -38597.2 56411.3
3127 -41139.9 -38597.2 56411.3
3128 -41139.9 -38597.2 56411.3
3150 -41139.9 -32659.2 52527.3
3151 -41139.9 -32659.2 52527.3
3152 -41139.9 -32659.2 52527.3
3153 -41139.9 -32659.2 52527.3
3154 -41139.9 -32659.2 52527.3
3155 -41139.9 -32659.2 52527.3
3156 -41139.9 -32659.2 52527.3
3178 -41139.9 -26721.2 49056.2
3179 -41139.9 -26721.2 49056.2
3180 -41139.9 -26721.2 49056.2
3181 -41139.9 -26721.2 49056.2
3182 -41139.9 -26721.2 49056.2
3183 -41139.9 -26721.2 49056.2
3184 -41139.9 -26721.2 49056.2
3206 -41139.9 -20783.1 46091.5
3207 -41139.9 -20783.1 46091.5
3208 -41139.9 -20783.1 46091.5
3209 -41139.9 -20783.1 46091.5
3210 -41139.9 -20783.1 46091.5
3211 -41139.9 -20783.1 46091.5
3212 -41139.9 -20783.1 46091.5
3234 -41139.9 -14845.1 43736.4
3235 -41139.9 -14845.1 43736.4
3236 -41139.9 -14845.1 43736.4
3237 -41139.9 -14845.1 43736.4
3238 -41139.9 -14845.1 43736.4
3239 -41139.9 -14845.1 43736.4
3240 -41139.9 -14845.1 43736.4
3262 -41139.9 -8907.1 42093.1
3263 -41139.9 -8907.1 42093.1
3264 -41139.9 -8907.1 42093.1
3265 -41139.9 -8907.1 42093.1
3266 -41139.9 -8907.1 42093.1
3267 -41139.9 -8907.1 42093.1
3268 -41139.9 -8907.1 42093.1
3290 -41139.9 -2969.0 41246.9
3291 -41139.9 -2969.0 41246.9
3292 -41139.9 -2969.0 41246.9
3293 -41139.9 -2969.0 41246.9
3294 -41139.9 -2969.0 41246.9
3295 -41139.9 -2969.0 41246.9
3296 -41139.9 -2969.0 41246.9
3318 -41139.9 2969.0 41246.9
3319 -41139.9 2969.0 41246.9
3320 -41139.9 2969.0 41246.9
3321 -41139.9 2969.0 41246.9
3322 -41139.9 2969.0 41246.9
3323 -41139.9 2969.0 41246.9
3324 -41139.9 2969.0 41246.9
3346 -41139.9 8907.1 42093.1
3347 -41139.9 8907.1 42093.1
3348 -41139.9 8907.1 42093.1
3349 -41139.9 8907.1 42093.1
3350 -41139.9 8907.1 42093.1
3351 -41139.9 8907.1 42093.1
3352 -41139.9 8907.1 42093.1
3374 -41139.9 14845.1 43736.4
3375 -41139.9 14845.1 43736.4
3376 -41139.9 14845.1 43736.4
3377 -41139.9 14845.1 43736.4
3378 -41139.9 14845.1 43736.4
3379 -41139.9 14845.1 43736.4
3380 -41139.9 14845.1 43736.4
3402 -41139.9 20783.1 46091.5
3403 -41139.9 20783.1 46091.5
3404 -41139.9 20783.1 46091.5
3405 -41139.9 20783.1 46091.5
3406 -41139.9 20783.1 46091.5
3407 -41139.9 20783.1 46091.5
3408 -41139.9 20783.1 46091.5
3430 -41139.9 26721.2 49056.2
3431 -41139.9 26721.2 49056.2
3432 -41139.9 26721.2 49056.2
3433 -41139.9 26721.2 49056.2
3434 -41139.9 26721.2 49056.2
3435 -41139.9 26721.2 49056.2
3436 -41139.9 26721.2 49056.2
3458 -41139.9 32659.2 52527.3
3459 -41139.9 32659.2 52527.3
3460 -41139.9 32659.2 52527.3
3461 -41139.9 32659.2 52527.3
3462 -41139.9 32659.2 52527.3
3463 -41139.9 32659.2 52527.3
3464 -41139.9 32659.2 52527.3
3486 -41139.9 38597.2 56411.3
3487 -41139.9 38597.2 56411.3
3488 -41139.9 38597.2 56411.3
3489 -41139.9 38597.2 56411.3
3490 -41139.9 38597.2 56411.3
3491 -41139.9 38597.2 56411.3
3492 -41139.9 38597.2 56411.3
3535 -39425.8 -41566.2 57290.0
3536 -39425.8 -41566.2 57290.0
3537 -39425.8 -41566.2 57290.0
3538 -39425.8 -41566.2 57290.0
3539 -39425.8 -41566.2 57290.0
3540 -39425.8 -41566.2 57290.0
3541 -39425.8 -41566.2 57290.0
3563 -39425.8 -35628.2 53139.1
3564 -39425.8 -35628.2 53139.1
3565 -39425.8 -35628.2 53139.1
3566 -39425.8 -35628.2 53139.1
3567 -39425.8 -35628.2 53139.1
3568 -39425.8 -35628.2 53139.1
3569 -39425.8 -35628.2 53139.1
3591 -39425.8 -29690.2 49354.8
3592 -39425.8 -29690.2 49354.8
3593 -39425.8 -29690.2 49354.8
3594 -39425.8 -29690.2 49354.8
3595 -39425.8 -29690.2 49354.8
3596 -39425.8 -29690.2 49354.8
3597 -39425.8 -29690.2 49354.8
3619 -39425.8 -23752.1 46027.8
3620 -39425.8 -23752.1 46027.8
3621 -39425.8 -23752.1 46027.8
3622 -39425.8 -23752.1 46027.8
3623 -39425.8 -23752.1 46027.8
3624 -39425.8 -23752.1 46027.8
3625 -39425.8 -23752.1 46027.8
3647 -39425.8 -17814.1 43263.5
3648 -39425.8 -17814.1 43263.5
3649 -39425.8 -17814.1 43263.5
3650 -39425.8 -17814.1 43263.5
3651 -39425.8 -17814.1 43263.5
3652 -39425.8 -17814.1 43263.5
3653 -39425.8 -17814.1 43263.5
3675 -39425.8 -11876.1 41175.6
3676 -39425.8 -11876.1 41175.6
3677 -39425.8 -11876.1 41175.6
3678 -39425.8 -11876.1 41175.6
3679 -39425.8 -11876.1 41175.6
3680 -39425.8 -11876.1 41175.6
3681 -39425.8 -11876.1 41175.6
3703 -39425.8 -5938.0 39870.4
3704 -39425.8 -5938.0 39870.4
3705 -39425.8 -5938.0 39870.4
3706 -39425.8 -5938.0 39870.4
3707 -39425.8 -5938.0 39870.4
3708 -39425.8 -5938.0 39870.4
3709 -39425.8 -5938.0 39870.4
3731 -39425.8 0.0 39425.8
3732 -39425.8 0.0 39425.8
3733 -39425.8 0.0 39425.8
3734 -39425.8 0.0 39425.8
3735 -39425.8 0.0 39425.8
3736 -39425.8 0.0 39425.8
3737 -39425.8 0.0 39425.8
3759 -39425.8 5938.0 39870.4
3760 -39425.8 5938.0 39870.4
3761 -39425.8 5938.0 39870.4
3762 -39425.8 5938.0 39870.4
3763 -39425.8 5938.0 39870.4
3764 -39425.8 5938.0 39870.4
3765 -39425.8 5938.0 39870.4
3787 -39425.8 11876.1 41175.6
3788 -39425.8 11876.1 41175.6
3789 -39425.8 11876.1 41175.6
3790 -39425.8 11876.1 41175.6
3791 -39425.8 11876.1 41175.6
3792 -39425.8 11876.1 41175.6
3793 -39425.8 11876.1 41175.6
3815 -39425.8 17814.1 43263.5
3816 -39425.8 17814.1 43263.5
3817 -39425.8 17814.1 43263.5
3818 -39425.8 17814.1 43263.5
3819 -39425.8 17814.1 43263.5
3820 -39425.8 17814.1 43263.5
3821 -39425.8 17814.1 43263.5
3843 -39425.8 23752.1 46027.8
3844 -39425.8 23752.1 46027.8
3845 -39425.8 23752.1 46027.8
3846 -39425.8 23752.1 46027.8
3847 -39425.8 23752.1 46027.8
3848 -39425.8 23752.1 46027.8
3849 -39425.8 23752.1 46027.8
3871 -39425.8 29690.2 49354.8
3872 -39425.8 29690.2 49354.8
3873 -39425.8 29690.2 49354.8
3874 -39425.8 29690.2 49354.8
3875 -39425.8 29690.2 49354.8
3876 -39425.8 29690.2 49354.8
3877 -39425.8 29690.2 49354.8
3899 -39425.8 35628.2 53139.1
3900 -39425.8 35628.2 53139.1
3901 -39425.8 35628.2 53139.1
3902 -39425.8 35628.2 53139.1
3903 -39425.8 35628.2 53139.1
3904 -39425.8 35628.2 53139.1
3905 -39425.8 35628.2 53139.1
3927 -39425.8 41566.2 57290.0
3928 -39425.8 41566.2 57290.0
3929 -39425.8 41566.2 57290.0
3930 -39425.8 41566.2 57290.0
3931 -39425.8 41566.2 57290.0
3932 -39425.8 41566.2 57290.0
3933 -39425.8 41566.2 57290.0
3962 -37711.6 -44535.3 58357.1
3963 -37711.6 -44535.3 58357.1
3964 -37711.6 -44535.3 58357.1
3965 -37711.6 -44535.3 58357.1
3966 -37711.6 -44535.3 58357.1
3967 -37711.6 -44535.3 58357.1
3968 -37711.6 -44535.3 58357.1
3990 -37711.6 -38597.2 53962.1
3991 -37711.6 -38597.2 53962.1
3992 -37711.6 -38597.2 53962.1
3993 -37711.6 -38597.2 53962.1
3994 -37711.6 -38597.2 53962.1
3995 -37711.6 -38597.2 53962.1
3996 -37711.6 -38597.2 53962.1
4018 -37711.6 -32659.2 49887.7
4019 -37711.6 -32659.2 49887.7
4020 -37711.6 -32659.2 49887.7
4021 -37711.6 -32659.2 49887.7
4022 -37711.6 -32659.2 49887.7
4023 -37711.6 -32659.2 49887.7
4024 -37711.6 -32659.2 49887.7
4046 -37711.6 -26721.2 46218.9
4047 -37711.6 -26721.2 46218.9
4048 -37711.6 -26721.2 46218.9
4049 -37711.6 -26721.2 46218.9
4050 -37711.6 -26721.2 46218.9
4051 -37711.6 -26721.2 46218.9
4052 -37711.6 -26721.2 46218.9
4074 -37711.6 -20783.1 43059.3
4075 -37711.6 -20783.1 43059.3
4076 -37711.6 -20783.1 43059.3
4077 -37711.6 -20783.1 43059.3
4078 -37711.6 -20783.1 43059.3
4079 -37711.6 -20783.1 43059.3
4080 -37711.6 -20783.1 43059.3
4102 -37711.6 -14845.1 40528.3
4103 -37711.6 -14845.1 40528.3
4104 -37711.6 -14845.1 40528.3
4105 -37711.6 -14845.1 40528.3
4106 -37711.6 -14845.1 40528.3
4107 -37711.6 -14845.1 40528.3
4108 -37711.6 -14845.1 40528.3
4130 -37711.6 -8907.1 38749.2
4131 -37711.6 -8907.1 38749.2
4132 -37711.6 -8907.1 38749.2
4133 -37711.6 -8907.1 38749.2
4134 -37711.6 -8907.1 38749.2
4135 -37711.6 -8907.1 38749.2
4136 -37711.6 -8907.1 38749.2
4158 -37711.6 -2969.0 37828.3
4159 -37711.6 -2969.0 37828.3
4160 -37711.6 -2969.0 37828.3
4161 -37711.6 -2969.0 37828.3
4162 -37711.6 -2969.0 37828.3
4163 -37711.6 -2969.0 37828.3
4164 -37711.6 -2969.0 37828.3
4186 -37711.6 2969.0 37828.3
4187 -37711.6 2969.0 37828.3
4188 -37711.6 2969.0 37828.3
4189 -37711.6 2969.0 37828.3
4190 -37711.6 2969.0 37828.3
4191 -37711.6 2969.0 37828.3
4192 -37711.6 2969.0 37828.3
4214 -37711.6 8907.1 38749.2
4215 -37711.6 8907.1 38749.2
4216 -37711.6 8907.1 38749.2
4217 -37711.6 8907.1 38749.2
4218 -37711.6 8907.1 38749.2
4219 -37711.6 8907.1 38749.2
4220 -37711.6 8907.1 38749.2
4242 -37711.6 14845.1 40528.3
4243 -37711.6 14845.1 40528.3
4244 -37711.6 14845.1 40528.3
4245 -37711.6 14845.1 40528.3
4246 -37711.6 14845.1 40528.3
4247 -37711.6 14845.1 40528.3
4248 -37711.6 14845.1 40528.3
4270 -37711.6 20783.1 43059.3
4271 -37711.6 20783.1 43059.3
4272 -37711.6 20783.1 43059.3
4273 -37711.6 20783.1 43059.3
4274 -37711.6 20783.1 43059.3
4275 -37711.6 20783.1 43059.3
4276 -37711.6 20783.1 43059.3
4298 -37711.6 26721.2 46218.9
4299 -37711.6 26721.2 46218.9
4300 -37711.6 26721.2 46218.9
4301 -37711.6 26721.2 46218.9
4302 -37711.6 26721.2 46218.9
4303 -37711.6 26721.2 46218.9
4304 -37711.6 26721.2 46218.9
4326 -37711.6 32659.2 49887.7
4327 -37711.6 32659.2 49887.7
4328 -37711.6 32659.2 49887.7
4329 -37711.6 32659.2 49887.7
4330 -37711.6 32659.2 49887.7
4331 -37711.6 32659.2 49887.7
4332 -37711.6 32659.2 49887.7
4354 -37711.6 38597.2 53962.1
4355 -37711.6 38597.2 53962.1
4356 -37711.6 38597.2 53962.1
4357 -37711.6 38597.2 53962.1
4358 -37711.6 38597.2 53962.1
4359 -37711.6 38597.2 53962.1
4360 -37711.6 38597.2 53962.1
4382 -37711.6 44535.3 58357.1
4383 -37711.6 44535.3 58357.1
4384 -37711.6 44535.3 58357.1
4385 -37711.6 44535.3 58357.1
4386 -37711.6 44535.3 58357.1
4387 -37711.6 44535.3 58357.1
4388 -37711.6 44535.3 58357.1
4396 -35997.4 -47504.3 59602.6
4397 -35997.4 -47504.3 59602.6
4398 -35997.4 -47504.3 59602.6
4399 -35997.4 -47504.3 59602.6
4400 -35997.4 -47504.3 59602.6
4401 -35997.4 -47504.3 59602.6
4402 -35997.4 -47504.3 59602.6
4424 -35997.4 -41566.2 54987.0
4425 -35997.4 -41566.2 54987.0
4426 -35997.4 -41566.2 54987.0
4427 -35997.4 -41566.2 54987.0
4428 -35997.4 -41566.2 54987.0
4429 -35997.4 -41566.2 54987.0
4430 -35997.4 -41566.2 54987.0
4452 -35997.4 -35628.2 50647.6
4453 -35997.4 -35628.2 50647.6
4454 -35997.4 -35628.2 50647.6
4455 -35997.4 -35628.2 50647.6
4456 -35997.4 -35628.2 50647.6
4457 -35997.4 -35628.2 50647.6
4458 -35997.4 -35628.2 50647.6
4480 -35997.4 -29690.2 46661.8
4481 -35997.4 -29690.2 46661.8
4482 -35997.4 -29690.2 46661.8
4483 -35997.4 -29690.2 46661.8
4484 -35997.4 -29690.2 46661.8
4485 -35997.4 -29690.2 46661.8
4486 -35997.4 -29690.2 46661.8
4508 -35997.4 -23752.1 43127.5
4509 -35997.4 -23752.1 43127.5
4510 -35997.4 -23752.1 43127.5
4511 -35997.4 -23752.1 43127.5
4512 -35997.4 -23752.1 43127.5
4513 -35997.4 -23752.1 43127.5
4514 -35997.4 -23752.1 43127.5
4536 -35997.4 -17814.1 40164.1
4537 -35997.4 -17814.1 40164.1
4538 -35997.4 -17814.1 40164.1
4539 -35997.4 -17814.1 40164.1
4540 -35997.4 -17814.1 40164.1
4541 -35997.4 -17814.1 40164.1
4542 -35997.4 -17814.1 40164.1
4564 -35997.4 -11876.1 37905.9
4565 -35997.4 -11876.1 37905.9
4566 -35997.4 -11876.1 37905.9
4567 -35997.4 -11876.1 37905.9
4568 -35997.4 -11876.1 37905.9
4569 -35997.4 -11876.1 37905.9
4570 -35997.4 -11876.1 37905.9
4592 -35997.4 -5938.0 36483.9
4593 -35997.4 -5938.0 36483.9
4594 -35997.4 -5938.0 36483.9
4595 -35997.4 -5938.0 36483.9
4596 -35997.4 -5938.0 36483.9
4597 -35997.4 -5938.0 36483.9
4598 -35997.4 -5938.0 36483.9
4620 -35997.4 0.0 35997.4
4621 -35997.4 0.0 35997.4
4622 -35997.4 0.0 35997.4
4623 -35997.4 0.0 35997.4
4624 -35997.4 0.0 35997.4
4625 -35997.4 0.0 35997.4
4626 -35997.4 0.0 35997.4
4648 -35997.4 5938.0 36483.9
4649 -35997.4 5938.0 36483.9
4650 -35997.4 5938.0 36483.9
4651 -35997.4 5938.0 36483.9
4652 -35997.4 5938.0 36483.9
4653 -35997.4 5938.0 36483.9
4654 -35997.4 5938.0 36483.9
4676 -35997.4 11876.1 37905.9
4677 -35997.4 11876.1 37905.9
4678 -35997.4 11876.1 37905.9
4679 -35997.4 11876.1 37905.9
4680 -35997.4 11876.1 37905.9
4681 -35997.4 11876.1 37905.9
4682 -35997.4 11876.1 37905.9
4704 -35997.4 17814.1 40164.1
4705 -35997.4 17814.1 40164.1
4706 -35997.4 17814.1 40164.1
4707 -35997.4 17814.1 40164.1
4708 -35997.4 17814.1 40164.1
4709 -35997.4 17814.1 40164.1
4710 -35997.4 17814.1 40164.1
4732 -35997.4 23752.1 43127.5
4733 -35997.4 23752.1 43127.5
4734 -35997.4 23752.1 43127.5
4735 -35997.4 23752.1 43127.5
4736 -35997.4 23752.1 43127.5
4737 -35997.4 23752.1 43127.5
4738 -35997.4 23752.1 43127.5
4760 -35997.4 29690.2 46661.8
4761 -35997.4 29690.2 46661.8
4762 -35997.4 29690.2 46661.8
4763 -35997.4 29690.2 46661.8
4764 -35997.4 29690.2 46661.8
4765 -35997.4 29690.2 46661.8
4766 -35997.4 29690.2 46661.8
4788 -35997.4 35628.2 50647.6
4789 -35997.4 35628.2 50647.6
4790 -35997.4 35628.2 50647.6
4791 -35997.4 35628.2 50647.6
4792 -35997.4 35628.2 50647.6
4793 -35997.4 35628.2 50647.6
4794 -35997.4 35628.2 50647.6
4816 -35997.4 41566.2 54987.0
4817 -35997.4 41566.2 54987.0
4818 -35997.4 41566.2 54987.0
4819 -35997.4 41566.2 54987.0
4820 -35997.4 41566.2 54987.0
4821 -35997.4 41566.2 54987.0
4822 -35997.4 41566.2 54987.0
4844 -35997.4 47504.3 59602.6
4845 -35997.4 47504.3 59602.6
4846 -35997.4 47504.3 59602.6
4847 -35997.4 47504.3 59602.6
4848 -35997.4 47504.3 59602.6
4849 -35997.4 47504.3 59602.6
4850 -35997.4 47504.3 59602.6
4872 -34283.3 -44535.3 56202.6
4873 -34283.3 -44535.3 56202.6
4874 -34283.3 -44535.3 56202.6
4875 -34283.3 -44535.3 56202.6
4876 -34283.3 -44535.3 56202.6
4877 -34283.3 -44535.3 56202.6
4878 -34283.3 -44535.3 56202.6
4900 -34283.3 -38597.2 51624.5
4901 -34283.3 -38597.2 51624.5
4902 -34283.3 -38597.2 51624.5
4903 -34283.3 -38597.2 51624.5
4904 -34283.3 -38597.2 51624.5
4905 -34283.3 -38597.2 51624.5
4906 -34283.3 -38597.2 51624.5
4928 -34283.3 -32659.2 47349.4
4929 -34283.3 -32659.2 47349.4
4930 -34283.3 -32659.2 47349.4
4931 -34283.3 -32659.2 47349.4
4932 -34283.3 -32659.2 47349.4
4933 -34283.3 -32659.2 47349.4
4934 -34283.3 -32659.2 47349.4
4956 -34283.3 -26721.2 43466.8
4957 -34283.3 -26721.2 43466.8
4958 -34283.3 -26721.2 43466.8
4959 -34283.3 -26721.2 43466.8
4960 -34283.3 -26721.2 43466.8
4961 -34283.3 -26721.2 43466.8
4962 -34283.3 -26721.2 43466.8
4984 -34283.3 -20783.1 40090.9
4985 -34283.3 -20783.1 40090.9
4986 -34283.3 -20783.1 40090.9
4987 -34283.3 -20783.1 40090.9
4988 -34283.3 -20783.1 40090.9
4989 -34283.3 -20783.1 40090.9
4990 -34283.3 -20783.1 40090.9
5012 -34283.3 -14845.1 37359.3
5013 -34283.3 -14845.1 37359.3
5014 -34283.3 -14845.1 37359.3
5015 -34283.3 -14845.1 37359.3
5016 -34283.3 -14845.1 37359.3
5017 -34283.3 -14845.1 37359.3
5018 -34283.3 -14845.1 37359.3
5040 -34283.3 -8907.1 35421.4
5041 -34283.3 -8907.1 35421.4
5042 -34283.3 -8907.1 35421.4
5043 -34283.3 -8907.1 35421.4
5044 -34283.3 -8907.1 35421.4
5045 -34283.3 -8907.1 35421.4
5046 -34283.3 -8907.1 35421.4
5068 -34283.3 -2969.0 34411.6
5069 -34283.3 -2969.0 34411.6
5070 -34283.3 -2969.0 34411.6
5071 -34283.3 -2969.0 34411.6
5072 -34283.3 -2969.0 34411.6
5073 -34283.3 -2969.0 34411.6
5074 -34283.3 -2969.0 34411.6
5096 -34283.3 2969.0 34411.6
5097 -34283.3 2969.0 34411.6
5098 -34283.3 2969.0 34411.6
5099 -34283.3 2969.0 34411.6
5100 -34283.3 2969.0 34411.6
5101 -34283.3 2969.0 34411.6
5102 -34283.3 2969.0 34411.6
5124 -34283.3 8907.1 35421.4
5125 -34283.3 8907.1 35421.4
5126 -34283.3 8907.1 35421.4
5127 -34283.3 8907.1 35421.4
5128 -34283.3 8907.1 35421.4
5129 -34283.3 8907.1 35421.4
5130 -34283.3 8907.1 35421.4
5152 -34283.3 14845.1 37359.3
5153 -34283.3 14845.1 37359.3
5154 -34283.3 14845.1 37359.3
5155 -34283.3 14845.1 37359.3
5156 -34283.3 14845.1 37359.3
5157 -34283.3 14845.1 37359.3
5158 -34283.3 14845.1 37359.3
5180 -34283.3 20783.1 40090.9
5181 -34283.3 20783.1 40090.9
5182 -34283.3 20783.1 40090.9
5183 -34283.3 20783.1 40090.9
5184 -34283.3 20783.1 40090.9
5185 -34283.3 20783.1 40090.9
5186 -34283.3 20783.1 40090.9
5208 -34283.3 26721.2 43466.8
5209 -34283.3 26721.2 43466.8
5210 -34283.3 26721.2 43466.8
5211 -34283.3 26721.2 43466.8
5212 -34283.3 26721.2 43466.8
5213 -34283.3 26721.2 43466.8
5214 -34283.3 26721.2 43466.8
5236 -34283.3 32659.2 47349.4
5237 -34283.3 32659.2 47349.4
5238 -34283.3 32659.2 47349.4
5239 -34283.3 32659.2 47349.4
5240 -34283.3 32659.2 47349.4
5241 -34283.3 32659.2 47349.4
5242 -34283.3 32659.2 47349.4
5264 -34283.3 38597.2 51624.5
5265 -34283.3 38597.2 51624.5
5266 -34283.3 38597.2 51624.5
5267 -34283.3 38597.2 51624.5
5268 -34283.3 38597.2 51624.5
5269 -34283.3 38597.2 51624.5
5270 -34283.3 38597.2 51624.5
5292 -34283.3 44535.3 56202.6
5293 -34283.3 44535.3 56202.6
5294 -34283.3 44535.3 56202.6
5295 -34283.3 44535.3 56202.6
5296 -34283.3 44535.3 56202.6
5297 -34283.3 44535.3 56202.6
5298 -34283.3 44535.3 56202.6
5334 -32569.1 -47504.3 57596.9
5335 -32569.1 -47504.3 57596.9
5336 -32569.1 -47504.3 57596.9
5337 -32569.1 -47504.3 57596.9
5338 -32569.1 -47504.3 57596.9
5339 -32569.1 -47504.3 57596.9
5340 -32569.1 -47504.3 57596.9
5362 -32569.1 -41566.2 52806.2
5363 -32569.1 -41566.2 52806.2
5364 -32569.1 -41566.2 52806.2
5365 -32569.1 -41566.2 52806.2
5366 -32569.1 -41566.2 52806.2
5367 -32569.1 -41566.2 52806.2
5368 -32569.1 -41566.2 52806.2
5390 -32569.1 -35628.2 48271.3
5391 -32569.1 -35628.2 48271.3
5392 -32569.1 -35628.2 48271.3
5393 -32569.1 -35628.2 48271.3
5394 -32569.1 -35628.2 48271.3
5395 -32569.1 -35628.2 48271.3
5396 -32569.1 -35628.2 48271.3
5418 -32569.1 -29690.2 44071.0
5419 -32569.1 -29690.2 44071.0
5420 -32569.1 -29690.2 44071.0
5421 -32569.1 -29690.2 44071.0
5422 -32569.1 -29690.2 44071.0
5423 -32569.1 -29690.2 44071.0
5424 -32569.1 -29690.2 44071.0
5446 -32569.1 -23752.1 40310.2
5447 -32569.1 -23752.1 40310.2
5448 -32569.1 -23752.1 40310.2
5449 -32569.1 -23752.1 40310.2
5450 -32569.1 -23752.1 40310.2
5451 -32569.1 -23752.1 40310.2
5452 -32569.1 -23752.1 40310.2
5474 -32569.1 -17814.1 37122.6
5475 -32569.1 -17814.1 37122.6
5476 -32569.1 -17814.1 37122.6
5477 -32569.1 -17814.1 37122.6
5478 -32569.1 -17814.1 37122.6
5479 -32569.1 -17814.1 37122.6
5480 -32569.1 -17814.1 37122.6
5502 -32569.1 -11876.1 34666.8
5503 -32569.1 -11876.1 34666.8
5504 -32569.1 -11876.1 34666.8
5505 -32569.1 -11876.1 34666.8
5506 -32569.1 -11876.1 34666.8
5507 -32569.1 -11876.1 34666.8
5508 -32569.1 -11876.1 34666.8
5530 -32569.1 -5938.0 33106.0
5531 -32569.1 -5938.0 33106.0
5532 -32569.1 -5938.0 33106.0
5533 -32569.1 -5938.0 33106.0
5534 -32569.1 -5938.0 33106.0
5535 -32569.1 -5938.0 33106.0
5536 -32569.1 -5938.0 33106.0
5558 -32569.1 0.0 32569.1
5559 -32569.1 0.0 32569.1
5560 -32569.1 0.0 32569.1
5561 -32569.1 0.0 32569.1
5562 -32569.1 0.0 32569.1
5563 -32569.1 0.0 32569.1
5564 -32569.1 0.0 32569.1
5586 -32569.1 5938.0 33106.0
5587 -32569.1 5938.0 33106.0
5588 -32569.1 5938.0 33106.0
5589 -32569.1 5938.0 33106.0
5590 -32569.1 5938.0 33106.0
5591 -32569.1 5938.0 33106.0
5592 -32569.1 5938.0 33106.0
5614 -32569.1 11876.1 34666.8
5615 -32569.1 11876.1 34666.8
5616 -32569.1 11876.1 34666.8
5617 -32569.1 11876.1 34666.8
5618 -32569.1 11876.1 34666.8
5619 -32569.1 11876.1 34666.8
5620 -32569.1 11876.1 34666.8
5642 -32569.1 17814.1 37122.6
5643 -32569.1 17814.1 37122.6
5644 -32569.1 17814.1 37122.6
5645 -32569.1 17814.1 37122.6
5646 -32569.1 17814.1 37122.6
5647 -32569.1 17814.1 37122.6
5648 -32569.1 17814.1 37122.6
5670 -32569.1 23752.1 40310.2
5671 -32569.1 23752.1 40310.2
5672 -32569.1 23752.1 40310.2
5673 -32569.1 23752.1 40310.2
5674 -32569.1 23752.1 40310.2
5675 -32569.1 23752.1 40310.2
5676 -32569.1 23752.1 40310.2
5698 -32569.1 29690.2 44071.0
5699 -32569.1 29690.2 44071.0
5700 -32569.1 29690.2 44071.0
5701 -32569.1 29690.2 44071.0
5702 -32569.1 29690.2 44071.0
5703 -32569.1 29690.2 44071.0
5704 -32569.1 29690.2 44071.0
5726 -32569.1 35628.2 48271.3
5727 -32569.1 35628.2 48271.3
5728 -32569.1 35628.2 48271.3
5729 -32569.1 35628.2 48271.3
5730 -32569.1 35628.2 48271.3
5731 -32569.1 35628.2 48271.3
5732 -32569.1 35628.2 48271.3
5754 -32569.1 41566.2 52806.2
5755 -32569.1 41566.2 52806.2
5756 -32569.1 41566.2 52806.2
5757 -32569.1 41566.2 52806.2
5758 -32569.1 41566.2 52806.2
5759 -32569.1 41566.2 52806.2
5760 -32569.1 41566.2 52806.2
5782 -32569.1 47504.3 57596.9
5783 -32569.1 47504.3 57596.9
5784 -32569.1 47504.3 57596.9
5785 -32569.1 47504.3 57596.9
5786 -32569.1 47504.3 57596.9
5787 -32569.1 47504.3 57596.9
5788 -32569.1 47504.3 57596.9
5810 -30854.9 -50473.3 59157.3
5811 -30854.9 -50473.3 59157.3
5812 -30854.9 -50473.3 59157.3
5813 -30854.9 -50473.3 59157.3
5814 -30854.9 -50473.3 59157.3
5815 -30854.9 -50473.3 59157.3
5816 -30854.9 -50473.3 59157.3
5838 -30854.9 -44535.3 54179.5
5839 -30854.9 -44535.3 54179.5
5840 -30854.9 -44535.3 54179.5
5841 -30854.9 -44535.3 54179.5
5842 -30854.9 -44535.3 54179.5
5843 -30854.9 -44535.3 54179.5
5844 -30854.9 -44535.3 54179.5
5866 -30854.9 -38597.2 49414.3
5867 -30854.9 -38597.2 49414.3
5868 -30854.9 -38597.2 49414.3
5869 -30854.9 -38597.2 49414.3
5870 -30854.9 -38597.2 49414.3
5871 -30854.9 -38597.2 49414.3
5872 -30854.9 -38597.2 49414.3
5894 -30854.9 -32659.2 44929.4
5895 -30854.9 -32659.2 44929.4
5896 -30854.9 -32659.2 44929.4
5897 -30854.9 -32659.2 44929.4
5898 -30854.9 -32659.2 44929.4
5899 -30854.9 -32659.2 44929.4
5900 -30854.9 -32659.2 44929.4
5922 -30854.9 -26721.2 40817.2
5923 -30854.9 -26721.2 40817.2
5924 -30854.9 -26721.2 40817.2
5925 -30854.9 -26721.2 40817.2
5926 -30854.9 -26721.2 40817.2
5927 -30854.9 -26721.2 40817.2
5928 -30854.9 -26721.2 40817.2
5950 -30854.9 -20783.1 37201.7
5951 -30854.9 -20783.1 37201.7
5952 -30854.9 -20783.1 37201.7
5953 -30854.9 -20783.1 37201.7
5954 -30854.9 -20783.1 37201.7
5955 -30854.9 -20783.1 37201.7
5956 -30854.9 -20783.1 37201.7
5978 -30854.9 -14845.1 34240.4
5979 -30854.9 -14845.1 34240.4
5980 -30854.9 -14845.1 34240.4
5981 -30854.9 -14845.1 34240.4
5982 -30854.9 -14845.1 34240.4
5983 -30854.9 -14845.1 34240.4
5984 -30854.9 -14845.1 34240.4
6006 -30854.9 -8907.1 32114.8
6007 -30854.9 -8907.1 32114.8
6008 -30854.9 -8907.1 32114.8
6009 -30854.9 -8907.1 32114.8
6010 -30854.9 -8907.1 32114.8
6011 -30854.9 -8907.1 32114.8
6012 -30854.9 -8907.1 32114.8
6034 -30854.9 -2969.0 30997.5
6035 -30854.9 -2969.0 30997.5
6036 -30854.9 -2969.0 30997.5
6037 -30854.9 -2969.0 30997.5
6038 -30854.9 -2969.0 30997.5
6039 -30854.9 -2969.0 30997.5
6040 -30854.9 -2969.0 30997.5
6062 -30854.9 2969.0 30997.5
6063 -30854.9 2969.0 30997.5
6064 -30854.9 2969.0 30997.5
6065 -30854.9 2969.0 30997.5
6066 -30854.9 2969.0 30997.5
6067 -30854.9 2969.0 30997.5
6068 -30854.9 2969.0 30997.5
6090 -30854.9 8907.1 32114.8
6091 -30854.9 8907.1 32114.8
6092 -30854.9 8907.1 32114.8
6093 -30854.9 8907.1 32114.8
6094 -30854.9 8907.1 32114.8
6095 -30854.9 8907.1 32114.8
6096 -30854.9 8907.1 32114.8
6118 -30854.9 14845.1 34240.4
6119 -30854.9 14845.1 34240.4
6120 -30854.9 14845.1 34240.4
6121 -30854.9 14845.1 34240.4
6122 -30854.9 14845.1 34240.4
6123 -30854.9 14845.1 34240.4
6124 -30854.9 14845.1 34240.4
6146 -30854.9 20783.1 37201.7
6147 -30854.9 20783.1 37201.7
6148 -30854.9 20783.1 37201.7
6149 -30854.9 20783.1 37201.7
6150 -30854.9 20783.1 37201.7
6151 -30854.9 20783.1 37201.7
6152 -30854.9 20783.1 37201.7
6174 -30854.9 26721.2 40817.2
6175 -30854.9 26721.2 40817.2
6176 -30854.9 26721.2 40817.2
6177 -30854.9 26721.2 40817.2
6178 -30854.9 26721.2 40817.2
6179 -30854.9 26721.2 40817.2
6180 -30854.9 26721.2 40817.2
6202 -30854.9 32659.2 44929.4
6203 -30854.9 32659.2 44929.4
6204 -30854.9 32659.2 44929.4
6205 -30854.9 32659.2 44929.4
6206 -30854.9 32659.2 44929.4
6207 -30854.9 32659.2 44929.4
6208 -30854.9 32659.2 44929.4
6230 -30854.9 38597.2 49414.3
6231 -30854.9 38597.2 49414.3
6232 -30854.9 38597.2 49414.3
6233 -30854.9 38597.2 49414.3
6234 -30854.9 38597.2 49414.3
6235 -30854.9 38597.2 49414.3
6236 -30854.9 38597.2 49414.3
6258 -30854.9 44535.3 54179.5
6259 -30854.9 44535.3 54179.5
6260 -30854.9 44535.3 54179.5
6261 -30854.9 44535.3 54179.5
6262 -30854.9 44535.3 54179.5
6263 -30854.9 44535.3 54179.5
6264 -30854.9 44535.3 54179.5
6286 -30854.9 50473.3 59157.3
6287 -30854.9 50473.3 59157.3
6288 -30854.9 50473.3 59157.3
6289 -30854.9 50473.3 59157.3
6290 -30854.9 50473.3 59157.3
6291 -30854.9 50473.3 59157.3
6292 -30854.9 50473.3 59157.3
6321 -29140.8 -47504.3 55730.1
6322 -29140.8 -47504.3 55730.1
6323 -29140.8 -47504.3 55730.1
6324 -29140.8 -47504.3 55730.1
6325 -29140.8 -47504.3 55730.1
6326 -29140.8 -47504.3 55730.1
6327 -29140.8 -47504.3 55730.1
6349 -29140.8 -41566.2 50763.5
6350 -29140.8 -41566.2 50763.5
6351 -29140.8 -41566.2 50763.5
6352 -29140.8 -41566.2 50763.5
6353 -29140.8 -41566.2 50763.5
6354 -29140.8 -41566.2 50763.5
6355 -29140.8 -41566.2 50763.5
6377 -29140.8 -35628.2 46027.8
6378 -29140.8 -35628.2 46027.8
6379 -29140.8 -35628.2 46027.8
6380 -29140.8 -35628.2 46027.8
6381 -29140.8 -35628.2 46027.8
6382 -29140.8 -35628.2 46027.8
6383 -29140.8 -35628.2 46027.8
6405 -29140.8 -29690.2 41601.6
6406 -29140.8 -29690.2 41601.6
6407 -29140.8 -29690.2 41601.6
6408 -29140.8 -29690.2 41601.6
6409 -29140.8 -29690.2 41601.6
6410 -29140.8 -29690.2 41601.6
6411 -29140.8 -29690.2 41601.6
6433 -29140.8 -23752.1 37594.5
6434 -29140.8 -23752.1 37594.5
6435 -29140.8 -23752.1 37594.5
6436 -29140.8 -23752.1 37594.5
6437 -29140.8 -23752.1 37594.5
6438 -29140.8 -23752.1 37594.5
6439 -29140.8 -23752.1 37594.5
6461 -29140.8 -17814.1 34154.5
6462 -29140.8 -17814.1 34154.5
6463 -29140.8 -17814.1 34154.5
6464 -29140.8 -17814.1 34154.5
6465 -29140.8 -17814.1 34154.5
6466 -29140.8 -17814.1 34154.5
6467 -29140.8 -17814.1 34154.5
6489 -29140.8 -11876.1 31467.9
6490 -29140.8 -11876.1 31467.9
6491 -29140.8 -11876.1 31467.9
6492 -29140.8 -11876.1 31467.9
6493 -29140.8 -11876.1 31467.9
6494 -29140.8 -11876.1 31467.9
6495 -29140.8 -11876.1 31467.9
6517 -29140.8 -5938.0 29739.6
6518 -29140.8 -5938.0 29739.6
6519 -29140.8 -5938.0 29739.6
6520 -29140.8 -5938.0 29739.6
6521 -29140.8 -5938.0 29739.6
6522 -29140.8 -5938.0 29739.6
6523 -29140.8 -5938.0 29739.6
6545 -29140.8 0.0 29140.8
6546 -29140.8 0.0 29140.8
6547 -29140.8 0.0 29140.8
6548 -29140.8 0.0 29140.8
6549 -29140.8 0.0 29140.8
6550 -29140.8 0.0 29140.8
6551 -29140.8 0.0 29140.8
6573 -29140.8 5938.0 29739.6
6574 -29140.8 5938.0 29739.6
6575 -29140.8 5938.0 29739.6
6576 -29140.8 5938.0 29739.6
6577 -29140.8 5938.0 29739.6
6578 -29140.8 5938.0 29739.6
6579 -29140.8 5938.0 29739.6
6601 -29140.8 11876.1 31467.9
6602 -29140.8 11876.1 31467.9
6603 -29140.8 11876.1 31467.9
6604 -29140.8 11876.1 31467.9
6605 -29140.8 11876.1 31467.9
6606 -29140.8 11876.1 31467.9
6607 -29140.8 11876.1 31467.9
6629 -29140.8 17814.1 34154.5
6630 -29140.8 17814.1 34154.5
6631 -29140.8 17814.1 34154.5
6632 -29140.8 17814.1 34154.5
6633 -29140.8 17814.1 34154.5
6634 -29140.8 17814.1 34154.5
6635 -29140.8 17814.1 34154.5
6657 -29140.8 23752.1 37594.5
6658 -29140.8 23752.1 37594.5
6659 -29140.8 23752.1 37594.5
6660 -29140.8 23752.1 37594.5
6661 -29140.8 23752.1 37594.5
6662 -29140.8 23752.1 37594.5
6663 -29140.8 23752.1 37594.5
6685 -29140.8 29690.2 41601.6
6686 -29140.8 29690.2 41601.6
6687 -29140.8 29690.2 41601.6
6688 -29140.8 29690.2 41601.6
6689 -29140.8 29690.2 41601.6
6690 -29140.8 29690.2 41601.6
6691 -29140.8 29690.2 41601.6
6713 -29140.8 35628.2 46027.8
6714 -29140.8 35628.2 46027.8
6715 -29140.8 35628.2 46027.8
6716 -29140.8 35628.2 46027.8
6717 -29140.8 35628.2 46027.8
6718 -29140.8 35628.2 46027.8
6719 -29140.8 35628.2 46027.8
6741 -29140.8 41566.2 50763.5
6742 -29140.8 41566.2 50763.5
6743 -29140.8 41566.2 50763.5
6744 -29140.8 41566.2 50763.5
6745 -29140.8 41566.2 50763.5
6746 -29140.8 41566.2 50763.5
6747 -29140.8 41566.2 50763.5
6769 -29140.8 47504.3 55730.1
6770 -29140.8 47504.3 55730.1
6771 -29140.8 47504.3 55730.1
6772 -29140.8 47504.3 55730.1
6773 -29140.8 47504.3 55730.1
6774 -29140.8 47504.3 55730.1
6775 -29140.8 47504.3 55730.1
6811 -27426.6 -50473.3 57443.6
6812 -27426.6 -50473.3 57443.6
6813 -27426.6 -50473.3 57443.6
6814 -27426.6 -50473.3 57443.6
6815 -27426.6 -50473.3 57443.6
6816 -27426.6 -50473.3 57443.6
6817 -27426.6 -50473.3 57443.6
6839 -27426.6 -44535.3 52303.0
6840 -27426.6 -44535.3 52303.0
6841 -27426.6 -44535.3 52303.0
6842 -27426.6 -44535.3 52303.0
6843 -27426.6 -44535.3 52303.0
6844 -27426.6 -44535.3 52303.0
6845 -27426.6 -44535.3 52303.0
6867 -27426.6 -38597.2 47349.4
6868 -27426.6 -38597.2 47349.4
6869 -27426.6 -38597.2 47349.4
6870 -27426.6 -38597.2 47349.4
6871 -27426.6 -38597.2 47349.4
6872 -27426.6 -38597.2 47349.4
6873 -27426.6 -38597.2 47349.4
6895 -27426.6 -32659.2 42647.9
6896 -27426.6 -32659.2 42647.9
6897 -27426.6 -32659.2 42647.9
6898 -27426.6 -32659.2 42647.9
6899 -27426.6 -32659.2 42647.9
6900 -27426.6 -32659.2 42647.9
6901 -27426.6 -32659.2 42647.9
6923 -27426.6 -26721.2 38291.5
6924 -27426.6 -26721.2 38291.5
6925 -27426.6 -26721.2 38291.5
6926 -27426.6 -26721.2 38291.5
6927 -27426.6 -26721.2 38291.5
6928 -27426.6 -26721.2 38291.5
6929 -27426.6 -26721.2 38291.5
6951 -27426.6 -20783.1 34411.6
6952 -27426.6 -20783.1 34411.6
6953 -27426.6 -20783.1 34411.6
6954 -27426.6 -20783.1 34411.6
6955 -27426.6 -20783.1 34411.6
6956 -27426.6 -20783.1 34411.6
6957 -27426.6 -20783.1 34411.6
6979 -27426.6 -14845.1 31186.5
6980 -27426.6 -14845.1 31186.5
6981 -27426.6 -14845.1 31186.5
6982 -27426.6 -14845.1 31186.5
6983 -27426.6 -14845.1 31186.5
6984 -27426.6 -14845.1 31186.5
6985 -27426.6 -14845.1 31186.5
7007 -27426.6 -8907.1 28836.7
7008 -27426.6 -8907.1 28836.7
7009 -27426.6 -8907.1 28836.7
7010 -27426.6 -8907.1 28836.7
7011 -27426.6 -8907.1 28836.7
7012 -27426.6 -8907.1 28836.7
7013 -27426.6 -8907.1 28836.7
7035 -27426.6 -2969.0 27586.8
7036 -27426.6 -2969.0 27586.8
7037 -27426.6 -2969.0 27586.8
7038 -27426.6 -2969.0 27586.8
7039 -27426.6 -2969.0 27586.8
7040 -27426.6 -2969.0 27586.8
7041 -27426.6 -2969.0 27586.8
7063 -27426.6 2969.0 27586.8
7064 -27426.6 2969.0 27586.8
7065 -27426.6 2969.0 27586.8
7066 -27426.6 2969.0 27586.8
7067 -27426.6 2969.0 27586.8
7068 -27426.6 2969.0 27586.8
7069 -27426.6 2969.0 27586.8
7091 -27426.6 8907.1 28836.7
7092 -27426.6 8907.1 28836.7
7093 -27426.6 8907.1 28836.7
7094 -27426.6 8907.1 28836.7
7095 -27426.6 8907.1 28836.7
7096 -27426.6 8907.1 28836.7
7097 -27426.6 8907.1 28836.7
7119 -27426.6 14845.1 31186.5
7120 -27426.6 14845.1 31186.5
7121 -27426.6 14845.1 31186.5
7122 -27426.6 14845.1 31186.5
7123 -27426.6 14845.1 31186.5
7124 -27426.6 14845.1 31186.5
7125 -27426.6 14845.1 31186.5
7147 -27426.6 20783.1 34411.6
7148 -27426.6 20783.1 34411.6
7149 -27426.6 20783.1 34411.6
7150 -27426.6 20783.1 34411.6
7151 -27426.6 20783.1 34411.6
7152 -27426.6 20783.1 34411.6
7153 -27426.6 20783.1 34411.6
7175 -27426.6 26721.2 38291.5
7176 -27426.6 26721.2 38291.5
7177 -27426.6 26721.2 38291.5
7178 -27426.6 26721.2 38291.5
7179 -27426.6 26721.2 38291.5
7180 -27426.6 26721.2 38291.5
7181 -27426.6 26721.2 38291.5
7203 -27426.6 32659.2 42647.9
7204 -27426.6 32659.2 42647.9
7205 -27426.6 32659.2 42647.9
7206 -27426.6 32659.2 42647.9
7207 -27426.6 32659.2 42647.9
7208 -27426.6 32659.2 42647.9
7209 -27426.6 32659.2 42647.9
7231 -27426.6 38597.2 47349.4
7232 -27426.6 38597.2 47349.4
7233 -27426.6 38597.2 47349.4
7234 -27426.6 38597.2 47349.4
7235 -27426.6 38597.2 47349.4
7236 -27426.6 38597.2 47349.4
7237 -27426.6 38597.2 47349.4
7259 -27426.6 44535.3 52303.0
7260 -27426.6 44535.3 52303.0
7261 -27426.6 44535.3 52303.0
7262 -27426.6 44535.3 52303.0
7263 -27426.6 44535.3 52303.0
7264 -27426.6 44535.3 52303.0
7265 -27426.6 44535.3 52303.0
7287 -27426.6 50473.3 57443.6
7288 -27426.6 50473.3 57443.6
7289 -27426.6 50473.3 57443.6
7290 -27426.6 50473.3 57443.6
7291 -27426.6 50473.3 57443.6
7292 -27426.6 50473.3 57443.6
7293 -27426.6 50473.3 57443.6
7308 -25712.4 -53442.3 59306.1
7309 -25712.4 -53442.3 59306.1
7310 -25712.4 -53442.3 59306.1
7311 -25712.4 -53442.3 59306.1
7312 -25712.4 -53442.3 59306.1
7313 -25712.4 -53442.3 59306.1
7314 -25712.4 -53442.3 59306.1
7336 -25712.4 -47504.3 54016.5
7337 -25712.4 -47504.3 54016.5
7338 -25712.4 -47504.3 54016.5
7339 -25712.4 -47504.3 54016.5
7340 -25712.4 -47504.3 54016.5
7341 -25712.4 -47504.3 54016.5
7342 -25712.4 -47504.3 54016.5
7364 -25712.4 -41566.2 48876.2
7365 -25712.4 -41566.2 48876.2
7366 -25712.4 -41566.2 48876.2
7367 -25712.4 -41566.2 48876.2
7368 -25712.4 -41566.2 48876.2
7369 -25712.4 -41566.2 48876.2
7370 -25712.4 -41566.2 48876.2
7392 -25712.4 -35628.2 43937.4
7393 -25712.4 -35628.2 43937.4
7394 -25712.4 -35628.2 43937.4
7395 -25712.4 -35628.2 43937.4
7396 -25712.4 -35628.2 43937.4
7397 -25712.4 -35628.2 43937.4
7398 -25712.4 -35628.2 43937.4
7420 -25712.4 -29690.2 39276.4
7421 -25712.4 -29690.2 39276.4
7422 -25712.4 -29690.2 39276.4
7423 -25712.4 -29690.2 39276.4
7424 -25712.4 -29690.2 39276.4
7425 -25712.4 -29690.2 39276.4
7426 -25712.4 -29690.2 39276.4
7448 -25712.4 -23752.1 35004.2
7449 -25712.4 -23752.1 35004.2
7450 -25712.4 -23752.1 35004.2
7451 -25712.4 -23752.1 35004.2
7452 -25712.4 -23752.1 35004.2
7453 -25712.4 -23752.1 35004.2
7454 -25712.4 -23752.1 35004.2
7476 -25712.4 -17814.1 31280.5
7477 -25712.4 -17814.1 31280.5
7478 -25712.4 -17814.1 31280.5
7479 -25712.4 -17814.1 31280.5
7480 -25712.4 -17814.1 31280.5
7481 -25712.4 -17814.1 31280.5
7482 -25712.4 -17814.1 31280.5
7504 -25712.4 -11876.1 28322.6
7505 -25712.4 -11876.1 28322.6
7506 -25712.4 -11876.1 28322.6
7507 -25712.4 -11876.1 28322.6
7508 -25712.4 -11876.1 28322.6
7509 -25712.4 -11876.1 28322.6
7510 -25712.4 -11876.1 28322.6
7532 -25712.4 -5938.0 26389.2
7533 -25712.4 -5938.0 26389.2
7534 -25712.4 -5938.0 26389.2
7535 -25712.4 -5938.0 26389.2
7536 -25712.4 -5938.0 26389.2
7537 -25712.4 -5938.0 26389.2
7538 -25712.4 -5938.0 26389.2
7560 -25712.4 0.0 25712.4
7561 -25712.4 0.0 25712.4
7562 -25712.4 0.0 25712.4
7563 -25712.4 0.0 25712.4
7564 -25712.4 0.0 25712.4
7565 -25712.4 0.0 25712.4
7566 -25712.4 0.0 25712.4
7588 -25712.4 5938.0 26389.2
7589 -25712.4 5938.0 26389.2
7590 -25712.4 5938.0 26389.2
7591 -25712.4 5938.0 26389.2
7592 -25712.4 5938.0 26389.2
7593 -25712.4 5938.0 26389.2
7594 -25712.4 5938.0 26389.2
7616 -25712.4 11876.1 28322.6
7617 -25712.4 11876.1 28322.6
7618 -25712.4 11876.1 28322.6
7619 -25712.4 11876.1 28322.6
7620 -25712.4 11876.1 28322.6
7621 -25712.4 11876.1 28322.6
7622 -25712.4 11876.1 28322.6
7644 -25712.4 17814.1 31280.5
7645 -25712.4 17814.1 31280.5
7646 -25712.4 17814.1 31280.5
7647 -25712.4 17814.1 31280.5
7648 -25712.4 17814.1 31280.5
7649 -25712.4 17814.1 31280.5
7650 -25712.4 17814.1 31280.5
7672 -25712.4 23752.1 35004.2
7673 -25712.4 23752.1 35004.2
7674 -25712.4 23752.1 35004.2
7675 -25712.4 23752.1 35004.2
7676 -25712.4 23752.1 35004.2
7677 -25712.4 23752.1 35004.2
7678 -25712.4 23752.1 35004.2
7700 -25712.4 29690.2 39276.4
7701 -25712.4 29690.2 39276.4
7702 -25712.4 29690.2 39276.4
7703 -25712.4 29690.2 39276.4
7704 -25712.4 29690.2 39276.4
7705 -25712.4 29690.2 39276.4
7706 -25712.4 29690.2 39276.4
7728 -25712.4 35628.2 43937.4
7729 -25712.4 35628.2 43937.4
7730 -25712.4 35628.2 43937.4
7731 -25712.4 35628.2 43937.4
7732 -25712.4 35628.2 43937.4
7733 -25712.4 35628.2 43937.4
7734 -25712.4 35628.2 43937.4
7756 -25712.4 41566.2 48876.2
7757 -25712.4 41566.2 48876.2
7758 -25712.4 41566.2 48876.2
7759 -25712.4 41566.2 48876.2
7760 -25712.4 41566.2 48876.2
7761 -25712.4 41566.2 48876.2
7762 -25712.4 41566.2 48876.2
7784 -25712.4 47504.3 54016.5
7785 -25712.4 47504.3 54016.5
7786 -25712.4 47504.3 54016.5
7787 -25712.4 47504.3 54016.5
7788 -25712.4 47504.3 54016.5
7789 -25712.4 47504.3 54016.5
7790 -25712.4 47504.3 54016.5
7812 -25712.4 53442.3 59306.1
7813 -25712.4 53442.3 59306.1
7814 -25712.4 53442.3 59306.1
7815 -25712.4 53442.3 59306.1
7816 -25712.4 53442.3 59306.1
7817 -25712.4 53442.3 59306.1
7818 -25712.4 53442.3 59306.1
7840 -23998.3 -50473.3 55888.0
7841 -23998.3 -50473.3 55888.0
7842 -23998.3 -50473.3 55888.0
7843 -23998.3 -50473.3 55888.0
7844 -23998.3 -50473.3 55888.0
7845 -23998.3 -50473.3 55888.0
7846 -23998.3 -50473.3 55888.0
7868 -23998.3 -44535.3 50589.6
7869 -23998.3 -44535.3 50589.6
7870 -23998.3 -44535.3 50589.6
7871 -23998.3 -44535.3 50589.6
7872 -23998.3 -44535.3 50589.6
7873 -23998.3 -44535.3 50589.6
7874 -23998.3 -44535.3 50589.6
7896 -23998.3 -38597.2 45449.6
7897 -23998.3 -38597.2 45449.6
7898 -23998.3 -38597.2 45449.6
7899 -23998.3 -38597.2 45449.6
7900 -23998.3 -38597.2 45449.6
7901 -23998.3 -38597.2 45449.6
7902 -23998.3 -38597.2 45449.6
7924 -23998.3 -32659.2 40528.3
7925 -23998.3 -32659.2 40528.3
7926 -23998.3 -32659.2 40528.3
7927 -23998.3 -32659.2 40528.3
7928 -23998.3 -32659.2 40528.3
7929 -23998.3 -32659.2 40528.3
7930 -23998.3 -32659.2 40528.3
7952 -23998.3 -26721.2 35915.7
7953 -23998.3 -26721.2 35915.7
7954 -23998.3 -26721.2 35915.7
7955 -23998.3 -26721.2 35915.7
7956 -23998.3 -26721.2 35915.7
7957 -23998.3 -26721.2 35915.7
7958 -23998.3 -26721.2 35915.7
7980 -23998.3 -20783.1 31746.7
7981 -23998.3 -20783.1 31746.7
7982 -23998.3 -20783.1 31746.7
7983 -23998.3 -20783.1 31746.7
7984 -23998.3 -20783.1 31746.7
7985 -23998.3 -20783.1 31746.7
7986 -23998.3 -20783.1 31746.7
8008 -23998.3 -14845.1 28218.7
8009 -23998.3 -14845.1 28218.7
8010 -23998.3 -14845.1 28218.7
8011 -23998.3 -14845.1 28218.7
8012 -23998.3 -14845.1 28218.7
8013 -23998.3 -14845.1 28218.7
8014 -23998.3 -14845.1 28218.7
8036 -23998.3 -8907.1 25597.9
8037 -23998.3 -8907.1 25597.9
8038 -23998.3 -8907.1 25597.9
8039 -23998.3 -8907.1 25597.9
8040 -23998.3 -8907.1 25597.9
8041 -23998.3 -8907.1 25597.9
8042 -23998.3 -8907.1 25597.9
8064 -23998.3 -2969.0 24181.2
8065 -23998.3 -2969.0 24181.2
8066 -23998.3 -2969.0 24181.2
8067 -23998.3 -2969.0 24181.2
8068 -23998.3 -2969.0 24181.2
8069 -23998.3 -2969.0 24181.2
8070 -23998.3 -2969.0 24181.2
8092 -23998.3 2969.0 24181.2
8093 -23998.3 2969.0 24181.2
8094 -23998.3 2969.0 24181.2
8095 -23998.3 2969.0 24181.2
8096 -23998.3 2969.0 24181.2
8097 -23998.3 2969.0 24181.2
8098 -23998.3 2969.0 24181.2
8120 -23998.3 8907.1 25597.9
8121 -23998.3 8907.1 25597.9
8122 -23998.3 8907.1 25597.9
8123 -23998.3 8907.1 25597.9
8124 -23998.3 8907.1 25597.9
8125 -23998.3 8907.1 25597.9
8126 -23998.3 8907.1 25597.9
8148 -23998.3 14845.1 28218.7
8149 -23998.3 14845.1 28218.7
8150 -23998.3 14845.1 28218.7
8151 -23998.3 14845.1 28218.7
8152 -23998.3 14845.1 28218.7
8153 -23998.3 14845.1 28218.7
8154 -23998.3 14845.1 28218.7
8176 -23998.3 20783.1 31746.7
8177 -23998.3 20783.1 31746.7
8178 -23998.3 20783.1 31746.7
8179 -23998.3 20783.1 31746.7
8180 -23998.3 20783.1 31746.7
8181 -23998.3 20783.1 31746.7
8182 -23998.3 20783.1 31746.7
8204 -23998.3 26721.2 35915.7
8205 -23998.3 26721.2 35915.7
8206 -23998.3 26721.2 35915.7
8207 -23998.3 26721.2 35915.7
8208 -23998.3 26721.2 35915.7
8209 -23998.3 26721.2 35915.7
8210 -23998.3 26721.2 35915.7
8232 -23998.3 32659.2 40528.3
8233 -23998.3 32659.2 40528.3
8234 -23998.3 32659.2 40528.3
8235 -23998.3 32659.2 40528.3
8236 -23998.3 32659.2 40528.3
8237 -23998.3 32659.2 40528.3
8238 -23998.3 32659.2 40528.3
8260 -23998.3 38597.2 45449.6
8261 -23998.3 38597.2 45449.6
8262 -23998.3 38597.2 45449.6
8263 -23998.3 38597.2 45449.6
8264 -23998.3 38597.2 45449.6
8265 -23998.3 38597.2 45449.6
8266 -23998.3 38597.2 45449.6
8288 -23998.3 44535.3 50589.6
8289 -23998.3 44535.3 50589.6
8290 -23998.3 44535.3 50589.6
8291 -23998.3 44535.3 50589.6
8292 -23998.3 44535.3 50589.6
8293 -23998.3 44535.3 50589.6
8294 -23998.3 44535.3 50589.6
8316 -23998.3 50473.3 55888.0
8317 -23998.3 50473.3 55888.0
8318 -23998.3 50473.3 55888.0
8319 -23998.3 50473.3 55888.0
8320 -23998.3 50473.3 55888.0
8321 -23998.3 50473.3 55888.0
8322 -23998.3 50473.3 55888.0
8351 -22284.1 -53442.3 57902.2
8352 -22284.1 -53442.3 57902.2
8353 -22284.1 -53442.3 57902.2
8354 -22284.1 -53442.3 57902.2
8355 -22284.1 -53442.3 57902.2
8356 -22284.1 -53442.3 57902.2
8357 -22284.1 -53442.3 57902.2
8379 -22284.1 -47504.3 52471.3
8380 -22284.1 -47504.3 52471.3
8381 -22284.1 -47504.3 52471.3
8382 -22284.1 -47504.3 52471.3
8383 -22284.1 -47504.3 52471.3
8384 -22284.1 -47504.3 52471.3
8385 -22284.1 -47504.3 52471.3
8407 -22284.1 -41566.2 47162.9
8408 -22284.1 -41566.2 47162.9
8409 -22284.1 -41566.2 47162.9
8410 -22284.1 -41566.2 47162.9
8411 -22284.1 -41566.2 47162.9
8412 -22284.1 -41566.2 47162.9
8413 -22284.1 -41566.2 47162.9
8435 -22284.1 -35628.2 42023.2
8436 -22284.1 -35628.2 42023.2
8437 -22284.1 -35628.2 42023.2
8438 -22284.1 -35628.2 42023.2
8439 -22284.1 -35628.2 42023.2
8440 -22284.1 -35628.2 42023.2
8441 -22284.1 -35628.2 42023.2
8463 -22284.1 -29690.2 37122.6
8464 -22284.1 -29690.2 37122.6
8465 -22284.1 -29690.2 37122.6
8466 -22284.1 -29690.2 37122.6
8467 -22284.1 -29690.2 37122.6
8468 -22284.1 -29690.2 37122.6
8469 -22284.1 -29690.2 37122.6
8491 -22284.1 -23752.1 32569.1
8492 -22284.1 -23752.1 32569.1
8493 -22284.1 -23752.1 32569.1
8494 -22284.1 -23752.1 32569.1
8495 -22284.1 -23752.1 32569.1
8496 -22284.1 -23752.1 32569.1
8497 -22284.1 -23752.1 32569.1
8519 -22284.1 -17814.1 28529.4
8520 -22284.1 -17814.1 28529.4
8521 -22284.1 -17814.1 28529.4
8522 -22284.1 -17814.1 28529.4
8523 -22284.1 -17814.1 28529.4
8524 -22284.1 -17814.1 28529.4
8525 -22284.1 -17814.1 28529.4
8547 -22284.1 -11876.1 25251.2
8548 -22284.1 -11876.1 25251.2
8549 -22284.1 -11876.1 25251.2
8550 -22284.1 -11876.1 25251.2
8551 -22284.1 -11876.1 25251.2
8552 -22284.1 -11876.1 25251.2
8553 -22284.1 -11876.1 25251.2
8575 -22284.1 -5938.0 23061.7
8576 -22284.1 -5938.0 23061.7
8577 -22284.1 -5938.0 23061.7
8578 -22284.1 -5938.0 23061.7
8579 -22284.1 -5938.0 23061.7
8580 -22284.1 -5938.0 23061.7
8581 -22284.1 -5938.0 23061.7
8603 -22284.1 0.0 22284.1
8604 -22284.1 0.0 22284.1
8605 -22284.1 0.0 22284.1
8606 -22284.1 0.0 22284.1
8607 -22284.1 0.0 22284.1
8608 -22284.1 0.0 22284.1
8609 -22284.1 0.0 22284.1
8631 -22284.1 5938.0 23061.7
8632 -22284.1 5938.0 23061.7
8633 -22284.1 5938.0 23061.7
8634 -22284.1 5938.0 23061.7
8635 -22284.1 5938.0 23061.7
8636 -22284.1 5938.0 23061.7
8637 -22284.1 5938.0 23061.7
8659 -22284.1 11876.1 25251.2
8660 -22284.1 11876.1 25251.2
8661 -22284.1 11876.1 25251.2
8662 -22284.1 11876.1 25251.2
8663 -22284.1 11876.1 25251.2
8664 -22284.1 11876.1 25251.2
8665 -22284.1 11876.1 25251.2
8687 -22284.1 17814.1 28529.4
8688 -22284.1 17814.1 28529.4
8689 -22284.1 17814.1 28529.4
8690 -22284.1 17814.1 28529.4
8691 -22284.1 17814.1 28529.4
8692 -22284.1 17814.1 28529.4
8693 -22284.1 17814.1 28529.4
8715 -22284.1 23752.1 32569.1
8716 -22284.1 23752.1 32569.1
8717 -22284.1 23752.1 32569.1
8718 -22284.1 23752.1 32569.1
8719 -22284.1 23752.1 32569.1
8720 -22284.1 23752.1 32569.1
8721 -22284.1 23752.1 32569.1
8743 -22284.1 29690.2 37122.6
8744 -22284.1 29690.2 37122.6
8745 -22284.1 29690.2 37122.6
8746 -22284.1 29690.2 37122.6
8747 -22284.1 29690.2 37122.6
8748 -22284.1 29690.2 37122.6
8749 -22284.1 29690.2 37122.6
8771 -22284.1 35628.2 42023.2
8772 -22284.1 35628.2 42023.2
8773 -22284.1 35628.2 42023.2
8774 -22284.1 35628.2 42023.2
8775 -22284.1 35628.2 42023.2
8776 -22284.1 35628.2 42023.2
8777 -22284.1 35628.2 42023.2
8799 -22284.1 41566.2 47162.9
8800 -22284.1 41566.2 47162.9
8801 -22284.1 41566.2 47162.9
8802 -22284.1 41566.2 47162.9
8803 -22284.1 41566.2 47162.9
8804 -22284.1 41566.2 47162.9
8805 -22284.1 41566.2 47162.9
8827 -22284.1 47504.3 52471.3
8828 -22284.1 47504.3 52471.3
8829 -22284.1 47504.3 52471.3
8830 -22284.1 47504.3 52471.3
8831 -22284.1 47504.3 52471.3
8832 -22284.1 47504.3 52471.3
8833 -22284.1 47504.3 52471.3
8855 -22284.1 53442.3 57902.2
8856 -22284.1 53442.3 57902.2
8857 -22284.1 53442.3 57902.2
8858 -22284.1 53442.3 57902.2
8859 -22284.1 53442.3 57902.2
8860 -22284.1 53442.3 57902.2
8861 -22284.1 53442.3 57902.2
8869 -20570.0 -56411.3 60044.7
8870 -20570.0 -56411.3 60044.7
8871 -20570.0 -56411.3 60044.7
8872 -20570.0 -56411.3 60044.7
8873 -20570.0 -56411.3 60044.7
8874 -20570.0 -56411.3 60044.7
8875 -20570.0 -56411.3 60044.7
8897 -20570.0 -50473.3 54503.9
8898 -20570.0 -50473.3 54503.9
8899 -20570.0 -50473.3 54503.9
8900 -20570.0 -50473.3 54503.9
8901 -20570.0 -50473.3 54503.9
8902 -20570.0 -50473.3 54503.9
8903 -20570.0 -50473.3 54503.9
8925 -20570.0 -44535.3 49056.2
8926 -20570.0 -44535.3 49056.2
8927 -20570.0 -44535.3 49056.2
8928 -20570.0 -44535.3 49056.2
8929 -20570.0 -44535.3 49056.2
8930 -20570.0 -44535.3 49056.2
8931 -20570.0 -44535.3 49056.2
8953 -20570.0 -38597.2 43736.4
8954 -20570.0 -38597.2 43736.4
8955 -20570.0 -38597.2 43736.4
8956 -20570.0 -38597.2 43736.4
8957 -20570.0 -38597.2 43736.4
8958 -20570.0 -38597.2 43736.4
8959 -20570.0 -38597.2 43736.4
8981 -20570.0 -32659.2 38597.2
8982 -20570.0 -32659.2 38597.2
8983 -20570.0 -32659.2 38597.2
8984 -20570.0 -32659.2 38597.2
8985 -20570.0 -32659.2 38597.2
8986 -20570.0 -32659.2 38597.2
8987 -20570.0 -32659.2 38597.2
9009 -20570.0 -26721.2 33721.6
9010 -20570.0 -26721.2 33721.6
9011 -20570.0 -26721.2 33721.6
9012 -20570.0 -26721.2 33721.6
9013 -20570.0 -26721.2 33721.6
9014 -20570.0 -26721.2 33721.6
9015 -20570.0 -26721.2 33721.6
9037 -20570.0 -20783.1 29241.4
9038 -20570.0 -20783.1 29241.4
9039 -20570.0 -20783.1 29241.4
9040 -20570.0 -20783.1 29241.4
9041 -20570.0 -20783.1 29241.4
9042 -20570.0 -20783.1 29241.4
9043 -20570.0 -20783.1 29241.4
9065 -20570.0 -14845.1 25367.3
9066 -20570.0 -14845.1 25367.3
9067 -20570.0 -14845.1 25367.3
9068 -20570.0 -14845.1 25367.3
9069 -20570.0 -14845.1 25367.3
9070 -20570.0 -14845.1 25367.3
9071 -20570.0 -14845.1 25367.3
9093 -20570.0 -8907.1 22415.6
9094 -20570.0 -8907.1 22415.6
9095 -20570.0 -8907.1 22415.6
9096 -20570.0 -8907.1 22415.6
9097 -20570.0 -8907.1 22415.6
9098 -20570.0 -8907.1 22415.6
9099 -20570.0 -8907.1 22415.6
9121 -20570.0 -2969.0 20783.1
9122 -20570.0 -2969.0 20783.1
9123 -20570.0 -2969.0 20783.1
9124 -20570.0 -2969.0 20783.1
9125 -20570.0 -2969.0 20783.1
9126 -20570.0 -2969.0 20783.1
9127 -20570.0 -2969.0 20783.1
9149 -20570.0 2969.0 20783.1
9150 -20570.0 2969.0 20783.1
9151 -20570.0 2969.0 20783.1
9152 -20570.0 2969.0 20783.1
9153 -20570.0 2969.0 20783.1
9154 -20570.0 2969.0 20783.1
9155 -20570.0 2969.0 20783.1
9177 -20570.0 8907.1 22415.6
9178 -20570.0 8907.1 22415.6
9179 -20570.0 8907.1 22415.6
9180 -20570.0 8907.1 22415.6
9181 -20570.0 8907.1 22415.6
9182 -20570.0 8907.1 22415.6
9183 -20570.0 8907.1 22415.6
9205 -20570.0 14845.1 25367.3
9206 -20570.0 14845.1 25367.3
9207 -20570.0 14845.1 25367.3
9208 -20570.0 14845.1 25367.3
9209 -20570.0 14845.1 25367.3
9210 -20570.0 14845.1 25367.3
9211 -20570.0 14845.1 25367.3
9233 -20570.0 20783.1 29241.4
9234 -20570.0 20783.1 29241.4
9235 -20570.0 20783.1 29241.4
9236 -20570.0 20783.1 29241.4
9237 -20570.0 20783.1 29241.4
9238 -20570.0 20783.1 29241.4
9239 -20570.0 20783.1 29241.4
9261 -20570.0 26721.2 33721.6
9262 -20570.0 26721.2 33721.6
9263 -20570.0 26721.2 33721.6
9264 -20570.0 26721.2 33721.6
9265 -20570.0 26721.2 33721.6
9266 -20570.0 26721.2 33721.6
9267 -20570.0 26721.2 33721.6
9289 -20570.0 32659.2 38597.2
9290 -20570.0 32659.2 38597.2
9291 -20570.0 32659.2 38597.2
9292 -20570.0 32659.2 38597.2
9293 -20570.0 32659.2 38597.2
9294 -20570.0 32659.2 38597.2
9295 -20570.0 32659.2 38597.2
9317 -20570.0 38597.2 43736.4
9318 -20570.0 38597.2 43736.4
9319 -20570.0 38597.2 43736.4
9320 -20570.0 38597.2 43736.4
9321 -20570.0 38597.2 43736.4
9322 -20570.0 38597.2 43736.4
9323 -20570.0 38597.2 43736.4
9345 -20570.0 44535.3 49056.2
9346 -20570.0 44535.3 49056.2
9347 -20570.0 44535.3 49056.2
9348 -20570.0 44535.3 49056.2
9349 -20570.0 44535.3 49056.2
9350 -20570.0 44535.3 49056.2
9351 -20570.0 44535.3 49056.2
9373 -20570.0 50473.3 54503.9
9374 -20570.0 50473.3 54503.9
9375 -20570.0 50473.3 54503.9
9376 -20570.0 50473.3 54503.9
9377 -20570.0 50473.3 54503.9
9378 -20570.0 50473.3 54503.9
9379 -20570.0 50473.3 54503.9
9401 -20570.0 56411.3 60044.7
9402 -20570.0 56411.3 60044.7
9403 -20570.0 56411.3 60044.7
9404 -20570.0 56411.3 60044.7
9405 -20570.0 56411.3 60044.7
9406 -20570.0 56411.3 60044.7
9407 -20570.0 56411.3 60044.7
9422 -18855.8 -53442.3 56671.2
9423 -18855.8 -53442.3 56671.2
9424 -18855.8 -53442.3 56671.2
9425 -18855.8 -53442.3 56671.2
9426 -18855.8 -53442.3 56671.2
9427 -18855.8 -53442.3 56671.2
9428 -18855.8 -53442.3 56671.2
9450 -18855.8 -47504.3 51109.7
9451 -18855.8 -47504.3 51109.7
9452 -18855.8 -47504.3 51109.7
9453 -18855.8 -47504.3 51109.7
9454 -18855.8 -47504.3 51109.7
9455 -18855.8 -47504.3 51109.7
9456 -18855.8 -47504.3 51109.7
9478 -18855.8 -41566.2 45643.1
9479 -18855.8 -41566.2 45643.1
9480 -18855.8 -41566.2 45643.1
9481 -18855.8 -41566.2 45643.1
9482 -18855.8 -41566.2 45643.1
9483 -18855.8 -41566.2 45643.1
9484 -18855.8 -41566.2 45643.1
9506 -18855.8 -35628.2 40310.2
9507 -18855.8 -35628.2 40310.2
9508 -18855.8 -35628.2 40310.2
9509 -18855.8 -35628.2 40310.2
9510 -18855.8 -35628.2 40310.2
9511 -18855.8 -35628.2 40310.2
9512 -18855.8 -35628.2 40310.2
9534 -18855.8 -29690.2 35171.7
9535 -18855.8 -29690.2 35171.7
9536 -18855.8 -29690.2 35171.7
9537 -18855.8 -29690.2 35171.7
9538 -18855.8 -29690.2 35171.7
9539 -18855.8 -29690.2 35171.7
9540 -18855.8 -29690.2 35171.7
9562 -18855.8 -23752.1 30326.6
9563 -18855.8 -23752.1 30326.6
9564 -18855.8 -23752.1 30326.6
9565 -18855.8 -23752.1 30326.6
9566 -18855.8 -23752.1 30326.6
9567 -18855.8 -23752.1 30326.6
9568 -18855.8 -23752.1 30326.6
9590 -18855.8 -17814.1 25940.0
9591 -18855.8 -17814.1 25940.0
9592 -18855.8 -17814.1 25940.0
9593 -18855.8 -17814.1 25940.0
9594 -18855.8 -17814.1 25940.0
9595 -18855.8 -17814.1 25940.0
9596 -18855.8 -17814.1 25940.0
9618 -18855.8 -11876.1 22284.1
9619 -18855.8 -11876.1 22284.1
9620 -18855.8 -11876.1 22284.1
9621 -18855.8 -11876.1 22284.1
9622 -18855.8 -11876.1 22284.1
9623 -18855.8 -11876.1 22284.1
9624 -18855.8 -11876.1 22284.1
9646 -18855.8 -5938.0 19768.7
9647 -18855.8 -5938.0 19768.7
9648 -18855.8 -5938.0 19768.7
9649 -18855.8 -5938.0 19768.7
9650 -18855.8 -5938.0 19768.7
9651 -18855.8 -5938.0 19768.7
9652 -18855.8 -5938.0 19768.7
9674 -18855.8 0.0 18855.8
9675 -18855.8 0.0 18855.8
9676 -18855.8 0.0 18855.8
9677 -18855.8 0.0 18855.8
9678 -18855.8 0.0 18855.8
9679 -18855.8 0.0 18855.8
9680 -18855.8 0.0 18855.8
9702 -18855.8 5938.0 19768.7
9703 -18855.8 5938.0 19768.7
9704 -18855.8 5938.0 19768.7
9705 -18855.8 5938.0 19768.7
9706 -18855.8 5938.0 19768.7
9707 -18855.8 5938.0 19768.7
9708 -18855.8 5938.0 19768.7
9730 -18855.8 11876.1 22284.1
9731 -18855.8 11876.1 22284.1
9732 -18855.8 11876.1 22284.1
9733 -18855.8 11876.1 22284.1
9734 -18855.8 11876.1 22284.1
9735 -18855.8 11876.1 22284.1
9736 -18855.8 11876.1 22284.1
9758 -18855.8 17814.1 25940.0
9759 -18855.8 17814.1 25940.0
9760 -18855.8 17814.1 25940.0
9761 -18855.8 17814.1 25940.0
9762 -18855.8 17814.1 25940.0
9763 -18855.8 17814.1 25940.0
9764 -18855.8 17814.1 25940.0
9786 -18855.8 23752.1 30326.6
9787 -18855.8 23752.1 30326.6
9788 -18855.8 23752.1 30326.6
9789 -18855.8 23752.1 30326.6
9790 -18855.8 23752.1 30326.6
9791 -18855.8 23752.1 30326.6
9792 -18855.8 23752.1 30326.6
9814 -18855.8 29690.2 35171.7
9815 -18855.8 29690.2 35171.7
9816 -18855.8 29690.2 35171.7
9817 -18855.8 29690.2 35171.7
9818 -18855.8 29690.2 35171.7
9819 -18855.8 29690.2 35171.7
9820 -18855.8 29690.2 35171.7
9842 -18855.8 35628.2 40310.2
9843 -18855.8 35628.2 40310.2
9844 -18855.8 35628.2 40310.2
9845 -18855.8 35628.2 40310.2
9846 -18855.8 35628.2 40310.2
9847 -18855.8 35628.2 40310.2
9848 -18855.8 35628.2 40310.2
9870 -18855.8 41566.2 45643.1
9871 -18855.8 41566.2 45643.1
9872 -18855.8 41566.2 45643.1
9873 -18855.8 41566.2 45643.1
9874 -18855.8 41566.2 45643.1
9875 -18855.8 41566.2 45643.1
9876 -18855.8 41566.2 45643.1
9898 -18855.8 47504.3 51109.7
9899 -18855.8 47504.3 51109.7
9900 -18855.8 47504.3 51109.7
9901 -18855.8 47504.3 51109.7
9902 -18855.8 47504.3 51109.7
9903 -18855.8 47504.3 51109.7
9904 -18855.8 47504.3 51109.7
9926 -18855.8 53442.3 56671.2
9927 -18855.8 53442.3 56671.2
9928 -18855.8 53442.3 56671.2
9929 -18855.8 53442.3 56671.2
9930 -18855.8 53442.3 56671.2
9931 -18855.8 53442.3 56671.2
9932 -18855.8 53442.3 56671.2
9954 -17141.6 -56411.3 58958.2
9955 -17141.6 -56411.3 58958.2
9956 -17141.6 -56411.3 58958.2
9957 -17141.6 -56411.3 58958.2
9958 -17141.6 -56411.3 58958.2
9959 -17141.6 -56411.3 58958.2
9960 -17141.6 -56411.3 58958.2
9982 -17141.6 -50473.3 53304.7
9983 -17141.6 -50473.3 53304.7
9984 -17141.6 -50473.3 53304.7
9985 -17141.6 -50473.3 53304.7
9986 -17141.6 -50473.3 53304.7
9987 -17141.6 -50473.3 53304.7
9988 -17141.6 -50473.3 53304.7
10010 -17141.6 -44535.3 47720.3
10011 -17141.6 -44535.3 47720.3
10012 -17141.6 -44535.3 47720.3
10013 -17141.6 -44535.3 47720.3
10014 -17141.6 -44535.3 47720.3
10015 -17141.6 -44535.3 47720.3
10016 -17141.6 -44535.3 47720.3
10038 -17141.6 -38597.2 42232.5
10039 -17141.6 -38597.2 42232.5
10040 -17141.6 -38597.2 42232.5
10041 -17141.6 -38597.2 42232.5
10042 -17141.6 -38597.2 42232.5
10043 -17141.6 -38597.2 42232.5
10044 -17141.6 -38597.2 42232.5
10066 -17141.6 -32659.2 36884.4
10067 -17141.6 -32659.2 36884.4
10068 -17141.6 -32659.2 36884.4
10069 -17141.6 -32659.2 36884.4
10070 -17141.6 -32659.2 36884.4
10071 -17141.6 -32659.2 36884.4
10072 -17141.6 -32659.2 36884.4
10094 -17141.6 -26721.2 31746.7
10095 -17141.6 -26721.2 31746.7
10096 -17141.6 -26721.2 31746.7
10097 -17141.6 -26721.2 31746.7
10098 -17141.6 -26721.2 31746.7
10099 -17141.6 -26721.2 31746.7
10100 -17141.6 -26721.2 31746.7
10122 -17141.6 -20783.1 26940.2
10123 -17141.6 -20783.1 26940.2
10124 -17141.6 -20783.1 26940.2
10125 -17141.6 -20783.1 26940.2
10126 -17141.6 -20783.1 26940.2
10127 -17141.6 -20783.1 26940.2
10128 -17141.6 -20783.1 26940.2
10150 -17141.6 -14845.1 22676.2
10151 -17141.6 -14845.1 22676.2
10152 -17141.6 -14845.1 22676.2
10153 -17141.6 -14845.1 22676.2
10154 -17141.6 -14845.1 22676.2
10155 -17141.6 -14845.1 22676.2
10156 -17141.6 -14845.1 22676.2
10178 -17141.6 -8907.1 19317.6
10179 -17141.6 -8907.1 19317.6
10180 -17141.6 -8907.1 19317.6
10181 -17141.6 -8907.1 19317.6
10182 -17141.6 -8907.1 19317.6
10183 -17141.6 -8907.1 19317.6
10184 -17141.6 -8907.1 19317.6
10206 -17141.6 -2969.0 17396.9
10207 -17141.6 -2969.0 17396.9
10208 -17141.6 -2969.0 17396.9
10209 -17141.6 -2969.0 17396.9
10210 -17141.6 -2969.0 17396.9
10211 -17141.6 -2969.0 17396.9
10212 -17141.6 -2969.0 17396.9
10234 -17141.6 2969.0 17396.9
10235 -17141.6 2969.0 17396.9
10236 -17141.6 2969.0 17396.9
10237 -17141.6 2969.0 17396.9
10238 -17141.6 2969.0 17396.9
10239 -17141.6 2969.0 17396.9
10240 -17141.6 2969.0 17396.9
10262 -17141.6 8907.1 19317.6
10263 -17141.6 8907.1 19317.6
10264 -17141.6 8907.1 19317.6
10265 -17141.6 8907.1 19317.6
10266 -17141.6 8907.1 19317.6
10267 -17141.6 8907.1 19317.6
10268 -17141.6 8907.1 19317.6
10290 -17141.6 14845.1 22676.2
10291 -17141.6 14845.1 22676.2
10292 -17141.6 14845.1 22676.2
10293 -17141.6 14845.1 22676.2
10294 -17141.6 14845.1 22676.2
10295 -17141.6 14845.1 22676.2
10296 -17141.6 14845.1 22676.2
10318 -17141.6 20783.1 26940.2
10319 -17141.6 20783.1 26940.2
10320 -17141.6 20783.1 26940.2
10321 -17141.6 20783.1 26940.2
10322 -17141.6 20783.1 26940.2
10323 -17141.6 20783.1 26940.2
10324 -17141.6 20783.1 26940.2
10346 -17141.6 26721.2 31746.7
10347 -17141.6 26721.2 31746.7
10348 -17141.6 26721.2 31746.7
10349 -17141.6 26721.2 31746.7
10350 -17141.6 26721.2 31746.7
10351 -17141.6 26721.2 31746.7
10352 -17141.6 26721.2 31746.7
10374 -17141.6 32659.2 36884.4
10375 -17141.6 32659.2 36884.4
10376 -17141.6 32659.2 36884.4
10377 -17141.6 32659.2 36884.4
10378 -17141.6 32659.2 36884.4
10379 -17141.6 32659.2 36884.4
10380 -17141.6 32659.2 36884.4
10402 -17141.6 38597.2 42232.5
10403 -17141.6 38597.2 42232.5
10404 -17141.6 38597.2 42232.5
10405 -17141.6 38597.2 42232.5
10406 -17141.6 38597.2 42232.5
10407 -17141.6 38597.2 42232.5
10408 -17141.6 38597.2 42232.5
10430 -17141.6 44535.3 47720.3
10431 -17141.6 44535.3 47720.3
10432 -17141.6 44535.3 47720.3
10433 -17141.6 44535.3 47720.3
10434 -17141.6 44535.3 47720.3
10435 -17141.6 44535.3 47720.3
10436 -17141.6 44535.3 47720.3
10458 -17141.6 50473.3 53304.7
10459 -17141.6 50473.3 53304.7
10460 -17141.6 50473.3 53304.7
10461 -17141.6 50473.3 53304.7
10462 -17141.6 50473.3 53304.7
10463 -17141.6 50473.3 53304.7
10464 -17141.6 50473.3 53304.7
10486 -17141.6 56411.3 58958.2
10487 -17141.6 56411.3 58958.2
10488 -17141.6 56411.3 58958.2
10489 -17141.6 56411.3 58958.2
10490 -17141.6 56411.3 58958.2
10491 -17141.6 56411.3 58958.2
10492 -17141.6 56411.3 58958.2
10521 -15427.5 -53442.3 55624.5
10522 -15427.5 -53442.3 55624.5
10523 -15427.5 -53442.3 55624.5
10524 -15427.5 -53442.3 55624.5
10525 -15427.5 -53442.3 55624.5
10526 -15427.5 -53442.3 55624.5
10527 -15427.5 -53442.3 55624.5
10549 -15427.5 -47504.3 49946.6
10550 -15427.5 -47504.3 49946.6
10551 -15427.5 -47504.3 49946.6
10552 -15427.5 -47504.3 49946.6
10553 -15427.5 -47504.3 49946.6
10554 -15427.5 -47504.3 49946.6
10555 -15427.5 -47504.3 49946.6
10577 -15427.5 -41566.2 44336.9
10578 -15427.5 -41566.2 44336.9
10579 -15427.5 -41566.2 44336.9
10580 -15427.5 -41566.2 44336.9
10581 -15427.5 -41566.2 44336.9
10582 -15427.5 -41566.2 44336.9
10583 -15427.5 -41566.2 44336.9
10605 -15427.5 -35628.2 38824.9
10606 -15427.5 -35628.2 38824.9
10607 -15427.5 -35628.2 38824.9
10608 -15427.5 -35628.2 38824.9
10609 -15427.5 -35628.2 38824.9
10610 -15427.5 -35628.2 38824.9
10611 -15427.5 -35628.2 38824.9
10633 -15427.5 -29690.2 33459.1
10634 -15427.5 -29690.2 33459.1
10635 -15427.5 -29690.2 33459.1
10636 -15427.5 -29690.2 33459.1
10637 -15427.5 -29690.2 33459.1
10638 -15427.5 -29690.2 33459.1
10639 -15427.5 -29690.2 33459.1
10661 -15427.5 -23752.1 28322.6
10662 -15427.5 -23752.1 28322.6
10663 -15427.5 -23752.1 28322.6
10664 -15427.5 -23752.1 28322.6
10665 -15427.5 -23752.1 28322.6
10666 -15427.5 -23752.1 28322.6
10667 -15427.5 -23752.1 28322.6
10689 -15427.5 -17814.1 23565.8
10690 -15427.5 -17814.1 23565.8
10691 -15427.5 -17814.1 23565.8
10692 -15427.5 -17814.1 23565.8
10693 -15427.5 -17814.1 23565.8
10694 -15427.5 -17814.1 23565.8
10695 -15427.5 -17814.1 23565.8
10717 -15427.5 -11876.1 19469.1
10718 -15427.5 -11876.1 19469.1
10719 -15427.5 -11876.1 19469.1
10720 -15427.5 -11876.1 19469.1
10721 -15427.5 -11876.1 19469.1
10722 -15427.5 -11876.1 19469.1
10723 -15427.5 -11876.1 19469.1
10745 -15427.5 -5938.0 16530.8
10746 -15427.5 -5938.0 16530.8
10747 -15427.5 -5938.0 16530.8
10748 -15427.5 -5938.0 16530.8
10749 -15427.5 -5938.0 16530.8
10750 -15427.5 -5938.0 16530.8
10751 -15427.5 -5938.0 16530.8
10773 -15427.5 0.0 15427.5
10774 -15427.5 0.0 15427.5
10775 -15427.5 0.0 15427.5
10776 -15427.5 0.0 15427.5
10777 -15427.5 0.0 15427.5
10778 -15427.5 0.0 15427.5
10779 -15427.5 0.0 15427.5
10801 -15427.5 5938.0 16530.8
10802 -15427.5 5938.0 16530.8
10803 -15427.5 5938.0 16530.8
10804 -15427.5 5938.0 16530.8
10805 -15427.5 5938.0 16530.8
10806 -15427.5 5938.0 16530.8
10807 -15427.5 5938.0 16530.8
10829 -15427.5 11876.1 19469.1
10830 -15427.5 11876.1 19469.1
10831 -15427.5 11876.1 19469.1
10832 -15427.5 11876.1 19469.1
10833 -15427.5 11876.1 19469.1
10834 -15427.5 11876.1 19469.1
10835 -15427.5 11876.1 19469.1
10857 -15427.5 17814.1 23565.8
10858 -15427.5 17814.1 23565.8
10859 -15427.5 17814.1 23565.8
10860 -15427.5 17814.1 23565.8
10861 -15427.5 17814.1 23565.8
10862 -15427.5 17814.1 23565.8
10863 -15427.5 17814.1 23565.8
10885 -15427.5 23752.1 28322.6
10886 -15427.5 23752.1 28322.6
10887 -15427.5 23752.1 28322.6
10888 -15427.5 23752.1 28322.6
10889 -15427.5 23752.1 28322.6
10890 -15427.5 23752.1 28322.6
10891 -15427.5 23752.1 28322.6
10913 -15427.5 29690.2 33459.1
10914 -15427.5 29690.2 33459.1
10915 -15427.5 29690.2 33459.1
10916 -15427.5 29690.2 33459.1
10917 -15427.5 29690.2 33459.1
10918 -15427.5 29690.2 33459.1
10919 -15427.5 29690.2 33459.1
10941 -15427.5 35628.2 38824.9
10942 -15427.5 35628.2 38824.9
10943 -15427.5 35628.2 38824.9
10944 -15427.5 35628.2 38824.9
10945 -15427.5 35628.2 38824.9
10946 -15427.5 35628.2 38824.9
10947 -15427.5 35628.2 38824.9
10969 -15427.5 41566.2 44336.9
10970 -15427.5 41566.2 44336.9
10971 -15427.5 41566.2 44336.9
10972 -15427.5 41566.2 44336.9
10973 -15427.5 41566.2 44336.9
10974 -15427.5 41566.2 44336.9
10975 -15427.5 41566.2 44336.9
10997 -15427.5 47504.3 49946.6
10998 -15427.5 47504.3 49946.6
10999 -15427.5 47504.3 49946.6
11000 -15427.5 47504.3 49946.6
11001 -15427.5 47504.3 49946.6
11002 -15427.5 47504.3 49946.6
11003 -15427.5 47504.3 49946.6
11025 -15427.5 53442.3 55624.5
11026 -15427.5 53442.3 55624.5
11027 -15427.5 53442.3 55624.5
11028 -15427.5 53442.3 55624.5
11029 -15427.5 53442.3 55624.5
11030 -15427.5 53442.3 55624.5
11031 -15427.5 53442.3 55624.5
11060 -13713.3 -56411.3 58054.2
11061 -13713.3 -56411.3 58054.2
11062 -13713.3 -56411.3 58054.2
11063 -13713.3 -56411.3 58054.2
11064 -13713.3 -56411.3 58054.2
11065 -13713.3 -56411.3 58054.2
11066 -13713.3 -56411.3 58054.2
11088 -13713.3 -50473.3 52303.0
11089 -13713.3 -50473.3 52303.0
11090 -13713.3 -50473.3 52303.0
11091 -13713.3 -50473.3 52303.0
11092 -13713.3 -50473.3 52303.0
11093 -13713.3 -50473.3 52303.0
11094 -13713.3 -50473.3 52303.0
11116 -13713.3 -44535.3 46598.8
11117 -13713.3 -44535.3 46598.8
11118 -13713.3 -44535.3 46598.8
11119 -13713.3 -44535.3 46598.8
11120 -13713.3 -44535.3 46598.8
11121 -13713.3 -44535.3 46598.8
11122 -13713.3 -44535.3 46598.8
11144 -13713.3 -38597.2 40961.0
11145 -13713.3 -38597.2 40961.0
11146 -13713.3 -38597.2 40961.0
11147 -13713.3 -38597.2 40961.0
11148 -13713.3 -38597.2 40961.0
11149 -13713.3 -38597.2 40961.0
11150 -13713.3 -38597.2 40961.0
11172 -13713.3 -32659.2 35421.4
11173 -13713.3 -32659.2 35421.4
11174 -13713.3 -32659.2 35421.4
11175 -13713.3 -32659.2 35421.4
11176 -13713.3 -32659.2 35421.4
11177 -13713.3 -32659.2 35421.4
11178 -13713.3 -32659.2 35421.4
11200 -13713.3 -26721.2 30034.6
11201 -13713.3 -26721.2 30034.6
11202 -13713.3 -26721.2 30034.6
11203 -13713.3 -26721.2 30034.6
11204 -13713.3 -26721.2 30034.6
11205 -13713.3 -26721.2 30034.6
11206 -13713.3 -26721.2 30034.6
11228 -13713.3 -20783.1 24899.7
11229 -13713.3 -20783.1 24899.7
11230 -13713.3 -20783.1 24899.7
11231 -13713.3 -20783.1 24899.7
11232 -13713.3 -20783.1 24899.7
11233 -13713.3 -20783.1 24899.7
11234 -13713.3 -20783.1 24899.7
11256 -13713.3 -14845.1 20209.7
11257 -13713.3 -14845.1 20209.7
11258 -13713.3 -14845.1 20209.7
11259 -13713.3 -14845.1 20209.7
11260 -13713.3 -14845.1 20209.7
11261 -13713.3 -14845.1 20209.7
11262 -13713.3 -14845.1 20209.7
11284 -13713.3 -8907.1 16352.1
11285 -13713.3 -8907.1 16352.1
11286 -13713.3 -8907.1 16352.1
11287 -13713.3 -8907.1 16352.1
11288 -13713.3 -8907.1 16352.1
11289 -13713.3 -8907.1 16352.1
11290 -13713.3 -8907.1 16352.1
11312 -13713.3 -2969.0 14031.0
11313 -13713.3 -2969.0 14031.0
11314 -13713.3 -2969.0 14031.0
11315 -13713.3 -2969.0 14031.0
11316 -13713.3 -2969.0 14031.0
11317 -13713.3 -2969.0 14031.0
11318 -13713.3 -2969.0 14031.0
11340 -13713.3 2969.0 14031.0
11341 -13713.3 2969.0 14031.0
11342 -13713.3 2969.0 14031.0
11343 -13713.3 2969.0 14031.0
11344 -13713.3 2969.0 14031.0
11345 -13713.3 2969.0 14031.0
11346 -13713.3 2969.0 14031.0
11368 -13713.3 8907.1 16352.1
11369 -13713.3 8907.1 16352.1
11370 -13713.3 8907.1 16352.1
11371 -13713.3 8907.1 16352.1
11372 -13713.3 8907.1 16352.1
11373 -13713.3 8907.1 16352.1
11374 -13713.3 8907.1 16352.1
11396 -13713.3 14845.1 20209.7
11397 -13713.3 14845.1 20209.7
11398 -13713.3 14845.1 20209.7
11399 -13713.3 14845.1 20209.7
11400 -13713.3 14845.1 20209.7
11401 -13713.3 14845.1 20209.7
11402 -13713.3 14845.1 20209.7
11424 -13713.3 20783.1 24899.7
11425 -13713.3 20783.1 24899.7
11426 -13713.3 20783.1 24899.7
11427 -13713.3 20783.1 24899.7
11428 -13713.3 20783.1 24899.7
11429 -13713.3 20783.1 24899.7
11430 -13713.3 20783.1 24899.7
11452 -13713.3 26721.2 30034.6
11453 -13713.3 26721.2 30034.6
11454 -13713.3 26721.2 30034.6
11455 -13713.3 26721.2 30034.6
11456 -13713.3 26721.2 30034.6
11457 -13713.3 26721.2 30034.6
11458 -13713.3 26721.2 30034.6
11480 -13713.3 32659.2 35421.4
11481 -13713.3 32659.2 35421.4
11482 -13713.3 32659.2 35421.4
11483 -13713.3 32659.2 35421.4
11484 -13713.3 32659.2 35421.4
11485 -13713.3 32659.2 35421.4
11486 -13713.3 32659.2 35421.4
11508 -13713.3 38597.2 40961.0
11509 -13713.3 38597.2 40961.0
11510 -13713.3 38597.2 40961.0
11511 -13713.3 38597.2 40961.0
11512 -13713.3 38597.2 40961.0
11513 -13713.3 38597.2 40961.0
11514 -13713.3 38597.2 40961.0
11536 -13713.3 44535.3 46598.8
11537 -13713.3 44535.3 46598.8
11538 -13713.3 44535.3 46598.8
11539 -13713.3 44535.3 46598.8
11540 -13713.3 44535.3 46598.8
11541 -13713.3 44535.3 46598.8
11542 -13713.3 44535.3 46598.8
11564 -13713.3 50473.3 52303.0
11565 -13713.3 50473.3 52303.0
11566 -13713.3 50473.3 52303.0
11567 -13713.3 50473.3 52303.0
11568 -13713.3 50473.3 52303.0
11569 -13713.3 50473.3 52303.0
11570 -13713.3 50473.3 52303.0
11592 -13713.3 56411.3 58054.2
11593 -13713.3 56411.3 58054.2
11594 -13713.3 56411.3 58054.2
11595 -13713.3 56411.3 58054.2
11596 -13713.3 56411.3 58054.2
11597 -13713.3 56411.3 58054.2
11598 -13713.3 56411.3 58054.2
11627 -11999.1 -53442.3 54772.8
11628 -11999.1 -53442.3 54772.8
11629 -11999.1 -53442.3 54772.8
11630 -11999.1 -53442.3 54772.8
11631 -11999.1 -53442.3 54772.8
11632 -11999.1 -53442.3 54772.8
11633 -11999.1 -53442.3 54772.8
11655 -11999.1 -47504.3 48996.3
11656 -11999.1 -47504.3 48996.3
11657 -11999.1 -47504.3 48996.3
11658 -11999.1 -47504.3 48996.3
11659 -11999.1 -47504.3 48996.3
11660 -11999.1 -47504.3 48996.3
11661 -11999.1 -47504.3 48996.3
11683 -11999.1 -41566.2 43263.5
11684 -11999.1 -41566.2 43263.5
11685 -11999.1 -41566.2 43263.5
11686 -11999.1 -41566.2 43263.5
11687 -11999.1 -41566.2 43263.5
11688 -11999.1 -41566.2 43263.5
11689 -11999.1 -41566.2 43263.5
11711 -11999.1 -35628.2 37594.5
11712 -11999.1 -35628.2 37594.5
11713 -11999.1 -35628.2 37594.5
11714 -11999.1 -35628.2 37594.5
11715 -11999.1 -35628.2 37594.5
11716 -11999.1 -35628.2 37594.5
11717 -11999.1 -35628.2 37594.5
11739 -11999.1 -29690.2 32023.2
11740 -11999.1 -29690.2 32023.2
11741 -11999.1 -29690.2 32023.2
11742 -11999.1 -29690.2 32023.2
11743 -11999.1 -29690.2 32023.2
11744 -11999.1 -29690.2 32023.2
11745 -11999.1 -29690.2 32023.2
11767 -11999.1 -23752.1 26611.0
11768 -11999.1 -23752.1 26611.0
11769 -11999.1 -23752.1 26611.0
11770 -11999.1 -23752.1 26611.0
11771 -11999.1 -23752.1 26611.0
11772 -11999.1 -23752.1 26611.0
11773 -11999.1 -23752.1 26611.0
11795 -11999.1 -17814.1 21478.4
11796 -11999.1 -17814.1 21478.4
11797 -11999.1 -17814.1 21478.4
11798 -11999.1 -17814.1 21478.4
11799 -11999.1 -17814.1 21478.4
11800 -11999.1 -17814.1 21478.4
11801 -11999.1 -17814.1 21478.4
11823 -11999.1 -11876.1 16882.5
11824 -11999.1 -11876.1 16882.5
11825 -11999.1 -11876.1 16882.5
11826 -11999.1 -11876.1 16882.5
11827 -11999.1 -11876.1 16882.5
11828 -11999.1 -11876.1 16882.5
11829 -11999.1 -11876.1 16882.5
11851 -11999.1 -5938.0 13388.0
11852 -11999.1 -5938.0 13388.0
11853 -11999.1 -5938.0 13388.0
11854 -11999.1 -5938.0 13388.0
11855 -11999.1 -5938.0 13388.0
11856 -11999.1 -5938.0 13388.0
11857 -11999.1 -5938.0 13388.0
11879 -11999.1 0.0 11999.1
11880 -11999.1 0.0 11999.1
11881 -11999.1 0.0 11999.1
11882 -11999.1 0.0 11999.1
11883 -11999.1 0.0 11999.1
11884 -11999.1 0.0 11999.1
11885 -11999.1 0.0 11999.1
11907 -11999.1 5938.0 13388.0
11908 -11999.1 5938.0 13388.0
11909 -11999.1 5938.0 13388.0
11910 -11999.1 5938.0 13388.0
11911 -11999.1 5938.0 13388.0
11912 -11999.1 5938.0 13388.0
11913 -11999.1 5938.0 13388.0
11935 -11999.1 11876.1 16882.5
11936 -11999.1 11876.1 16882.5
11937 -11999.1 11876.1 16882.5
11938 -11999.1 11876.1 16882.5
11939 -11999.1 11876.1 16882.5
11940 -11999.1 11876.1 16882.5
11941 -11999.1 11876.1 16882.5
11963 -11999.1 17814.1 21478.4
11964 -11999.1 17814.1 21478.4
11965 -11999.1 17814.1 21478.4
11966 -11999.1 17814.1 21478.4
11967 -11999.1 17814.1 21478.4
11968 -11999.1 17814.1 21478.4
11969 -11999.1 17814.1 21478.4
11991 -11999.1 23752.1 26611.0
11992 -11999.1 23752.1 26611.0
11993 -11999.1 23752.1 26611.0
11994 -11999.1 23752.1 26611.0
11995 -11999.1 23752.1 26611.0
11996 -11999.1 23752.1 26611.0
11997 -11999.1 23752.1 26611.0
12019 -11999.1 29690.2 32023.2
12020 -11999.1 29690.2 32023.2
12021 -11999.1 29690.2 32023.2
12022 -11999.1 29690.2 32023.2
12023 -11999.1 29690.2 32023.2
12024 -11999.1 29690.2 32023.2
12025 -11999.1 29690.2 32023.2
12047 -11999.1 35628.2 37594.5
12048 -11999.1 35628.2 37594.5
12049 -11999.1 35628.2 37594.5
12050 -11999.1 35628.2 37594.5
12051 -11999.1 35628.2 37594.5
12052 -11999.1 35628.2 37594.5
12053 -11999.1 35628.2 37594.5
12075 -11999.1 41566.2 43263.5
12076 -11999.1 41566.2 43263.5
12077 -11999.1 41566.2 43263.5
12078 -11999.1 41566.2 43263.5
12079 -11999.1 41566.2 43263.5
12080 -11999.1 41566.2 43263.5
12081 -11999.1 41566.2 43263.5
12103 -11999.1 47504.3 48996.3
12104 -11999.1 47504.3 48996.3
12105 -11999.1 47504.3 48996.3
12106 -11999.1 47504.3 48996.3
12107 -11999.1 47504.3 48996.3
12108 -11999.1 47504.3 48996.3
12109 -11999.1 47504.3 48996.3
12131 -11999.1 53442.3 54772.8
12132 -11999.1 53442.3 54772.8
12133 -11999.1 53442.3 54772.8
12134 -11999.1 53442.3 54772.8
12135 -11999.1 53442.3 54772.8
12136 -11999.1 53442.3 54772.8
12137 -11999.1 53442.3 54772.8
12166 -10285.0 -56411.3 57341.3
12167 -10285.0 -56411.3 57341.3
12168 -10285.0 -56411.3 57341.3
12169 -10285.0 -56411.3 57341.3
12170 -10285.0 -56411.3 57341.3
12171 -10285.0 -56411.3 57341.3
12172 -10285.0 -56411.3 57341.3
12194 -10285.0 -50473.3 51510.5
12195 -10285.0 -50473.3 51510.5
12196 -10285.0 -50473.3 51510.5
12197 -10285.0 -50473.3 51510.5
12198 -10285.0 -50473.3 51510.5
12199 -10285.0 -50473.3 51510.5
12200 -10285.0 -50473.3 51510.5
12222 -10285.0 -44535.3 45707.4
12223 -10285.0 -44535.3 45707.4
12224 -10285.0 -44535.3 45707.4
12225 -10285.0 -44535.3 45707.4
12226 -10285.0 -44535.3 45707.4
12227 -10285.0 -44535.3 45707.4
12228 -10285.0 -44535.3 45707.4
12250 -10285.0 -38597.2 39944.0
12251 -10285.0 -38597.2 39944.0
12252 -10285.0 -38597.2 39944.0
12253 -10285.0 -38597.2 39944.0
12254 -10285.0 -38597.2 39944.0
12255 -10285.0 -38597.2 39944.0
12256 -10285.0 -38597.2 39944.0
12278 -10285.0 -32659.2 34240.4
12279 -10285.0 -32659.2 34240.4
12280 -10285.0 -32659.2 34240.4
12281 -10285.0 -32659.2 34240.4
12282 -10285.0 -32659.2 34240.4
12283 -10285.0 -32659.2 34240.4
12284 -10285.0 -32659.2 34240.4
12306 -10285.0 -26721.2 28632.2
12307 -10285.0 -26721.2 28632.2
12308 -10285.0 -26721.2 28632.2
12309 -10285.0 -26721.2 28632.2
12310 -10285.0 -26721.2 28632.2
12311 -10285.0 -26721.2 28632.2
12312 -10285.0 -26721.2 28632.2
12334 -10285.0 -20783.1 23188.8
12335 -10285.0 -20783.1 23188.8
12336 -10285.0 -20783.1 23188.8
12337 -10285.0 -20783.1 23188.8
12338 -10285.0 -20783.1 23188.8
12339 -10285.0 -20783.1 23188.8
12340 -10285.0 -20783.1 23188.8
12362 -10285.0 -14845.1 18059.8
12363 -10285.0 -14845.1 18059.8
12364 -10285.0 -14845.1 18059.8
12365 -10285.0 -14845.1 18059.8
12366 -10285.0 -14845.1 18059.8
12367 -10285.0 -14845.1 18059.8
12368 -10285.0 -14845.1 18059.8
12390 -10285.0 -8907.1 13605.7
12391 -10285.0 -8907.1 13605.7
12392 -10285.0 -8907.1 13605.7
12393 -10285.0 -8907.1 13605.7
12394 -10285.0 -8907.1 13605.7
12395 -10285.0 -8907.1 13605.7
12396 -10285.0 -8907.1 13605.7
12418 -10285.0 -2969.0 10704.9
12419 -10285.0 -2969.0 10704.9
12420 -10285.0 -2969.0 10704.9
12421 -10285.0 -2969.0 10704.9
12422 -10285.0 -2969.0 10704.9
12423 -10285.0 -2969.0 10704.9
12424 -10285.0 -2969.0 10704.9
12446 -10285.0 2969.0 10704.9
12447 -10285.0 2969.0 10704.9
12448 -10285.0 2969.0 10704.9
12449 -10285.0 2969.0 10704.9
12450 -10285.0 2969.0 10704.9
12451 -10285.0 2969.0 10704.9
12452 -10285.0 2969.0 10704.9
12474 -10285.0 8907.1 13605.7
12475 -10285.0 8907.1 13605.7
12476 -10285.0 8907.1 13605.7
12477 -10285.0 8907.1 13605.7
12478 -10285.0 8907.1 13605.7
12479 -10285.0 8907.1 13605.7
12480 -10285.0 8907.1 13605.7
12502 -10285.0 14845.1 18059.8
12503 -10285.0 14845.1 18059.8
12504 -10285.0 14845.1 18059.8
12505 -10285.0 14845.1 18059.8
12506 -10285.0 14845.1 18059.8
12507 -10285.0 14845.1 18059.8
12508 -10285.0 14845.1 18059.8
12530 -10285.0 20783.1 23188.8
12531 -10285.0 20783.1 23188.8
12532 -10285.0 20783.1 23188.8
12533 -10285.0 20783.1 23188.8
12534 -10285.0 20783.1 23188.8
12535 -10285.0 20783.1 23188.8
12536 -10285.0 20783.1 23188.8
12558 -10285.0 26721.2 28632.2
12559 -10285.0 26721.2 28632.2
12560 -10285.0 26721.2 28632.2
12561 -10285.0 26721.2 28632.2
12562 -10285.0 26721.2 28632.2
12563 -10285.0 26721.2 28632.2
12564 -10285.0 26721.2 28632.2
12586 -10285.0 32659.2 34240.4
12587 -10285.0 32659.2 34240.4
12588 -10285.0 32659.2 34240.4
12589 -10285.0 32659.2 34240.4
12590 -10285.0 32659.2 34240.4
12591 -10285.0 32659.2 34240.4
12592 -10285.0 32659.2 34240.4
12614 -10285.0 38597.2 39944.0
12615 -10285.0 38597.2 39944.0
12616 -10285.0 38597.2 39944.0
12617 -10285.0 38597.2 39944.0
12618 -10285.0 38597.2 39944.0
12619 -10285.0 38597.2 39944.0
12620 -10285.0 38597.2 39944.0
12642 -10285.0 44535.3 45707.4
12643 -10285.0 44535.3 45707.4
12644 -10285.0 44535.3 45707.4
12645 -10285.0 44535.3 45707.4
12646 -10285.0 44535.3 45707.4
12647 -10285.0 44535.3 45707.4
12648 -10285.0 44535.3 45707.4
12670 -10285.0 50473.3 51510.5
12671 -10285.0 50473.3 51510.5
12672 -10285.0 50473.3 51510.5
12673 -10285.0 50473.3 51510.5
12674 -10285.0 50473.3 51510.5
12675 -10285.0 50473.3 51510.5
12676 -10285.0 50473.3 51510.5
12698 -10285.0 56411.3 57341.3
12699 -10285.0 56411.3 57341.3
12700 -10285.0 56411.3 57341.3
12701 -10285.0 56411.3 57341.3
12702 -10285.0 56411.3 57341.3
12703 -10285.0 56411.3 57341.3
12704 -10285.0 56411.3 57341.3
12712 -8570.8 -59380.3 59995.7
12713 -8570.8 -59380.3 59995.7
12714 -8570.8 -59380.3 59995.7
12715 -8570.8 -59380.3 59995.7
12716 -8570.8 -59380.3 59995.7
12717 -8570.8 -59380.3 59995.7
12718 -8570.8 -59380.3 59995.7
12740 -8570.8 -53442.3 54125.2
12741 -8570.8 -53442.3 54125.2
12742 -8570.8 -53442.3 54125.2
12743 -8570.8 -53442.3 54125.2
12744 -8570.8 -53442.3 54125.2
12745 -8570.8 -53442.3 54125.2
12746 -8570.8 -53442.3 54125.2
12768 -8570.8 -47504.3 48271.3
12769 -8570.8 -47504.3 48271.3
12770 -8570.8 -47504.3 48271.3
12771 -8570.8 -47504.3 48271.3
12772 -8570.8 -47504.3 48271.3
12773 -8570.8 -47504.3 48271.3
12774 -8570.8 -47504.3 48271.3
12796 -8570.8 -41566.2 42440.7
12797 -8570.8 -41566.2 42440.7
12798 -8570.8 -41566.2 42440.7
12799 -8570.8 -41566.2 42440.7
12800 -8570.8 -41566.2 42440.7
12801 -8570.8 -41566.2 42440.7
12802 -8570.8 -41566.2 42440.7
12824 -8570.8 -35628.2 36644.6
12825 -8570.8 -35628.2 36644.6
12826 -8570.8 -35628.2 36644.6
12827 -8570.8 -35628.2 36644.6
12828 -8570.8 -35628.2 36644.6
12829 -8570.8 -35628.2 36644.6
12830 -8570.8 -35628.2 36644.6
12852 -8570.8 -29690.2 30902.5
12853 -8570.8 -29690.2 30902.5
12854 -8570.8 -29690.2 30902.5
12855 -8570.8 -29690.2 30902.5
12856 -8570.8 -29690.2 30902.5
12857 -8570.8 -29690.2 30902.5
12858 -8570.8 -29690.2 30902.5
12880 -8570.8 -23752.1 25251.2
12881 -8570.8 -23752.1 25251.2
12882 -8570.8 -23752.1 25251.2
12883 -8570.8 -23752.1 25251.2
12884 -8570.8 -23752.1 25251.2
12885 -8570.8 -23752.1 25251.2
12886 -8570.8 -23752.1 25251.2
12908 -8570.8 -17814.1 19768.7
12909 -8570.8 -17814.1 19768.7
12910 -8570.8 -17814.1 19768.7
12911 -8570.8 -17814.1 19768.7
12912 -8570.8 -17814.1 19768.7
12913 -8570.8 -17814.1 19768.7
12914 -8570.8 -17814.1 19768.7
12936 -8570.8 -11876.1 14645.8
12937 -8570.8 -11876.1 14645.8
12938 -8570.8 -11876.1 14645.8
12939 -8570.8 -11876.1 14645.8
12940 -8570.8 -11876.1 14645.8
12941 -8570.8 -11876.1 14645.8
12942 -8570.8 -11876.1 14645.8
12964 -8570.8 -5938.0 10426.8
12965 -8570.8 -5938.0 10426.8
12966 -8570.8 -5938.0 10426.8
12967 -8570.8 -5938.0 10426.8
12968 -8570.8 -5938.0 10426.8
12969 -8570.8 -5938.0 10426.8
12970 -8570.8 -5938.0 10426.8
12992 -8570.8 0.0 8570.8
12993 -8570.8 0.0 8570.8
12994 -8570.8 0.0 8570.8
12995 -8570.8 0.0 8570.8
12996 -8570.8 0.0 8570.8
12997 -8570.8 0.0 8570.8
12998 -8570.8 0.0 8570.8
13020 -8570.8 5938.0 10426.8
13021 -8570.8 5938.0 10426.8
13022 -8570.8 5938.0 10426.8
13023 -8570.8 5938.0 10426.8
13024 -8570.8 5938.0 10426.8
13025 -8570.8 5938.0 10426.8
13026 -8570.8 5938.0 10426.8
13048 -8570.8 11876.1 14645.8
13049 -8570.8 11876.1 14645.8
13050 -8570.8 11876.1 14645.8
13051 -8570.8 11876.1 14645.8
13052 -8570.8 11876.1 14645.8
13053 -8570.8 11876.1 14645.8
13054 -8570.8 11876.1 14645.8
13076 -8570.8 17814.1 19768.7
13077 -8570.8 17814.1 19768.7
13078 -8570.8 17814.1 19768.7
13079 -8570.8 17814.1 19768.7
13080 -8570.8 17814.1 19768.7
13081 -8570.8 17814.1 19768.7
13082 -8570.8 17814.1 19768.7
13104 -8570.8 23752.1 25251.2
13105 -8570.8 23752.1 25251.2
13106 -8570.8 23752.1 25251.2
13107 -8570.8 23752.1 25251.2
13108 -8570.8 23752.1 25251.2
13109 -8570.8 23752.1 25251.2
13110 -8570.8 23752.1 25251.2
13132 -8570.8 29690.2 30902.5
13133 -8570.8 29690.2 30902.5
13134 -8570.8 29690.2 30902.5
13135 -8570.8 29690.2 30902.5
13136 -8570.8 29690.2 30902.5
13137 -8570.8 29690.2 30902.5
13138 -8570.8 29690.2 30902.5
13160 -8570.8 35628.2 36644.6
13161 -8570.8 35628.2 36644.6
13162 -8570.8 35628.2 36644.6
13163 -8570.8 35628.2 36644.6
13164 -8570.8 35628.2 36644.6
13165 -8570.8 35628.2 36644.6
13166 -8570.8 35628.2 36644.6
13188 -8570.8 41566.2 42440.7
13189 -8570.8 41566.2 42440.7
13190 -8570.8 41566.2 42440.7
13191 -8570.8 41566.2 42440.7
13192 -8570.8 41566.2 42440.7
13193 -8570.8 41566.2 42440.7
13194 -8570.8 41566.2 42440.7
13216 -8570.8 47504.3 48271.3
13217 -8570.8 47504.3 48271.3
13218 -8570.8 47504.3 48271.3
13219 -8570.8 47504.3 48271.3
13220 -8570.8 47504.3 48271.3
13221 -8570.8 47504.3 48271.3
13222 -8570.8 47504.3 48271.3
13244 -8570.8 53442.3 54125.2
13245 -8570.8 53442.3 54125.2
13246 -8570.8 53442.3 54125.2
13247 -8570.8 53442.3 54125.2
13248 -8570.8 53442.3 54125.2
13249 -8570.8 53442.3 54125.2
13250 -8570.8 53442.3 54125.2
13272 -8570.8 59380.3 59995.7
13273 -8570.8 59380.3 59995.7
13274 -8570.8 59380.3 59995.7
13275 -8570.8 59380.3 59995.7
13276 -8570.8 59380.3 59995.7
13277 -8570.8 59380.3 59995.7
13278 -8570.8 59380.3 59995.7
13293 -6856.7 -56411.3 56826.5
13294 -6856.7 -56411.3 56826.5
13295 -6856.7 -56411.3 56826.5
13296 -6856.7 -56411.3 56826.5
13297 -6856.7 -56411.3 56826.5
13298 -6856.7 -56411.3 56826.5
13299 -6856.7 -56411.3 56826.5
13321 -6856.7 -50473.3 50936.9
13322 -6856.7 -50473.3 50936.9
13323 -6856.7 -50473.3 50936.9
13324 -6856.7 -50473.3 50936.9
13325 -6856.7 -50473.3 50936.9
13326 -6856.7 -50473.3 50936.9
13327 -6856.7 -50473.3 50936.9
13349 -6856.7 -44535.3 45060.0
13350 -6856.7 -44535.3 45060.0
13351 -6856.7 -44535.3 45060.0
13352 -6856.7 -44535.3 45060.0
13353 -6856.7 -44535.3 45060.0
13354 -6856.7 -44535.3 45060.0
13355 -6856.7 -44535.3 45060.0
13377 -6856.7 -38597.2 39201.5
13378 -6856.7 -38597.2 39201.5
13379 -6856.7 -38597.2 39201.5
13380 -6856.7 -38597.2 39201.5
13381 -6856.7 -38597.2 39201.5
13382 -6856.7 -38597.2 39201.5
13383 -6856.7 -38597.2 39201.5
13405 -6856.7 -32659.2 33371.2
13406 -6856.7 -32659.2 33371.2
13407 -6856.7 -32659.2 33371.2
13408 -6856.7 -32659.2 33371.2
13409 -6856.7 -32659.2 33371.2
13410 -6856.7 -32659.2 33371.2
13411 -6856.7 -32659.2 33371.2
13433 -6856.7 -26721.2 27586.8
13434 -6856.7 -26721.2 27586.8
13435 -6856.7 -26721.2 27586.8
13436 -6856.7 -26721.2 27586.8
13437 -6856.7 -26721.2 27586.8
13438 -6856.7 -26721.2 27586.8
13439 -6856.7 -26721.2 27586.8
13461 -6856.7 -20783.1 21885.0
13462 -6856.7 -20783.1 21885.0
13463 -6856.7 -20783.1 21885.0
13464 -6856.7 -20783.1 21885.0
13465 -6856.7 -20783.1 21885.0
13466 -6856.7 -20783.1 21885.0
13467 -6856.7 -20783.1 21885.0
13489 -6856.7 -14845.1 16352.1
13490 -6856.7 -14845.1 16352.1
13491 -6856.7 -14845.1 16352.1
13492 -6856.7 -14845.1 16352.1
13493 -6856.7 -14845.1 16352.1
13494 -6856.7 -14845.1 16352.1
13495 -6856.7 -14845.1 16352.1
13517 -6856.7 -8907.1 11240.5
13518 -6856.7 -8907.1 11240.5
13519 -6856.7 -8907.1 11240.5
13520 -6856.7 -8907.1 11240.5
13521 -6856.7 -8907.1 11240.5
13522 -6856.7 -8907.1 11240.5
13523 -6856.7 -8907.1 11240.5
13545 -6856.7 -2969.0 7471.9
13546 -6856.7 -2969.0 7471.9
13547 -6856.7 -2969.0 7471.9
13548 -6856.7 -2969.0 7471.9
13549 -6856.7 -2969.0 7471.9
13550 -6856.7 -2969.0 7471.9
13551 -6856.7 -2969.0 7471.9
13573 -6856.7 2969.0 7471.9
13574 -6856.7 2969.0 7471.9
13575 -6856.7 2969.0 7471.9
13576 -6856.7 2969.0 7471.9
13577 -6856.7 2969.0 7471.9
13578 -6856.7 2969.0 7471.9
13579 -6856.7 2969.0 7471.9
13601 -6856.7 8907.1 11240.5
13602 -6856.7 8907.1 11240.5
13603 -6856.7 8907.1 11240.5
13604 -6856.7 8907.1 11240.5
13605 -6856.7 8907.1 11240.5
13606 -6856.7 8907.1 11240.5
13607 -6856.7 8907.1 11240.5
13629 -6856.7 14845.1 16352.1
13630 -6856.7 14845.1 16352.1
13631 -6856.7 14845.1 16352.1
13632 -6856.7 14845.1 16352.1
13633 -6856.7 14845.1 16352.1
13634 -6856.7 14845.1 16352.1
13635 -6856.7 14845.1 16352.1
13657 -6856.7 20783.1 21885.0
13658 -6856.7 20783.1 21885.0
13659 -6856.7 20783.1 21885.0
13660 -6856.7 20783.1 21885.0
13661 -6856.7 20783.1 21885.0
13662 -6856.7 20783.1 21885.0
13663 -6856.7 20783.1 21885.0
13685 -6856.7 26721.2 27586.8
13686 -6856.7 26721.2 27586.8
13687 -6856.7 26721.2 27586.8
13688 -6856.7 26721.2 27586.8
13689 -6856.7 26721.2 27586.8
13690 -6856.7 26721.2 27586.8
13691 -6856.7 26721.2 27586.8
13713 -6856.7 32659.2 33371.2
13714 -6856.7 32659.2 33371.2
13715 -6856.7 32659.2 33371.2
13716 -6856.7 32659.2 33371.2
13717 -6856.7 32659.2 33371.2
13718 -6856.7 32659.2 33371.2
13719 -6856.7 32659.2 33371.2
13741 -6856.7 38597.2 39201.5
13742 -6856.7 38597.2 39201.5
13743 -6856.7 38597.2 39201.5
13744 -6856.7 38597.2 39201.5
13745 -6856.7 38597.2 39201.5
13746 -6856.7 38597.2 39201.5
13747 -6856.7 38597.2 39201.5
13769 -6856.7 44535.3 45060.0
13770 -6856.7 44535.3 45060.0
13771 -6856.7 44535.3 45060.0
13772 -6856.7 44535.3 45060.0
13773 -6856.7 44535.3 45060.0
13774 -6856.7 44535.3 45060.0
13775 -6856.7 44535.3 45060.0
13797 -6856.7 50473.3 50936.9
13798 -6856.7 50473.3 50936.9
13799 -6856.7 50473.3 50936.9
13800 -6856.7 50473.3 50936.9
13801 -6856.7 50473.3 50936.9
13802 -6856.7 50473.3 50936.9
13803 -6856.7 50473.3 50936.9
13825 -6856.7 56411.3 56826.5
13826 -6856.7 56411.3 56826.5
13827 -6856.7 56411.3 56826.5
13828 -6856.7 56411.3 56826.5
13829 -6856.7 56411.3 56826.5
13830 -6856.7 56411.3 56826.5
13831 -6856.7 56411.3 56826.5
13846 -5142.5 -59380.3 59602.6
13847 -5142.5 -59380.3 59602.6
13848 -5142.5 -59380.3 59602.6
13849 -5142.5 -59380.3 59602.6
13850 -5142.5 -59380.3 59602.6
13851 -5142.5 -59380.3 59602.6
13852 -5142.5 -59380.3 59602.6
13874 -5142.5 -53442.3 53689.2
13875 -5142.5 -53442.3 53689.2
13876 -5142.5 -53442.3 53689.2
13877 -5142.5 -53442.3 53689.2
13878 -5142.5 -53442.3 53689.2
13879 -5142.5 -53442.3 53689.2
13880 -5142.5 -53442.3 53689.2
13902 -5142.5 -47504.3 47781.8
13903 -5142.5 -47504.3 47781.8
13904 -5142.5 -47504.3 47781.8
13905 -5142.5 -47504.3 47781.8
13906 -5142.5 -47504.3 47781.8
13907 -5142.5 -47504.3 47781.8
13908 -5142.5 -47504.3 47781.8
13930 -5142.5 -41566.2 41883.1
13931 -5142.5 -41566.2 41883.1
13932 -5142.5 -41566.2 41883.1
13933 -5142.5 -41566.2 41883.1
13934 -5142.5 -41566.2 41883.1
13935 -5142.5 -41566.2 41883.1
13936 -5142.5 -41566.2 41883.1
13958 -5142.5 -35628.2 35997.4
13959 -5142.5 -35628.2 35997.4
13960 -5142.5 -35628.2 35997.4
13961 -5142.5 -35628.2 35997.4
13962 -5142.5 -35628.2 35997.4
13963 -5142.5 -35628.2 35997.4
13964 -5142.5 -35628.2 35997.4
13986 -5142.5 -29690.2 30132.2
13987 -5142.5 -29690.2 30132.2
13988 -5142.5 -29690.2 30132.2
13989 -5142.5 -29690.2 30132.2
13990 -5142.5 -29690.2 30132.2
13991 -5142.5 -29690.2 30132.2
13992 -5142.5 -29690.2 30132.2
14014 -5142.5 -23752.1 24302.5
14015 -5142.5 -23752.1 24302.5
14016 -5142.5 -23752.1 24302.5
14017 -5142.5 -23752.1 24302.5
14018 -5142.5 -23752.1 24302.5
14019 -5142.5 -23752.1 24302.5
14020 -5142.5 -23752.1 24302.5
14042 -5142.5 -17814.1 18541.5
14043 -5142.5 -17814.1 18541.5
14044 -5142.5 -17814.1 18541.5
14045 -5142.5 -17814.1 18541.5
14046 -5142.5 -17814.1 18541.5
14047 -5142.5 -17814.1 18541.5
14048 -5142.5 -17814.1 18541.5
14070 -5142.5 -11876.1 12941.6
14071 -5142.5 -11876.1 12941.6
14072 -5142.5 -11876.1 12941.6
14073 -5142.5 -11876.1 12941.6
14074 -5142.5 -11876.1 12941.6
14075 -5142.5 -11876.1 12941.6
14076 -5142.5 -11876.1 12941.6
14098 -5142.5 -5938.0 7855.3
14099 -5142.5 -5938.0 7855.3
14100 -5142.5 -5938.0 7855.3
14101 -5142.5 -5938.0 7855.3
14102 -5142.5 -5938.0 7855.3
14103 -5142.5 -5938.0 7855.3
14104 -5142.5 -5938.0 7855.3
14126 -5142.5 0.0 5142.5
14127 -5142.5 0.0 5142.5
14128 -5142.5 0.0 5142.5
14129 -5142.5 0.0 5142.5
14130 -5142.5 0.0 5142.5
14131 -5142.5 0.0 5142.5
14132 -5142.5 0.0 5142.5
14154 -5142.5 5938.0 7855.3
14155 -5142.5 5938.0 7855.3
14156 -5142.5 5938.0 7855.3
14157 -5142.5 5938.0 7855.3
14158 -5142.5 5938.0 7855.3
14159 -5142.5 5938.0 7855.3
14160 -5142.5 5938.0 7855.3
14182 -5142.5 11876.1 12941.6
14183 -5142.5 11876.1 12941.6
14184 -5142.5 11876.1 12941.6
14185 -5142.5 11876.1 12941.6
14186 -5142.5 11876.1 12941.6
14187 -5142.5 11876.1 12941.6
14188 -5142.5 11876.1 12941.6
14210 -5142.5 17814.1 18541.5
14211 -5142.5 17814.1 18541.5
14212 -5142.5 17814.1 18541.5
14213 -5142.5 17814.1 18541.5
14214 -5142.5 17814.1 18541.5
14215 -5142.5 17814.1 18541.5
14216 -5142.5 17814.1 18541.5
14238 -5142.5 23752.1 24302.5
14239 -5142.5 23752.1 24302.5
14240 -5142.5 23752.1 24302.5
14241 -5142.5 23752.1 24302.5
14242 -5142.5 23752.1 24302.5
14243 -5142.5 23752.1 24302.5
14244 -5142.5 23752.1 24302.5
14266 -5142.5 29690.2 30132.2
14267 -5142.5 29690.2 30132.2
14268 -5142.5 29690.2 30132.2
14269 -5142.5 29690.2 30132.2
14270 -5142.5 29690.2 30132.2
14271 -5142.5 29690.2 30132.2
14272 -5142.5 29690.2 30132.2
14294 -5142.5 35628.2 35997.4
14295 -5142.5 35628.2 35997.4
14296 -5142.5 35628.2 35997.4
14297 -5142.5 35628.2 35997.4
14298 -5142.5 35628.2 35997.4
14299 -5142.5 35628.2 35997.4
14300 -5142.5 35628.2 35997.4
14322 -5142.5 41566.2 41883.1
14323 -5142.5 41566.2 41883.1
14324 -5142.5 41566.2 41883.1
14325 -5142.5 41566.2 41883.1
14326 -5142.5 41566.2 41883.1
14327 -5142.5 41566.2 41883.1
14328 -5142.5 41566.2 41883.1
14350 -5142.5 47504.3 47781.8
14351 -5142.5 47504.3 47781.8
14352 -5142.5 47504.3 47781.8
14353 -5142.5 47504.3 47781.8
14354 -5142.5 47504.3 47781.8
14355 -5142.5 47504.3 47781.8
14356 -5142.5 47504.3 47781.8
14378 -5142.5 53442.3 53689.2
14379 -5142.5 53442.3 53689.2
14380 -5142.5 53442.3 53689.2
14381 -5142.5 53442.3 53689.2
14382 -5142.5 53442.3 53689.2
14383 -5142.5 53442.3 53689.2
14384 -5142.5 53442.3 53689.2
14406 -5142.5 59380.3 59602.6
14407 -5142.5 59380.3 59602.6
14408 -5142.5 59380.3 59602.6
14409 -5142.5 59380.3 59602.6
14410 -5142.5 59380.3 59602.6
14411 -5142.5 59380.3 59602.6
14412 -5142.5 59380.3 59602.6
14427 -3428.3 -56411.3 56515.4
14428 -3428.3 -56411.3 56515.4
14429 -3428.3 -56411.3 56515.4
14430 -3428.3 -56411.3 56515.4
14431 -3428.3 -56411.3 56515.4
14432 -3428.3 -56411.3 56515.4
14433 -3428.3 -56411.3 56515.4
14455 -3428.3 -50473.3 50589.6
14456 -3428.3 -50473.3 50589.6
14457 -3428.3 -50473.3 50589.6
14458 -3428.3 -50473.3 50589.6
14459 -3428.3 -50473.3 50589.6
14460 -3428.3 -50473.3 50589.6
14461 -3428.3 -50473.3 50589.6
14483 -3428.3 -44535.3 44667.0
14484 -3428.3 -44535.3 44667.0
14485 -3428.3 -44535.3 44667.0
14486 -3428.3 -44535.3 44667.0
14487 -3428.3 -44535.3 44667.0
14488 -3428.3 -44535.3 44667.0
14489 -3428.3 -44535.3 44667.0
14511 -3428.3 -38597.2 38749.2
14512 -3428.3 -38597.2 38749.2
14513 -3428.3 -38597.2 38749.2
14514 -3428.3 -38597.2 38749.2
14515 -3428.3 -38597.2 38749.2
14516 -3428.3 -38597.2 38749.2
14517 -3428.3 -38597.2 38749.2
14539 -3428.3 -32659.2 32838.6
14540 -3428.3 -32659.2 32838.6
14541 -3428.3 -32659.2 32838.6
14542 -3428.3 -32659.2 32838.6
14543 -3428.3 -32659.2 32838.6
14544 -3428.3 -32659.2 32838.6
14545 -3428.3 -32659.2 32838.6
14567 -3428.3 -26721.2 26940.2
14568 -3428.3 -26721.2 26940.2
14569 -3428.3 -26721.2 26940.2
14570 -3428.3 -26721.2 26940.2
14571 -3428.3 -26721.2 26940.2
14572 -3428.3 -26721.2 26940.2
14573 -3428.3 -26721.2 26940.2
14595 -3428.3 -20783.1 21064.0
14596 -3428.3 -20783.1 21064.0
14597 -3428.3 -20783.1 21064.0
14598 -3428.3 -20783.1 21064.0
14599 -3428.3 -20783.1 21064.0
14600 -3428.3 -20783.1 21064.0
14601 -3428.3 -20783.1 21064.0
14623 -3428.3 -14845.1 15235.8
14624 -3428.3 -14845.1 15235.8
14625 -3428.3 -14845.1 15235.8
14626 -3428.3 -14845.1 15235.8
14627 -3428.3 -14845.1 15235.8
14628 -3428.3 -14845.1 15235.8
14629 -3428.3 -14845.1 15235.8
14651 -3428.3 -8907.1 9544.1
14652 -3428.3 -8907.1 9544.1
14653 -3428.3 -8907.1 9544.1
14654 -3428.3 -8907.1 9544.1
14655 -3428.3 -8907.1 9544.1
14656 -3428.3 -8907.1 9544.1
14657 -3428.3 -8907.1 9544.1
14679 -3428.3 -2969.0 4535.2
14680 -3428.3 -2969.0 4535.2
14681 -3428.3 -2969.0 4535.2
14682 -3428.3 -2969.0 4535.2
14683 -3428.3 -2969.0 4535.2
14684 -3428.3 -2969.0 4535.2
14685 -3428.3 -2969.0 4535.2
14707 -3428.3 2969.0 4535.2
14708 -3428.3 2969.0 4535.2
14709 -3428.3 2969.0 4535.2
14710 -3428.3 2969.0 4535.2
14711 -3428.3 2969.0 4535.2
14712 -3428.3 2969.0 4535.2
14713 -3428.3 2969.0 4535.2
14735 -3428.3 8907.1 9544.1
14736 -3428.3 8907.1 9544.1
14737 -3428.3 8907.1 9544.1
14738 -3428.3 8907.1 9544.1
14739 -3428.3 8907.1 9544.1
14740 -3428.3 8907.1 9544.1
14741 -3428.3 8907.1 9544.1
14763 -3428.3 14845.1 15235.8
14764 -3428.3 14845.1 15235.8
14765 -3428.3 14845.1 15235.8
14766 -3428.3 14845.1 15235.8
14767 -3428.3 14845.1 15235.8
14768 -3428.3 14845.1 15235.8
14769 -3428.3 14845.1 15235.8
14791 -3428.3 20783.1 21064.0
14792 -3428.3 20783.1 21064.0
14793 -3428.3 20783.1 21064.0
14794 -3428.3 20783.1 21064.0
14795 -3428.3 20783.1 21064.0
14796 -3428.3 20783.1 21064.0
14797 -3428.3 20783.1 21064.0
14819 -3428.3 26721.2 26940.2
14820 -3428.3 26721.2 26940.2
14821 -3428.3 26721.2 26940.2
14822 -3428.3 26721.2 26940.2
14823 -3428.3 26721.2 26940.2
14824 -3428.3 26721.2 26940.2
14825 -3428.3 26721.2 26940.2
14847 -3428.3 32659.2 32838.6
14848 -3428.3 32659.2 32838.6
14849 -3428.3 32659.2 32838.6
14850 -3428.3 32659.2 32838.6
14851 -3428.3 32659.2 32838.6
14852 -3428.3 32659.2 32838.6
14853 -3428.3 32659.2 32838.6
14875 -3428.3 38597.2 38749.2
14876 -3428.3 38597.2 38749.2
14877 -3428.3 38597.2 38749.2
14878 -3428.3 38597.2 38749.2
14879 -3428.3 38597.2 38749.2
14880 -3428.3 38597.2 38749.2
14881 -3428.3 38597.2 38749.2
14903 -3428.3 44535.3 44667.0
14904 -3428.3 44535.3 44667.0
14905 -3428.3 44535.3 44667.0
14906 -3428.3 44535.3 44667.0
14907 -3428.3 44535.3 44667.0
14908 -3428.3 44535.3 44667.0
14909 -3428.3 44535.3 44667.0
14931 -3428.3 50473.3 50589.6
14932 -3428.3 50473.3 50589.6
14933 -3428.3 50473.3 50589.6
14934 -3428.3 50473.3 50589.6
14935 -3428.3 50473.3 50589.6
14936 -3428.3 50473.3 50589.6
14937 -3428.3 50473.3 50589.6
14959 -3428.3 56411.3 56515.4
14960 -3428.3 56411.3 56515.4
14961 -3428.3 56411.3 56515.4
14962 -3428.3 56411.3 56515.4
14963 -3428.3 56411.3 56515.4
14964 -3428.3 56411.3 56515.4
14965 -3428.3 56411.3 56515.4
14980 -1714.2 -59380.3 59405.1
14981 -1714.2 -59380.3 59405.1
14982 -1714.2 -59380.3 59405.1
14983 -1714.2 -59380.3 59405.1
14984 -1714.2 -59380.3 59405.1
14985 -1714.2 -59380.3 59405.1
14986 -1714.2 -59380.3 59405.1
15008 -1714.2 -53442.3 53469.8
15009 -1714.2 -53442.3 53469.8
15010 -1714.2 -53442.3 53469.8
15011 -1714.2 -53442.3 53469.8
15012 -1714.2 -53442.3 53469.8
15013 -1714.2 -53442.3 53469.8
15014 -1714.2 -53442.3 53469.8
15036 -1714.2 -47504.3 47535.2
15037 -1714.2 -47504.3 47535.2
15038 -1714.2 -47504.3 47535.2
15039 -1714.2 -47504.3 47535.2
15040 -1714.2 -47504.3 47535.2
15041 -1714.2 -47504.3 47535.2
15042 -1714.2 -47504.3 47535.2
15064 -1714.2 -41566.2 41601.6
15065 -1714.2 -41566.2 41601.6
15066 -1714.2 -41566.2 41601.6
15067 -1714.2 -41566.2 41601.6
15068 -1714.2 -41566.2 41601.6
15069 -1714.2 -41566.2 41601.6
15070 -1714.2 -41566.2 41601.6
15092 -1714.2 -35628.2 35669.4
15093 -1714.2 -35628.2 35669.4
15094 -1714.2 -35628.2 35669.4
15095 -1714.2 -35628.2 35669.4
15096 -1714.2 -35628.2 35669.4
15097 -1714.2 -35628.2 35669.4
15098 -1714.2 -35628.2 35669.4
15120 -1714.2 -29690.2 29739.6
15121 -1714.2 -29690.2 29739.6
15122 -1714.2 -29690.2 29739.6
15123 -1714.2 -29690.2 29739.6
15124 -1714.2 -29690.2 29739.6
15125 -1714.2 -29690.2 29739.6
15126 -1714.2 -29690.2 29739.6
15148 -1714.2 -23752.1 23813.9
15149 -1714.2 -23752.1 23813.9
15150 -1714.2 -23752.1 23813.9
15151 -1714.2 -23752.1 23813.9
15152 -1714.2 -23752.1 23813.9
15153 -1714.2 -23752.1 23813.9
15154 -1714.2 -23752.1 23813.9
15176 -1714.2 -17814.1 17896.4
15177 -1714.2 -17814.1 17896.4
15178 -1714.2 -17814.1 17896.4
15179 -1714.2 -17814.1 17896.4
15180 -1714.2 -17814.1 17896.4
15181 -1714.2 -17814.1 17896.4
15182 -1714.2 -17814.1 17896.4
15204 -1714.2 -11876.1 11999.1
15205 -1714.2 -11876.1 11999.1
15206 -1714.2 -11876.1 11999.1
15207 -1714.2 -11876.1 11999.1
15208 -1714.2 -11876.1 11999.1
15209 -1714.2 -11876.1 11999.1
15210 -1714.2 -11876.1 11999.1
15232 -1714.2 -5938.0 6180.5
15233 -1714.2 -5938.0 6180.5
15234 -1714.2 -5938.0 6180.5
15235 -1714.2 -5938.0 6180.5
15236 -1714.2 -5938.0 6180.5
15237 -1714.2 -5938.0 6180.5
15238 -1714.2 -5938.0 6180.5
15260 -1714.2 0.0 1714.2
15261 -1714.2 0.0 1714.2
15262 -1714.2 0.0 1714.2
15263 -1714.2 0.0 1714.2
15264 -1714.2 0.0 1714.2
15265 -1714.2 0.0 1714.2
15266 -1714.2 0.0 1714.2
15288 -1714.2 5938.0 6180.5
15289 -1714.2 5938.0 6180.5
15290 -1714.2 5938.0 6180.5
15291 -1714.2 5938.0 6180.5
15292 -1714.2 5938.0 6180.5
15293 -1714.2 5938.0 6180.5
15294 -1714.2 5938.0 6180.5
15316 -1714.2 11876.1 11999.1
15317 -1714.2 11876.1 11999.1
15318 -1714.2 11876.1 11999.1
15319 -1714.2 11876.1 11999.1
15320 -1714.2 11876.1 11999.1
15321 -1714.2 11876.1 11999.1
15322 -1714.2 11876.1 11999.1
15344 -1714.2 17814.1 17896.4
15345 -1714.2 17814.1 17896.4
15346 -1714.2 17814.1 17896.4
15347 -1714.2 17814.1 17896.4
15348 -1714.2 17814.1 17896.4
15349 -1714.2 17814.1 17896.4
15350 -1714.2 17814.1 17896.4
15372 -1714.2 23752.1 23813.9
15373 -1714.2 23752.1 23813.9
15374 -1714.2 23752.1 23813.9
15375 -1714.2 23752.1 23813.9
15376 -1714.2 23752.1 23813.9
15377 -1714.2 23752.1 23813.9
15378 -1714.2 23752.1 23813.9
15400 -1714.2 29690.2 29739.6
15401 -1714.2 29690.2 29739.6
15402 -1714.2 29690.2 29739.6
15403 -1714.2 29690.2 29739.6
15404 -1714.2 29690.2 29739.6
15405 -1714.2 29690.2 29739.6
15406 -1714.2 29690.2 29739.6
15428 -1714.2 35628.2 35669.4
15429 -1714.2 35628.2 35669.4
15430 -1714.2 35628.2 35669.4
15431 -1714.2 35628.2 35669.4
15432 -1714.2 35628.2 35669.4
15433 -1714.2 35628.2 35669.4
15434 -1714.2 35628.2 35669.4
15456 -1714.2 41566.2 41601.6
15457 -1714.2 41566.2 41601.6
15458 -1714.2 41566.2 41601.6
15459 -1714.2 41566.2 41601.6
15460 -1714.2 41566.2 41601.6
15461 -1714.2 41566.2 41601.6
15462 -1714.2 41566.2 41601.6
15484 -1714.2 47504.3 47535.2
15485 -1714.2 47504.3 47535.2
15486 -1714.2 47504.3 47535.2
15487 -1714.2 47504.3 47535.2
15488 -1714.2 47504.3 47535.2
15489 -1714.2 47504.3 47535.2
15490 -1714.2 47504.3 47535.2
15512 -1714.2 53442.3 53469.8
15513 -1714.2 53442.3 53469.8
15514 -1714.2 53442.3 53469.8
15515 -1714.2 53442.3 53469.8
15516 -1714.2 53442.3 53469.8
15517 -1714.2 53442.3 53469.8
15518 -1714.2 53442.3 53469.8
15540 -1714.2 59380.3 59405.1
15541 -1714.2 59380.3 59405.1
15542 -1714.2 59380.3 59405.1
15543 -1714.2 59380.3 59405.1
15544 -1714.2 59380.3 59405.1
15545 -1714.2 59380.3 59405.1
15546 -1714.2 59380.3 59405.1
15561 0.0 -56411.3 56411.3
15562 0.0 -56411.3 56411.3
15563 0.0 -56411.3 56411.3
15564 0.0 -56411.3 56411.3
15565 0.0 -56411.3 56411.3
15566 0.0 -56411.3 56411.3
15567 0.0 -56411.3 56411.3
15589 0.0 -50473.3 50473.3
15590 0.0 -50473.3 50473.3
15591 0.0 -50473.3 50473.3
15592 0.0 -50473.3 50473.3
15593 0.0 -50473.3 50473.3
15594 0.0 -50473.3 50473.3
15595 0.0 -50473.3 50473.3
15617 0.0 -44535.3 44535.3
15618 0.0 -44535.3 44535.3
15619 0.0 -44535.3 44535.3
15620 0.0 -44535.3 44535.3
15621 0.0 -44535.3 44535.3
15622 0.0 -44535.3 44535.3
15623 0.0 -44535.3 44535.3
15645 0.0 -38597.2 38597.2
15646 0.0 -38597.2 38597.2
15647 0.0 -38597.2 38597.2
15648 0.0 -38597.2 38597.2
15649 0.0 -38597.2 38597.2
15650 0.0 -38597.2 38597.2
15651 0.0 -38597.2 38597.2
15673 0.0 -32659.2 32659.2
15674 0.0 -32659.2 32659.2
15675 0.0 -32659.2 32659.2
15676 0.0 -32659.2 32659.2
15677 0.0 -32659.2 32659.2
15678 0.0 -32659.2 32659.2
15679 0.0 -32659.2 32659.2
15701 0.0 -26721.2 26721.2
15702 0.0 -26721.2 26721.2
15703 0.0 -26721.2 26721.2
15704 0.0 -26721.2 26721.2
15705 0.0 -26721.2 26721.2
15706 0.0 -26721.2 26721.2
15707 0.0 -26721.2 26721.2
15729 0.0 -20783.1 20783.1
15730 0.0 -20783.1 20783.1
15731 0.0 -20783.1 20783.1
15732 0.0 -20783.1 20783.1
15733 0.0 -20783.1 20783.1
15734 0.0 -20783.1 20783.1
15735 0.0 -20783.1 20783.1
15757 0.0 -14845.1 14845.1
15758 0.0 -14845.1 14845.1
15759 0.0 -14845.1 14845.1
15760 0.0 -14845.1 14845.1
15761 0.0 -14845.1 14845.1
15762 0.0 -14845.1 14845.1
15763 0.0 -14845.1 14845.1
15785 0.0 -8907.1 8907.1
15786 0.0 -8907.1 8907.1
15787 0.0 -8907.1 8907.1
15788 0.0 -8907.1 8907.1
15789 0.0 -8907.1 8907.1
15790 0.0 -8907.1 8907.1
15791 0.0 -8907.1 8907.1
15813 0.0 -2969.0 2969.0
15814 0.0 -2969.0 2969.0
15815 0.0 -2969.0 2969.0
15816 0.0 -2969.0 2969.0
15817 0.0 -2969.0 2969.0
15818 0.0 -2969.0 2969.0
15819 0.0 -2969.0 2969.0
15841 0.0 2969.0 2969.0
15842 0.0 2969.0 2969.0
15843 0.0 2969.0 2969.0
15844 0.0 2969.0 2969.0
15845 0.0 2969.0 2969.0
15846 0.0 2969.0 2969.0
15847 0.0 2969.0 2969.0
15869 0.0 8907.1 8907.1
15870 0.0 8907.1 8907.1
15871 0.0 8907.1 8907.1
15872 0.0 8907.1 8907.1
15873 0.0 8907.1 8907.1
15874 0.0 8907.1 8907.1
15875 0.0 8907.1 8907.1
15897 0.0 14845.1 14845.1
15898 0.0 14845.1 14845.1
15899 0.0 14845.1 14845.1
15900 0.0 14845.1 14845.1
15901 0.0 14845.1 14845.1
15902 0.0 14845.1 14845.1
15903 0.0 14845.1 14845.1
15925 0.0 20783.1 20783.1
15926 0.0 20783.1 20783.1
15927 0.0 20783.1 20783.1
15928 0.0 20783.1 20783.1
15929 0.0 20783.1 20783.1
15930 0.0 20783.1 20783.1
15931 0.0 20783.1 20783.1
15953 0.0 26721.2 26721.2
15954 0.0 26721.2 26721.2
15955 0.0 26721.2 26721.2
15956 0.0 26721.2 26721.2
15957 0.0 26721.2 26721.2
15958 0.0 26721.2 26721.2
15959 0.0 26721.2 26721.2
15981 0.0 32659.2 32659.2
15982 0.0 32659.2 32659.2
15983 0.0 32659.2 32659.2
15984 0.0 32659.2 32659.2
15985 0.0 32659.2 32659.2
15986 0.0 32659.2 32659.2
15987 0.0 32659.2 32659.2
16009 0.0 38597.2 38597.2
16010 0.0 38597.2 38597.2
16011 0.0 38597.2 38597.2
16012 0.0 38597.2 38597.2
16013 0.0 38597.2 38597.2
16014 0.0 38597.2 38597.2
16015 0.0 38597.2 38597.2
16037 0.0 44535.3 44535.3
16038 0.0 44535.3 44535.3
16039 0.0 44535.3 44535.3
16040 0.0 44535.3 44535.3
16041 0.0 44535.3 44535.3
16042 0.0 44535.3 44535.3
16043 0.0 44535.3 44535.3
16065 0.0 50473.3 50473.3
16066 0.0 50473.3 50473.3
16067 0.0 50473.3 50473.3
16068 0.0 50473.3 50473.3
16069 0.0 50473.3 50473.3
16070 0.0 50473.3 50473.3
16071 0.0 50473.3 50473.3
16093 0.0 56411.3 56411.3
16094 0.0 56411.3 56411.3
16095 0.0 56411.3 56411.3
16096 0.0 56411.3 56411.3
16097 0.0 56411.3 56411.3
16098 0.0 56411.3 56411.3
16099 0.0 56411.3 56411.3
16114 1714.2 -59380.3 59405.1
16115 1714.2 -59380.3 59405.1
16116 1714.2 -59380.3 59405.1
16117 1714.2 -59380.3 59405.1
16118 1714.2 -59380.3 59405.1
16119 1714.2 -59380.3 59405.1
16120 1714.2 -59380.3 59405.1
16142 1714.2 -53442.3 53469.8
16143 1714.2 -53442.3 53469.8
16144 1714.2 -53442.3 53469.8
16145 1714.2 -53442.3 53469.8
16146 1714.2 -53442.3 53469.8
16147 1714.2 -53442.3 53469.8
16148 1714.2 -53442.3 53469.8
16170 1714.2 -47504.3 47535.2
16171 1714.2 -47504.3 47535.2
16172 1714.2 -47504.3 47535.2
16173 1714.2 -47504.3 47535.2
16174 1714.2 -47504.3 47535.2
16175 1714.2 -47504.3 47535.2
16176 1714.2 -47504.3 47535.2
16198 1714.2 -41566.2 41601.6
16199 1714.2 -41566.2 41601.6
16200 1714.2 -41566.2 41601.6
16201 1714.2 -41566.2 41601.6
16202 1714.2 -41566.2 41601.6
16203 1714.2 -41566.2 41601.6
16204 1714.2 -41566.2 41601.6
16226 1714.2 -35628.2 35669.4
16227 1714.2 -35628.2 35669.4
16228 1714.2 -35628.2 35669.4
16229 1714.2 -35628.2 35669.4
16230 1714.2 -35628.2 35669.4
16231 1714.2 -35628.2 35669.4
16232 1714.2 -35628.2 35669.4
16254 1714.2 -29690.2 29739.6
16255 1714.2 -29690.2 29739.6
16256 1714.2 -29690.2 29739.6
16257 1714.2 -29690.2 29739.6
16258 1714.2 -29690.2 29739.6
16259 1714.2 -29690.2 29739.6
16260 1714.2 -29690.2 29739.6
16282 1714.2 -23752.1 23813.9
16283 1714.2 -23752.1 23813.9
16284 1714.2 -23752.1 23813.9
16285 1714.2 -23752.1 23813.9
16286 1714.2 -23752.1 23813.9
16287 1714.2 -23752.1 23813.9
16288 1714.2 -23752.1 23813.9
16310 1714.2 -17814.1 17896.4
16311 1714.2 -17814.1 17896.4
16312 1714.2 -17814.1 17896.4
16313 1714.2 -17814.1 17896.4
16314 1714.2 -17814.1 17896.4
16315 1714.2 -17814.1 17896.4
16316 1714.2 -17814.1 17896.4
16338 1714.2 -11876.1 11999.1
16339 1714.2 -11876.1 11999.1
16340 1714.2 -11876.1 11999.1
16341 1714.2 -11876.1 11999.1
16342 1714.2 -11876.1 11999.1
16343 1714.2 -11876.1 11999.1
16344 1714.2 -11876.1 11999.1
16366 1714.2 -5938.0 6180.5
16367 1714.2 -5938.0 6180.5
16368 1714.2 -5938.0 6180.5
16369 1714.2 -5938.0 6180.5
16370 1714.2 -5938.0 6180.5
16371 1714.2 -5938.0 6180.5
16372 1714.2 -5938.0 6180.5
16394 1714.2 0.0 1714.2
16395 1714.2 0.0 1714.2
16396 1714.2 0.0 1714.2
16397 1714.2 0.0 1714.2
16398 1714.2 0.0 1714.2
16399 1714.2 0.0 1714.2
16400 1714.2 0.0 1714.2
16422 1714.2 5938.0 6180.5
16423 1714.2 5938.0 6180.5
16424 1714.2 5938.0 6180.5
16425 1714.2 5938.0 6180.5
16426 1714.2 5938.0 6180.5
16427 1714.2 5938.0 6180.5
16428 1714.2 5938.0 6180.5
16450 1714.2 11876.1 11999.1
16451 1714.2 11876.1 11999.1
16452 1714.2 11876.1 11999.1
16453 1714.2 11876.1 11999.1
16454 1714.2 11876.1 11999.1
16455 1714.2 11876.1 11999.1
16456 1714.2 11876.1 11999.1
16478 1714.2 17814.1 17896.4
16479 1714.2 17814.1 17896.4
16480 1714.2 17814.1 17896.4
16481 1714.2 17814.1 17896.4
16482 1714.2 17814.1 17896.4
16483 1714.2 17814.1 17896.4
16484 1714.2 17814.1 17896.4
16506 1714.2 23752.1 23813.9
16507 1714.2 23752.1 23813.9
16508 1714.2 23752.1 23813.9
16509 1714.2 23752.1 23813.9
16510 1714.2 23752.1 23813.9
16511 1714.2 23752.1 23813.9
16512 1714.2 23752.1 23813.9
16534 1714.2 29690.2 29739.6
16535 1714.2 29690.2 29739.6
16536 1714.2 29690.2 29739.6
16537 1714.2 29690.2 29739.6
16538 1714.2 29690.2 29739.6
16539 1714.2 29690.2 29739.6
16540 1714.2 29690.2 29739.6
16562 1714.2 35628.2 35669.4
16563 1714.2 35628.2 35669.4
16564 1714.2 35628.2 35669.4
16565 1714.2 35628.2 35669.4
16566 1714.2 35628.2 35669.4
16567 1714.2 35628.2 35669.4
16568 1714.2 35628.2 35669.4
16590 1714.2 41566.2 41601.6
16591 1714.2 41566.2 41601.6
16592 1714.2 41566.2 41601.6
16593 1714.2 41566.2 41601.6
16594 1714.2 41566.2 41601.6
16595 1714.2 41566.2 41601.6
16596 1714.2 41566.2 41601.6
16618 1714.2 47504.3 47535.2
16619 1714.2 47504.3 47535.2
16620 1714.2 47504.3 47535.2
16621 1714.2 47504.3 47535.2
16622 1714.2 47504.3 47535.2
16623 1714.2 47504.3 47535.2
16624 1714.2 47504.3 47535.2
16646 1714.2 53442.3 53469.8
16647 1714.2 53442.3 53469.8
16648 1714.2 53442.3 53469.8
16649 1714.2 53442.3 53469.8
16650 1714.2 53442.3 53469.8
16651 1714.2 53442.3 53469.8
16652 1714.2 53442.3 53469.8
16674 1714.2 59380.3 59405.1
16675 1714.2 59380.3 59405.1
16676 1714.2 59380.3 59405.1
16677 1714.2 59380.3 59405.1
16678 1714.2 59380.3 59405.1
16679 1714.2 59380.3 59405.1
16680 1714.2 59380.3 59405.1
16695 3428.3 -56411.3 56515.4
16696 3428.3 -56411.3 56515.4
16697 3428.3 -56411.3 56515.4
16698 3428.3 -56411.3 56515.4
16699 3428.3 -56411.3 56515.4
16700 3428.3 -56411.3 56515.4
16701 3428.3 -56411.3 56515.4
16723 3428.3 -50473.3 50589.6
16724 3428.3 -50473.3 50589.6
16725 3428.3 -50473.3 50589.6
16726 3428.3 -50473.3 50589.6
16727 3428.3 -50473.3 50589.6
16728 3428.3 -50473.3 50589.6
16729 3428.3 -50473.3 50589.6
16751 3428.3 -44535.3 44667.0
16752 3428.3 -44535.3 44667.0
16753 3428.3 -44535.3 44667.0
16754 3428.3 -44535.3 44667.0
16755 3428.3 -44535.3 44667.0
16756 3428.3 -44535.3 44667.0
16757 3428.3 -44535.3 44667.0
16779 3428.3 -38597.2 38749.2
16780 3428.3 -38597.2 38749.2
16781 3428.3 -38597.2 38749.2
16782 3428.3 -38597.2 38749.2
16783 3428.3 -38597.2 38749.2
16784 3428.3 -38597.2 38749.2
16785 3428.3 -38597.2 38749.2
16807 3428.3 -32659.2 32838.6
16808 3428.3 -32659.2 32838.6
16809 3428.3 -32659.2 32838.6
16810 3428.3 -32659.2 32838.6
16811 3428.3 -32659.2 32838.6
16812 3428.3 -32659.2 32838.6
16813 3428.3 -32659.2 32838.6
16835 3428.3 -26721.2 26940.2
16836 3428.3 -26721.2 26940.2
16837 3428.3 -26721.2 26940.2
16838 3428.3 -26721.2 26940.2
16839 3428.3 -26721.2 26940.2
16840 3428.3 -26721.2 26940.2
16841 3428.3 -26721.2 26940.2
16863 3428.3 -20783.1 21064.0
16864 3428.3 -20783.1 21064.0
16865 3428.3 -20783.1 21064.0
16866 3428.3 -20783.1 21064.0
16867 3428.3 -20783.1 21064.0
16868 3428.3 -20783.1 21064.0
16869 3428.3 -20783.1 21064.0
16891 3428.3 -14845.1 15235.8
16892 3428.3 -14845.1 15235.8
16893 3428.3 -14845.1 15235.8
16894 3428.3 -14845.1 15235.8
16895 3428.3 -14845.1 15235.8
16896 3428.3 -14845.1 15235.8
16897 3428.3 -14845.1 15235.8
16919 3428.3 -8907.1 9544.1
16920 3428.3 -8907.1 9544.1
16921 3428.3 -8907.1 9544.1
16922 3428.3 -8907.1 9544.1
16923 3428.3 -8907.1 9544.1
16924 3428.3 -8907.1 9544.1
16925 3428.3 -8907.1 9544.1
16947 3428.3 -2969.0 4535.2
16948 3428.3 -2969.0 4535.2
16949 3428.3 -2969.0 4535.2
16950 3428.3 -2969.0 4535.2
16951 3428.3 -2969.0 4535.2
16952 3428.3 -2969.0 4535.2
16953 3428.3 -2969.0 4535.2
16975 3428.3 2969.0 4535.2
16976 3428.3 2969.0 4535.2
16977 3428.3 2969.0 4535.2
16978 3428.3 2969.0 4535.2
16979 3428.3 2969.0 4535.2
16980 3428.3 2969.0 4535.2
16981 3428.3 2969.0 4535.2
17003 3428.3 8907.1 9544.1
17004 3428.3 8907.1 9544.1
17005 3428.3 8907.1 9544.1
17006 3428.3 8907.1 9544.1
17007 3428.3 8907.1 9544.1
17008 3428.3 8907.1 9544.1
17009 3428.3 8907.1 9544.1
17031 3428.3 14845.1 15235.8
17032 3428.3 14845.1 15235.8
17033 3428.3 14845.1 15235.8
17034 3428.3 14845.1 15235.8
17035 3428.3 14845.1 15235.8
17036 3428.3 14845.1 15235.8
17037 3428.3 14845.1 15235.8
17059 3428.3 20783.1 21064.0
17060 3428.3 20783.1 21064.0
17061 3428.3 20783.1 21064.0
17062 3428.3 20783.1 21064.0
17063 3428.3 20783.1 21064.0
17064 3428.3 20783.1 21064.0
17065 3428.3 20783.1 21064.0
17087 3428.3 26721.2 26940.2
17088 3428.3 26721.2 26940.2
17089 3428.3 26721.2 26940.2
17090 3428.3 26721.2 26940.2
17091 3428.3 26721.2 26940.2
17092 3428.3 26721.2 26940.2
17093 3428.3 26721.2 26940.2
17115 3428.3 32659.2 32838.6
17116 3428.3 32659.2 32838.6
17117 3428.3 32659.2 32838.6
17118 3428.3 32659.2 32838.6
17119 3428.3 32659.2 32838.6
17120 3428.3 32659.2 32838.6
17121 3428.3 32659.2 32838.6
17143 3428.3 38597.2 38749.2
17144 3428.3 38597.2 38749.2
17145 3428.3 38597.2 38749.2
17146 3428.3 38597.2 38749.2
17147 3428.3 38597.2 38749.2
17148 3428.3 38597.2 38749.2
17149 3428.3 38597.2 38749.2
17171 3428.3 44535.3 44667.0
17172 3428.3 44535.3 44667.0
17173 3428.3 44535.3 44667.0
17174 3428.3 44535.3 44667.0
17175 3428.3 44535.3 44667.0
17176 3428.3 44535.3 44667.0
17177 3428.3 44535.3 44667.0
17199 3428.3 50473.3 50589.6
17200 3428.3 50473.3 50589.6
17201 3428.3 50473.3 50589.6
17202 3428.3 50473.3 50589.6
17203 3428.3 50473.3 50589.6
17204 3428.3 50473.3 50589.6
17205 3428.3 50473.3 50589.6
17227 3428.3 56411.3 56515.4
17228 3428.3 56411.3 56515.4
17229 3428.3 56411.3 56515.4
17230 3428.3 56411.3 56515.4
17231 3428.3 56411.3 56515.4
17232 3428.3 56411.3 56515.4
17233 3428.3 56411.3 56515.4
17248 5142.5 -59380.3 59602.6
17249 5142.5 -59380.3 59602.6
17250 5142.5 -59380.3 59602.6
17251 5142.5 -59380.3 59602.6
17252 5142.5 -59380.3 59602.6
17253 5142.5 -59380.3 59602.6
17254 5142.5 -59380.3 59602.6
17276 5142.5 -53442.3 53689.2
17277 5142.5 -53442.3 53689.2
17278 5142.5 -53442.3 53689.2
17279 5142.5 -53442.3 53689.2
17280 5142.5 -53442.3 53689.2
17281 5142.5 -53442.3 53689.2
17282 5142.5 -53442.3 53689.2
17304 5142.5 -47504.3 47781.8
17305 5142.5 -47504.3 47781.8
17306 5142.5 -47504.3 47781.8
17307 5142.5 -47504.3 47781.8
17308 5142.5 -47504.3 47781.8
17309 5142.5 -47504.3 47781.8
17310 5142.5 -47504.3 47781.8
17332 5142.5 -41566.2 41883.1
17333 5142.5 -41566.2 41883.1
17334 5142.5 -41566.2 41883.1
17335 5142.5 -41566.2 41883.1
17336 5142.5 -41566.2 41883.1
17337 5142.5 -41566.2 41883.1
17338 5142.5 -41566.2 41883.1
17360 5142.5 -35628.2 35997.4
17361 5142.5 -35628.2 35997.4
17362 5142.5 -35628.2 35997.4
17363 5142.5 -35628.2 35997.4
17364 5142.5 -35628.2 35997.4
17365 5142.5 -35628.2 35997.4
17366 5142.5 -35628.2 35997.4
17388 5142.5 -29690.2 30132.2
17389 5142.5 -29690.2 30132.2
17390 5142.5 -29690.2 30132.2
17391 5142.5 -29690.2 30132.2
17392 5142.5 -29690.2 30132.2
17393 5142.5 -29690.2 30132.2
17394 5142.5 -29690.2 30132.2
17416 5142.5 -23752.1 24302.5
17417 5142.5 -23752.1 24302.5
17418 5142.5 -23752.1 24302.5
17419 5142.5 -23752.1 24302.5
17420 5142.5 -23752.1 24302.5
17421 5142.5 -23752.1 24302.5
17422 5142.5 -23752.1 24302.5
17444 5142.5 -17814.1 18541.5
17445 5142.5 -17814.1 18541.5
17446 5142.5 -17814.1 18541.5
17447 5142.5 -17814.1 18541.5
17448 5142.5 -17814.1 18541.5
17449 5142.5 -17814.1 18541.5
17450 5142.5 -17814.1 18541.5
17472 5142.5 -11876.1 12941.6
17473 5142.5 -11876.1 12941.6
17474 5142.5 -11876.1 12941.6
17475 5142.5 -11876.1 12941.6
17476 5142.5 -11876.1 12941.6
17477 5142.5 -11876.1 12941.6
17478 5142.5 -11876.1 12941.6
17500 5142.5 -5938.0 7855.3
17501 5142.5 -5938.0 7855.3
17502 5142.5 -5938.0 7855.3
17503 5142.5 -5938.0 7855.3
17504 5142.5 -5938.0 7855.3
17505 5142.5 -5938.0 7855.3
17506 5142.5 -5938.0 7855.3
17528 5142.5 0.0 5142.5
17529 5142.5 0.0 5142.5
17530 5142.5 0.0 5142.5
17531 5142.5 0.0 5142.5
17532 5142.5 0.0 5142.5
17533 5142.5 0.0 5142.5
17534 5142.5 0.0 5142.5
17556 5142.5 5938.0 7855.3
17557 5142.5 5938.0 7855.3
17558 5142.5 5938.0 7855.3
17559 5142.5 5938.0 7855.3
17560 5142.5 5938.0 7855.3
17561 5142.5 5938.0 7855.3
17562 5142.5 5938.0 7855.3
17584 5142.5 11876.1 12941.6
17585 5142.5 11876.1 12941.6
17586 5142.5 11876.1 12941.6
17587 5142.5 11876.1 12941.6
17588 5142.5 11876.1 12941.6
17589 5142.5 11876.1 12941.6
17590 5142.5 11876.1 12941.6
17612 5142.5 17814.1 18541.5
17613 5142.5 17814.1 18541.5
17614 5142.5 17814.1 18541.5
17615 5142.5 17814.1 18541.5
17616 5142.5 17814.1 18541.5
17617 5142.5 17814.1 18541.5
17618 5142.5 17814.1 18541.5
17640 5142.5 23752.1 24302.5
17641 5142.5 23752.1 24302.5
17642 5142.5 23752.1 24302.5
17643 5142.5 23752.1 24302.5
17644 5142.5 23752.1 24302.5
17645 5142.5 23752.1 24302.5
17646 5142.5 23752.1 24302.5
17668 5142.5 29690.2 30132.2
17669 5142.5 29690.2 30132.2
17670 5142.5 29690.2 30132.2
17671 5142.5 29690.2 30132.2
17672 5142.5 29690.2 30132.2
17673 5142.5 29690.2 30132.2
17674 5142.5 29690.2 30132.2
17696 5142.5 35628.2 35997.4
17697 5142.5 35628.2 35997.4
17698 5142.5 35628.2 35997.4
17699 5142.5 35628.2 35997.4
17700 5142.5 35628.2 35997.4
17701 5142.5 35628.2 35997.4
17702 5142.5 35628.2 35997.4
17724 5142.5 41566.2 41883.1
17725 5142.5 41566.2 41883.1
17726 5142.5 41566.2 41883.1
17727 5142.5 41566.2 41883.1
17728 5142.5 41566.2 41883.1
17729 5142.5 41566.2 41883.1
17730 5142.5 41566.2 41883.1
17752 5142.5 47504.3 47781.8
17753 5142.5 47504.3 47781.8
17754 5142.5 47504.3 47781.8
17755 5142.5 47504.3 47781.8
17756 5142.5 47504.3 47781.8
17757 5142.5 47504.3 47781.8
17758 5142.5 47504.3 47781.8
17780 5142.5 53442.3 53689.2
17781 5142.5 53442.3 53689.2
17782 5142.5 53442.3 53689.2
17783 5142.5 53442.3 53689.2
17784 5142.5 53442.3 53689.2
17785 5142.5 53442.3 53689.2
17786 5142.5 53442.3 53689.2
17808 5142.5 59380.3 59602.6
17809 5142.5 59380.3 59602.6
17810 5142.5 59380.3 59602.6
17811 5142.5 59380.3 59602.6
17812 5142.5 59380.3 59602.6
17813 5142.5 59380.3 59602.6
17814 5142.5 59380.3 59602.6
17829 6856.7 -56411.3 56826.5
17830 6856.7 -56411.3 56826.5
17831 6856.7 -56411.3 56826.5
17832 6856.7 -56411.3 56826.5
17833 6856.7 -56411.3 56826.5
17834 6856.7 -56411.3 56826.5
17835 6856.7 -56411.3 56826.5
17857 6856.7 -50473.3 50936.9
17858 6856.7 -50473.3 50936.9
17859 6856.7 -50473.3 50936.9
17860 6856.7 -50473.3 50936.9
17861 6856.7 -50473.3 50936.9
17862 6856.7 -50473.3 50936.9
17863 6856.7 -50473.3 50936.9
17885 6856.7 -44535.3 45060.0
17886 6856.7 -44535.3 45060.0
17887 6856.7 -44535.3 45060.0
17888 6856.7 -44535.3 45060.0
17889 6856.7 -44535.3 45060.0
17890 6856.7 -44535.3 45060.0
17891 6856.7 -44535.3 45060.0
17913 6856.7 -38597.2 39201.5
17914 6856.7 -38597.2 39201.5
17915 6856.7 -38597.2 39201.5
17916 6856.7 -38597.2 39201.5
17917 6856.7 -38597.2 39201.5
17918 6856.7 -38597.2 39201.5
17919 6856.7 -38597.2 39201.5
17941 6856.7 -32659.2 33371.2
17942 6856.7 -32659.2 33371.2
17943 6856.7 -32659.2 33371.2
17944 6856.7 -32659.2 33371.2
17945 6856.7 -32659.2 33371.2
17946 6856.7 -32659.2 33371.2
17947 6856.7 -32659.2 33371.2
17969 6856.7 -26721.2 27586.8
17970 6856.7 -26721.2 27586.8
17971 6856.7 -26721.2 27586.8
17972 6856.7 -26721.2 27586.8
17973 6856.7 -26721.2 27586.8
17974 6856.7 -26721.2 27586.8
17975 6856.7 -26721.2 27586.8
17997 6856.7 -20783.1 21885.0
17998 6856.7 -20783.1 21885.0
17999 6856.7 -20783.1 21885.0
18000 6856.7 -20783.1 21885.0
18001 6856.7 -20783.1 21885.0
18002 6856.7 -20783.1 21885.0
18003 6856.7 -20783.1 21885.0
18025 6856.7 -14845.1 16352.1
18026 6856.7 -14845.1 16352.1
18027 6856.7 -14845.1 16352.1
18028 6856.7 -14845.1 16352.1
18029 6856.7 -14845.1 16352.1
18030 6856.7 -14845.1 16352.1
18031 6856.7 -14845.1 16352.1
18053 6856.7 -8907.1 11240.5
18054 6856.7 -8907.1 11240.5
18055 6856.7 -8907.1 11240.5
18056 6856.7 -8907.1 11240.5
18057 6856.7 -8907.1 11240.5
18058 6856.7 -8907.1 11240.5
18059 6856.7 -8907.1 11240.5
18081 6856.7 -2969.0 7471.9
18082 6856.7 -2969.0 7471.9
18083 6856.7 -2969.0 7471.9
18084 6856.7 -2969.0 7471.9
18085 6856.7 -2969.0 7471.9
18086 6856.7 -2969.0 7471.9
18087 6856.7 -2969.0 7471.9
18109 6856.7 2969.0 7471.9
18110 6856.7 2969.0 7471.9
18111 6856.7 2969.0 7471.9
18112 6856.7 2969.0 7471.9
18113 6856.7 2969.0 7471.9
18114 6856.7 2969.0 7471.9
18115 6856.7 2969.0 7471.9
18137 6856.7 8907.1 11240.5
18138 6856.7 8907.1 11240.5
18139 6856.7 8907.1 11240.5
18140 6856.7 8907.1 11240.5
18141 6856.7 8907.1 11240.5
18142 6856.7 8907.1 11240.5
18143 6856.7 8907.1 11240.5
18165 6856.7 14845.1 16352.1
18166 6856.7 14845.1 16352.1
18167 6856.7 14845.1 16352.1
18168 6856.7 14845.1 16352.1
18169 6856.7 14845.1 16352.1
18170 6856.7 14845.1 16352.1
18171 6856.7 14845.1 16352.1
18193 6856.7 20783.1 21885.0
18194 6856.7 20783.1 21885.0
18195 6856.7 20783.1 21885.0
18196 6856.7 20783.1 21885.0
18197 6856.7 20783.1 21885.0
18198 6856.7 20783.1 21885.0
18199 6856.7 20783.1 21885.0
18221 6856.7 26721.2 27586.8
18222 6856.7 26721.2 27586.8
18223 6856.7 26721.2 27586.8
18224 6856.7 26721.2 27586.8
18225 6856.7 26721.2 27586.8
18226 6856.7 26721.2 27586.8
18227 6856.7 26721.2 27586.8
18249 6856.7 32659.2 33371.2
18250 6856.7 32659.2 33371.2
18251 6856.7 32659.2 33371.2
18252 6856.7 32659.2 33371.2
18253 6856.7 32659.2 33371.2
18254 6856.7 32659.2 33371.2
18255 6856.7 32659.2 33371.2
18277 6856.7 38597.2 39201.5
18278 6856.7 38597.2 39201.5
18279 6856.7 38597.2 39201.5
18280 6856.7 38597.2 39201.5
18281 6856.7 38597.2 39201.5
18282 6856.7 38597.2 39201.5
18283 6856.7 38597.2 39201.5
18305 6856.7 44535.3 45060.0
18306 6856.7 44535.3 45060.0
18307 6856.7 44535.3 45060.0
18308 6856.7 44535.3 45060.0
18309 6856.7 44535.3 45060.0
18310 6856.7 44535.3 45060.0
18311 6856.7 44535.3 45060.0
18333 6856.7 50473.3 50936.9
18334 6856.7 50473.3 50936.9
18335 6856.7 50473.3 50936.9
18336 6856.7 50473.3 50936.9
18337 6856.7 50473.3 50936.9
18338 6856.7 50473.3 50936.9
18339 6856.7 50473.3 50936.9
18361 6856.7 56411.3 56826.5
18362 6856.7 56411.3 56826.5
18363 6856.7 56411.3 56826.5
18364 6856.7 56411.3 56826.5
18365 6856.7 56411.3 56826.5
18366 6856.7 56411.3 56826.5
18367 6856.7 56411.3 56826.5
18382 8570.8 -59380.3 59995.7
18383 8570.8 -59380.3 59995.7
18384 8570.8 -59380.3 59995.7
18385 8570.8 -59380.3 59995.7
18386 8570.8 -59380.3 59995.7
18387 8570.8 -59380.3 59995.7
18388 8570.8 -59380.3 59995.7
18410 8570.8 -53442.3 54125.2
18411 8570.8 -53442.3 54125.2
18412 8570.8 -53442.3 54125.2
18413 8570.8 -53442.3 54125.2
18414 8570.8 -53442.3 54125.2
18415 8570.8 -53442.3 54125.2
18416 8570.8 -53442.3 54125.2
18438 8570.8 -47504.3 48271.3
18439 8570.8 -47504.3 48271.3
18440 8570.8 -47504.3 48271.3
18441 8570.8 -47504.3 48271.3
18442 8570.8 -47504.3 48271.3
18443 8570.8 -47504.3 48271.3
18444 8570.8 -47504.3 48271.3
18466 8570.8 -41566.2 42440.7
18467 8570.8 -41566.2 42440.7
18468 8570.8 -41566.2 42440.7
18469 8570.8 -41566.2 42440.7
18470 8570.8 -41566.2 42440.7
18471 8570.8 -41566.2 42440.7
18472 8570.8 -41566.2 42440.7
18494 8570.8 -35628.2 36644.6
18495 8570.8 -35628.2 36644.6
18496 8570.8 -35628.2 36644.6
18497 8570.8 -35628.2 36644.6
18498 8570.8 -35628.2 36644.6
18499 8570.8 -35628.2 36644.6
18500 8570.8 -35628.2 36644.6
18522 8570.8 -29690.2 30902.5
18523 8570.8 -29690.2 30902.5
18524 8570.8 -29690.2 30902.5
18525 8570.8 -29690.2 30902.5
18526 8570.8 -29690.2 30902.5
18527 8570.8 -29690.2 30902.5
18528 8570.8 -29690.2 30902.5
18550 8570.8 -23752.1 25251.2
18551 8570.8 -23752.1 25251.2
18552 8570.8 -23752.1 25251.2
18553 8570.8 -23752.1 25251.2
18554 8570.8 -23752.1 25251.2
18555 8570.8 -23752.1 25251.2
18556 8570.8 -23752.1 25251.2
18578 8570.8 -17814.1 19768.7
18579 8570.8 -17814.1 19768.7
18580 8570.8 -17814.1 19768.7
18581 8570.8 -17814.1 19768.7
18582 8570.8 -17814.1 19768.7
18583 8570.8 -17814.1 19768.7
18584 8570.8 -17814.1 19768.7
18606 8570.8 -11876.1 14645.8
18607 8570.8 -11876.1 14645.8
18608 8570.8 -11876.1 14645.8
18609 8570.8 -11876.1 14645.8
18610 8570.8 -11876.1 14645.8
18611 8570.8 -11876.1 14645.8
18612 8570.8 -11876.1 14645.8
18634 8570.8 -5938.0 10426.8
18635 8570.8 -5938.0 10426.8
18636 8570.8 -5938.0 10426.8
18637 8570.8 -5938.0 10426.8
18638 8570.8 -5938.0 10426.8
18639 8570.8 -5938.0 10426.8
18640 8570.8 -5938.0 10426.8
18662 8570.8 0.0 8570.8
18663 8570.8 0.0 8570.8
18664 8570.8 0.0 8570.8
18665 8570.8 0.0 8570.8
18666 8570.8 0.0 8570.8
18667 8570.8 0.0 8570.8
18668 8570.8 0.0 8570.8
18690 8570.8 5938.0 10426.8
18691 8570.8 5938.0 10426.8
18692 8570.8 5938.0 10426.8
18693 8570.8 5938.0 10426.8
18694 8570.8 5938.0 10426.8
18695 8570.8 5938.0 10426.8
18696 8570.8 5938.0 10426.8
18718 8570.8 11876.1 14645.8
18719 8570.8 11876.1 14645.8
18720 8570.8 11876.1 14645.8
18721 8570.8 11876.1 14645.8
18722 8570.8 11876.1 14645.8
18723 8570.8 11876.1 14645.8
18724 8570.8 11876.1 14645.8
18746 8570.8 17814.1 19768.7
18747 8570.8 17814.1 19768.7
18748 8570.8 17814.1 19768.7
18749 8570.8 17814.1 19768.7
18750 8570.8 17814.1 19768.7
18751 8570.8 17814.1 19768.7
18752 8570.8 17814.1 19768.7
18774 8570.8 23752.1 25251.2
18775 8570.8 23752.1 25251.2
18776 8570.8 23752.1 25251.2
18777 8570.8 23752.1 25251.2
18778 8570.8 23752.1 25251.2
18779 8570.8 23752.1 25251.2
18780 8570.8 23752.1 25251.2
18802 8570.8 29690.2 30902.5
18803 8570.8 29690.2 30902.5
18804 8570.8 29690.2 30902.5
18805 8570.8 29690.2 30902.5
18806 8570.8 29690.2 30902.5
18807 8570.8 29690.2 30902.5
18808 8570.8 29690.2 30902.5
18830 8570.8 35628.2 36644.6
18831 8570.8 35628.2 36644.6
18832 8570.8 35628.2 36644.6
18833 8570.8 35628.2 36644.6
18834 8570.8 35628.2 36644.6
18835 8570.8 35628.2 36644.6
18836 8570.8 35628.2 36644.6
18858 8570.8 41566.2 42440.7
18859 8570.8 41566.2 42440.7
18860 8570.8 41566.2 42440.7
18861 8570.8 41566.2 42440.7
18862 8570.8 41566.2 42440.7
18863 8570.8 41566.2 42440.7
18864 8570.8 41566.2 42440.7
18886 8570.8 47504.3 48271.3
18887 8570.8 47504.3 48271.3
18888 8570.8 47504.3 48271.3
18889 8570.8 47504.3 48271.3
18890 8570.8 47504.3 48271.3
18891 8570.8 47504.3 48271.3
18892 8570.8 47504.3 48271.3
18914 8570.8 53442.3 54125.2
18915 8570.8 53442.3 54125.2
18916 8570.8 53442.3 54125.2
18917 8570.8 53442.3 54125.2
18918 8570.8 53442.3 54125.2
18919 8570.8 53442.3 54125.2
18920 8570.8 53442.3 54125.2
18942 8570.8 59380.3 59995.7
18943 8570.8 59380.3 59995.7
18944 8570.8 59380.3 59995.7
18945 8570.8 59380.3 59995.7
18946 8570.8 59380.3 59995.7
18947 8570.8 59380.3 59995.7
18948 8570.8 59380.3 59995.7
18956 10285.0 -56411.3 57341.3
18957 10285.0 -56411.3 57341.3
18958 10285.0 -56411.3 57341.3
18959 10285.0 -56411.3 57341.3
18960 10285.0 -56411.3 57341.3
18961 10285.0 -56411.3 57341.3
18962 10285.0 -56411.3 57341.3
18984 10285.0 -50473.3 51510.5
18985 10285.0 -50473.3 51510.5
18986 10285.0 -50473.3 51510.5
18987 10285.0 -50473.3 51510.5
18988 10285.0 -50473.3 51510.5
18989 10285.0 -50473.3 51510.5
18990 10285.0 -50473.3 51510.5
19012 10285.0 -44535.3 45707.4
19013 10285.0 -44535.3 45707.4
19014 10285.0 -44535.3 45707.4
19015 10285.0 -44535.3 45707.4
19016 10285.0 -44535.3 45707.4
19017 10285.0 -44535.3 45707.4
19018 10285.0 -44535.3 45707.4
19040 10285.0 -38597.2 39944.0
19041 10285.0 -38597.2 39944.0
19042 10285.0 -38597.2 39944.0
19043 10285.0 -38597.2 39944.0
19044 10285.0 -38597.2 39944.0
19045 10285.0 -38597.2 39944.0
19046 10285.0 -38597.2 39944.0
19068 10285.0 -32659.2 34240.4
19069 10285.0 -32659.2 34240.4
19070 10285.0 -32659.2 34240.4
19071 10285.0 -32659.2 34240.4
19072 10285.0 -32659.2 34240.4
19073 10285.0 -32659.2 34240.4
19074 10285.0 -32659.2 34240.4
19096 10285.0 -26721.2 28632.2
19097 10285.0 -26721.2 28632.2
19098 10285.0 -26721.2 28632.2
19099 10285.0 -26721.2 28632.2
19100 10285.0 -26721.2 28632.2
19101 10285.0 -26721.2 28632.2
19102 10285.0 -26721.2 28632.2
19124 10285.0 -20783.1 23188.8
19125 10285.0 -20783.1 23188.8
19126 10285.0 -20783.1 23188.8
19127 10285.0 -20783.1 23188.8
19128 10285.0 -20783.1 23188.8
19129 10285.0 -20783.1 23188.8
19130 10285.0 -20783.1 23188.8
19152 10285.0 -14845.1 18059.8
19153 10285.0 -14845.1 18059.8
19154 10285.0 -14845.1 18059.8
19155 10285.0 -14845.1 18059.8
19156 10285.0 -14845.1 18059.8
19157 10285.0 -14845.1 18059.8
19158 10285.0 -14845.1 18059.8
19180 10285.0 -8907.1 13605.7
19181 10285.0 -8907.1 13605.7
19182 10285.0 -8907.1 13605.7
19183 10285.0 -8907.1 13605.7
19184 10285.0 -8907.1 13605.7
19185 10285.0 -8907.1 13605.7
19186 10285.0 -8907.1 13605.7
19208 10285.0 -2969.0 10704.9
19209 10285.0 -2969.0 10704.9
19210 10285.0 -2969.0 10704.9
19211 10285.0 -2969.0 10704.9
19212 10285.0 -2969.0 10704.9
19213 10285.0 -2969.0 10704.9
19214 10285.0 -2969.0 10704.9
19236 10285.0 2969.0 10704.9
19237 10285.0 2969.0 10704.9
19238 10285.0 2969.0 10704.9
19239 10285.0 2969.0 10704.9
19240 10285.0 2969.0 10704.9
19241 10285.0 2969.0 10704.9
19242 10285.0 2969.0 10704.9
19264 10285.0 8907.1 13605.7
19265 10285.0 8907.1 13605.7
19266 10285.0 8907.1 13605.7
19267 10285.0 8907.1 13605.7
19268 10285.0 8907.1 13605.7
19269 10285.0 8907.1 13605.7
19270 10285.0 8907.1 13605.7
19292 10285.0 14845.1 18059.8
19293 10285.0 14845.1 18059.8
19294 10285.0 14845.1 18059.8
19295 10285.0 14845.1 18059.8
19296 10285.0 14845.1 18059.8
19297 10285.0 14845.1 18059.8
19298 10285.0 14845.1 18059.8
19320 10285.0 20783.1 23188.8
19321 10285.0 20783.1 23188.8
19322 10285.0 20783.1 23188.8
19323 10285.0 20783.1 23188.8
19324 10285.0 20783.1 23188.8
19325 10285.0 20783.1 23188.8
19326 10285.0 20783.1 23188.8
19348 10285.0 26721.2 28632.2
19349 10285.0 26721.2 28632.2
19350 10285.0 26721.2 28632.2
19351 10285.0 26721.2 28632.2
19352 10285.0 26721.2 28632.2
19353 10285.0 26721.2 28632.2
19354 10285.0 26721.2 28632.2
19376 10285.0 32659.2 34240.4
19377 10285.0 32659.2 34240.4
19378 10285.0 32659.2 34240.4
19379 10285.0 32659.2 34240.4
19380 10285.0 32659.2 34240.4
19381 10285.0 32659.2 34240.4
19382 10285.0 32659.2 34240.4
19404 10285.0 38597.2 39944.0
19405 10285.0 38597.2 39944.0
19406 10285.0 38597.2 39944.0
19407 10285.0 38597.2 39944.0
19408 10285.0 38597.2 39944.0
19409 10285.0 38597.2 39944.0
19410 10285.0 38597.2 39944.0
19432 10285.0 44535.3 45707.4
19433 10285.0 44535.3 45707.4
19434 10285.0 44535.3 45707.4
19435 10285.0 44535.3 45707.4
19436 10285.0 44535.3 45707.4
19437 10285.0 44535.3 45707.4
19438 10285.0 44535.3 45707.4
19460 10285.0 50473.3 51510.5
19461 10285.0 50473.3 51510.5
19462 10285.0 50473.3 51510.5
19463 10285.0 50473.3 51510.5
19464 10285.0 50473.3 51510.5
19465 10285.0 50473.3 51510.5
19466 10285.0 50473.3 51510.5
19488 10285.0 56411.3 57341.3
19489 10285.0 56411.3 57341.3
19490 10285.0 56411.3 57341.3
19491 10285.0 56411.3 57341.3
19492 10285.0 56411.3 57341.3
19493 10285.0 56411.3 57341.3
19494 10285.0 56411.3 57341.3
19523 11999.1 -53442.3 54772.8
19524 11999.1 -53442.3 54772.8
19525 11999.1 -53442.3 54772.8
19526 11999.1 -53442.3 54772.8
19527 11999.1 -53442.3 54772.8
19528 11999.1 -53442.3 54772.8
19529 11999.1 -53442.3 54772.8
19551 11999.1 -47504.3 48996.3
19552 11999.1 -47504.3 48996.3
19553 11999.1 -47504.3 48996.3
19554 11999.1 -47504.3 48996.3
19555 11999.1 -47504.3 48996.3
19556 11999.1 -47504.3 48996.3
19557 11999.1 -47504.3 48996.3
19579 11999.1 -41566.2 43263.5
19580 11999.1 -41566.2 43263.5
19581 11999.1 -41566.2 43263.5
19582 11999.1 -41566.2 43263.5
19583 11999.1 -41566.2 43263.5
19584 11999.1 -41566.2 43263.5
19585 11999.1 -41566.2 43263.5
19607 11999.1 -35628.2 37594.5
19608 11999.1 -35628.2 37594.5
19609 11999.1 -35628.2 37594.5
19610 11999.1 -35628.2 37594.5
19611 11999.1 -35628.2 37594.5
19612 11999.1 -35628.2 37594.5
19613 11999.1 -35628.2 37594.5
19635 11999.1 -29690.2 32023.2
19636 11999.1 -29690.2 32023.2
19637 11999.1 -29690.2 32023.2
19638 11999.1 -29690.2 32023.2
19639 11999.1 -29690.2 32023.2
19640 11999.1 -29690.2 32023.2
19641 11999.1 -29690.2 32023.2
19663 11999.1 -23752.1 26611.0
19664 11999.1 -23752.1 26611.0
19665 11999.1 -23752.1 26611.0
19666 11999.1 -23752.1 26611.0
19667 11999.1 -23752.1 26611.0
19668 11999.1 -23752.1 26611.0
19669 11999.1 -23752.1 26611.0
19691 11999.1 -17814.1 21478.4
19692 11999.1 -17814.1 21478.4
19693 11999.1 -17814.1 21478.4
19694 11999.1 -17814.1 21478.4
19695 11999.1 -17814.1 21478.4
19696 11999.1 -17814.1 21478.4
19697 11999.1 -17814.1 21478.4
19719 11999.1 -11876.1 16882.5
19720 11999.1 -11876.1 16882.5
19721 11999.1 -11876.1 16882.5
19722 11999.1 -11876.1 16882.5
19723 11999.1 -11876.1 16882.5
19724 11999.1 -11876.1 16882.5
19725 11999.1 -11876.1 16882.5
19747 11999.1 -5938.0 13388.0
19748 11999.1 -5938.0 13388.0
19749 11999.1 -5938.0 13388.0
19750 11999.1 -5938.0 13388.0
19751 11999.1 -5938.0 13388.0
19752 11999.1 -5938.0 13388.0
19753 11999.1 -5938.0 13388.0
19775 11999.1 0.0 11999.1
19776 11999.1 0.0 11999.1
19777 11999.1 0.0 11999.1
19778 11999.1 0.0 11999.1
19779 11999.1 0.0 11999.1
19780 11999.1 0.0 11999.1
19781 11999.1 0.0 11999.1
19803 11999.1 5938.0 13388.0
19804 11999.1 5938.0 13388.0
19805 11999.1 5938.0 13388.0
19806 11999.1 5938.0 13388.0
19807 11999.1 5938.0 13388.0
19808 11999.1 5938.0 13388.0
19809 11999.1 5938.0 13388.0
19831 11999.1 11876.1 16882.5
19832 11999.1 11876.1 16882.5
19833 11999.1 11876.1 16882.5
19834 11999.1 11876.1 16882.5
19835 11999.1 11876.1 16882.5
19836 11999.1 11876.1 16882.5
19837 11999.1 11876.1 16882.5
19859 11999.1 17814.1 21478.4
19860 11999.1 17814.1 21478.4
19861 11999.1 17814.1 21478.4
19862 11999.1 17814.1 21478.4
19863 11999.1 17814.1 21478.4
19864 11999.1 17814.1 21478.4
19865 11999.1 17814.1 21478.4
19887 11999.1 23752.1 26611.0
19888 11999.1 23752.1 26611.0
19889 11999.1 23752.1 26611.0
19890 11999.1 23752.1 26611.0
19891 11999.1 23752.1 26611.0
19892 11999.1 23752.1 26611.0
19893 11999.1 23752.1 26611.0
19915 11999.1 29690.2 32023.2
19916 11999.1 29690.2 32023.2
19917 11999.1 29690.2 32023.2
19918 11999.1 29690.2 32023.2
19919 11999.1 29690.2 32023.2
19920 11999.1 29690.2 32023.2
19921 11999.1 29690.2 32023.2
19943 11999.1 35628.2 37594.5
19944 11999.1 35628.2 37594.5
19945 11999.1 35628.2 37594.5
19946 11999.1 35628.2 37594.5
19947 11999.1 35628.2 37594.5
19948 11999.1 35628.2 37594.5
19949 11999.1 35628.2 37594.5
19971 11999.1 41566.2 43263.5
19972 11999.1 41566.2 43263.5
19973 11999.1 41566.2 43263.5
19974 11999.1 41566.2 43263.5
19975 11999.1 41566.2 43263.5
19976 11999.1 41566.2 43263.5
19977 11999.1 41566.2 43263.5
19999 11999.1 47504.3 48996.3
20000 11999.1 47504.3 48996.3
20001 11999.1 47504.3 48996.3
20002 11999.1 47504.3 48996.3
20003 11999.1 47504.3 48996.3
20004 11999.1 47504.3 48996.3
20005 11999.1 47504.3 48996.3
20027 11999.1 53442.3 54772.8
20028 11999.1 53442.3 54772.8
20029 11999.1 53442.3 54772.8
20030 11999.1 53442.3 54772.8
20031 11999.1 53442.3 54772.8
20032 11999.1 53442.3 54772.8
20033 11999.1 53442.3 54772.8
20062 13713.3 -56411.3 58054.2
20063 13713.3 -56411.3 58054.2
20064 13713.3 -56411.3 58054.2
20065 13713.3 -56411.3 58054.2
20066 13713.3 -56411.3 58054.2
20067 13713.3 -56411.3 58054.2
20068 13713.3 -56411.3 58054.2
20090 13713.3 -50473.3 52303.0
20091 13713.3 -50473.3 52303.0
20092 13713.3 -50473.3 52303.0
20093 13713.3 -50473.3 52303.0
20094 13713.3 -50473.3 52303.0
20095 13713.3 -50473.3 52303.0
20096 13713.3 -50473.3 52303.0
20118 13713.3 -44535.3 46598.8
20119 13713.3 -44535.3 46598.8
20120 13713.3 -44535.3 46598.8
20121 13713.3 -44535.3 46598.8
20122 13713.3 -44535.3 46598.8
20123 13713.3 -44535.3 46598.8
20124 13713.3 -44535.3 46598.8
20146 13713.3 -38597.2 40961.0
20147 13713.3 -38597.2 40961.0
20148 13713.3 -38597.2 40961.0
20149 13713.3 -38597.2 40961.0
20150 13713.3 -38597.2 40961.0
20151 13713.3 -38597.2 40961.0
20152 13713.3 -38597.2 40961.0
20174 13713.3 -32659.2 35421.4
20175 13713.3 -32659.2 35421.4
20176 13713.3 -32659.2 35421.4
20177 13713.3 -32659.2 35421.4
20178 13713.3 -32659.2 35421.4
20179 13713.3 -32659.2 35421.4
20180 13713.3 -32659.2 35421.4
20202 13713.3 -26721.2 30034.6
20203 13713.3 -26721.2 30034.6
20204 13713.3 -26721.2 30034.6
20205 13713.3 -26721.2 30034.6
20206 13713.3 -26721.2 30034.6
20207 13713.3 -26721.2 30034.6
20208 13713.3 -26721.2 30034.6
20230 13713.3 -20783.1 24899.7
20231 13713.3 -20783.1 24899.7
20232 13713.3 -20783.1 24899.7
20233 13713.3 -20783.1 24899.7
20234 13713.3 -20783.1 24899.7
20235 13713.3 -20783.1 24899.7
20236 13713.3 -20783.1 24899.7
20258 13713.3 -14845.1 20209.7
20259 13713.3 -14845.1 20209.7
20260 13713.3 -14845.1 20209.7
20261 13713.3 -14845.1 20209.7
20262 13713.3 -14845.1 20209.7
20263 13713.3 -14845.1 20209.7
20264 13713.3 -14845.1 20209.7
20286 13713.3 -8907.1 16352.1
20287 13713.3 -8907.1 16352.1
20288 13713.3 -8907.1 16352.1
20289 13713.3 -8907.1 16352.1
20290 13713.3 -8907.1 16352.1
20291 13713.3 -8907.1 16352.1
20292 13713.3 -8907.1 16352.1
20314 13713.3 -2969.0 14031.0
20315 13713.3 -2969.0 14031.0
20316 13713.3 -2969.0 14031.0
20317 13713.3 -2969.0 14031.0
20318 13713.3 -2969.0 14031.0
20319 13713.3 -2969.0 14031.0
20320 13713.3 -2969.0 14031.0
20342 13713.3 2969.0 14031.0
20343 13713.3 2969.0 14031.0
20344 13713.3 2969.0 14031.0
20345 13713.3 2969.0 14031.0
20346 13713.3 2969.0 14031.0
20347 13713.3 2969.0 14031.0
20348 13713.3 2969.0 14031.0
20370 13713.3 8907.1 16352.1
20371 13713.3 8907.1 16352.1
20372 13713.3 8907.1 16352.1
20373 13713.3 8907.1 16352.1
20374 13713.3 8907.1 16352.1
20375 13713.3 8907.1 16352.1
20376 13713.3 8907.1 16352.1
20398 13713.3 14845.1 20209.7
20399 13713.3 14845.1 20209.7
20400 13713.3 14845.1 20209.7
20401 13713.3 14845.1 20209.7
20402 13713.3 14845.1 20209.7
20403 13713.3 14845.1 20209.7
20404 13713.3 14845.1 20209.7
20426 13713.3 20783.1 24899.7
20427 13713.3 20783.1 24899.7
20428 13713.3 20783.1 24899.7
20429 13713.3 20783.1 24899.7
20430 13713.3 20783.1 24899.7
20431 13713.3 20783.1 24899.7
20432 13713.3 20783.1 24899.7
20454 13713.3 26721.2 30034.6
20455 13713.3 26721.2 30034.6
20456 13713.3 26721.2 30034.6
20457 13713.3 26721.2 30034.6
20458 13713.3 26721.2 30034.6
20459 13713.3 26721.2 30034.6
20460 13713.3 26721.2 30034.6
20482 13713.3 32659.2 35421.4
20483 13713.3 32659.2 35421.4
20484 13713.3 32659.2 35421.4
20485 13713.3 32659.2 35421.4
20486 13713.3 32659.2 35421.4
20487 13713.3 32659.2 35421.4
20488 13713.3 32659.2 35421.4
20510 13713.3 38597.2 40961.0
20511 13713.3 38597.2 40961.0
20512 13713.3 38597.2 40961.0
20513 13713.3 38597.2 40961.0
20514 13713.3 38597.2 40961.0
20515 13713.3 38597.2 40961.0
20516 13713.3 38597.2 40961.0
20538 13713.3 44535.3 46598.8
20539 13713.3 44535.3 46598.8
20540 13713.3 44535.3 46598.8
20541 13713.3 44535.3 46598.8
20542 13713.3 44535.3 46598.8
20543 13713.3 44535.3 46598.8
20544 13713.3 44535.3 46598.8
20566 13713.3 50473.3 52303.0
20567 13713.3 50473.3 52303.0
20568 13713.3 50473.3 52303.0
20569 13713.3 50473.3 52303.0
20570 13713.3 50473.3 52303.0
20571 13713.3 50473.3 52303.0
20572 13713.3 50473.3 52303.0
20594 13713.3 56411.3 58054.2
20595 13713.3 56411.3 58054.2
20596 13713.3 56411.3 58054.2
20597 13713.3 56411.3 58054.2
20598 13713.3 56411.3 58054.2
20599 13713.3 56411.3 58054.2
20600 13713.3 56411.3 58054.2
20629 15427.5 -53442.3 55624.5
20630 15427.5 -53442.3 55624.5
20631 15427.5 -53442.3 55624.5
20632 15427.5 -53442.3 55624.5
20633 15427.5 -53442.3 55624.5
20634 15427.5 -53442.3 55624.5
20635 15427.5 -53442.3 55624.5
20657 15427.5 -47504.3 49946.6
20658 15427.5 -47504.3 49946.6
20659 15427.5 -47504.3 49946.6
20660 15427.5 -47504.3 49946.6
20661 15427.5 -47504.3 49946.6
20662 15427.5 -47504.3 49946.6
20663 15427.5 -47504.3 49946.6
20685 15427.5 -41566.2 44336.9
20686 15427.5 -41566.2 44336.9
20687 15427.5 -41566.2 44336.9
20688 15427.5 -41566.2 44336.9
20689 15427.5 -41566.2 44336.9
20690 15427.5 -41566.2 44336.9
20691 15427.5 -41566.2 44336.9
20713 15427.5 -35628.2 38824.9
20714 15427.5 -35628.2 38824.9
20715 15427.5 -35628.2 38824.9
20716 15427.5 -35628.2 38824.9
20717 15427.5 -35628.2 38824.9
20718 15427.5 -35628.2 38824.9
20719 15427.5 -35628.2 38824.9
20741 15427.5 -29690.2 33459.1
20742 15427.5 -29690.2 33459.1
20743 15427.5 -29690.2 33459.1
20744 15427.5 -29690.2 33459.1
20745 15427.5 -29690.2 33459.1
20746 15427.5 -29690.2 33459.1
20747 15427.5 -29690.2 33459.1
20769 15427.5 -23752.1 28322.6
20770 15427.5 -23752.1 28322.6
20771 15427.5 -23752.1 28322.6
20772 15427.5 -23752.1 28322.6
20773 15427.5 -23752.1 28322.6
20774 15427.5 -23752.1 28322.6
20775 15427.5 -23752.1 28322.6
20797 15427.5 -17814.1 23565.8
20798 15427.5 -17814.1 23565.8
20799 15427.5 -17814.1 23565.8
20800 15427.5 -17814.1 23565.8
20801 15427.5 -17814.1 23565.8
20802 15427.5 -17814.1 23565.8
20803 15427.5 -17814.1 23565.8
20825 15427.5 -11876.1 19469.1
20826 15427.5 -11876.1 19469.1
20827 15427.5 -11876.1 19469.1
20828 15427.5 -11876.1 19469.1
20829 15427.5 -11876.1 19469.1
20830 15427.5 -11876.1 19469.1
20831 15427.5 -11876.1 19469.1
20853 15427.5 -5938.0 16530.8
20854 15427.5 -5938.0 16530.8
20855 15427.5 -5938.0 16530.8
20856 15427.5 -5938.0 16530.8
20857 15427.5 -5938.0 16530.8
20858 15427.5 -5938.0 16530.8
20859 15427.5 -5938.0 16530.8
20881 15427.5 0.0 15427.5
20882 15427.5 0.0 15427.5
20883 15427.5 0.0 15427.5
20884 15427.5 0.0 15427.5
20885 15427.5 0.0 15427.5
20886 15427.5 0.0 15427.5
20887 15427.5 0.0 15427.5
20909 15427.5 5938.0 16530.8
20910 15427.5 5938.0 16530.8
20911 15427.5 5938.0 16530.8
20912 15427.5 5938.0 16530.8
20913 15427.5 5938.0 16530.8
20914 15427.5 5938.0 16530.8
20915 15427.5 5938.0 16530.8
20937 15427.5 11876.1 19469.1
20938 15427.5 11876.1 19469.1
20939 15427.5 11876.1 19469.1
20940 15427.5 11876.1 19469.1
20941 15427.5 11876.1 19469.1
20942 15427.5 11876.1 19469.1
20943 15427.5 11876.1 19469.1
20965 15427.5 17814.1 23565.8
20966 15427.5 17814.1 23565.8
20967 15427.5 17814.1 23565.8
20968 15427.5 17814.1 23565.8
20969 15427.5 17814.1 23565.8
20970 15427.5 17814.1 23565.8
20971 15427.5 17814.1 23565.8
20993 15427.5 23752.1 28322.6
20994 15427.5 23752.1 28322.6
20995 15427.5 23752.1 28322.6
20996 15427.5 23752.1 28322.6
20997 15427.5 23752.1 28322.6
20998 15427.5 23752.1 28322.6
20999 15427.5 23752.1 28322.6
21021 15427.5 29690.2 33459.1
21022 15427.5 29690.2 33459.1
21023 15427.5 29690.2 33459.1
21024 15427.5 29690.2 33459.1
21025 15427.5 29690.2 33459.1
21026 15427.5 29690.2 33459.1
21027 15427.5 29690.2 33459.1
21049 15427.5 35628.2 38824.9
21050 15427.5 35628.2 38824.9
21051 15427.5 35628.2 38824.9
21052 15427.5 35628.2 38824.9
21053 15427.5 35628.2 38824.9
21054 15427.5 35628.2 38824.9
21055 15427.5 35628.2 38824.9
21077 15427.5 41566.2 44336.9
21078 15427.5 41566.2 44336.9
21079 15427.5 41566.2 44336.9
21080 15427.5 41566.2 44336.9
21081 15427.5 41566.2 44336.9
21082 15427.5 41566.2 44336.9
21083 15427.5 41566.2 44336.9
21105 15427.5 47504.3 49946.6
21106 15427.5 47504.3 49946.6
21107 15427.5 47504.3 49946.6
21108 15427.5 47504.3 49946.6
21109 15427.5 47504.3 49946.6
21110 15427.5 47504.3 49946.6
21111 15427.5 47504.3 49946.6
21133 15427.5 53442.3 55624.5
21134 15427.5 53442.3 55624.5
21135 15427.5 53442.3 55624.5
21136 15427.5 53442.3 55624.5
21137 15427.5 53442.3 55624.5
21138 15427.5 53442.3 55624.5
21139 15427.5 53442.3 55624.5
21161 17141.6 -56411.3 58958.2
21162 17141.6 -56411.3 58958.2
21163 17141.6 -56411.3 58958.2
21164 17141.6 -56411.3 58958.2
21165 17141.6 -56411.3 58958.2
21166 17141.6 -56411.3 58958.2
21167 17141.6 -56411.3 58958.2
21189 17141.6 -50473.3 53304.7
21190 17141.6 -50473.3 53304.7
21191 17141.6 -50473.3 53304.7
21192 17141.6 -50473.3 53304.7
21193 17141.6 -50473.3 53304.7
21194 17141.6 -50473.3 53304.7
21195 17141.6 -50473.3 53304.7
21217 17141.6 -44535.3 47720.3
21218 17141.6 -44535.3 47720.3
21219 17141.6 -44535.3 47720.3
21220 17141.6 -44535.3 47720.3
21221 17141.6 -44535.3 47720.3
21222 17141.6 -44535.3 47720.3
21223 17141.6 -44535.3 47720.3
21245 17141.6 -38597.2 42232.5
21246 17141.6 -38597.2 42232.5
21247 17141.6 -38597.2 42232.5
21248 17141.6 -38597.2 42232.5
21249 17141.6 -38597.2 42232.5
21250 17141.6 -38597.2 42232.5
21251 17141.6 -38597.2 42232.5
21273 17141.6 -32659.2 36884.4
21274 17141.6 -32659.2 36884.4
21275 17141.6 -32659.2 36884.4
21276 17141.6 -32659.2 36884.4
21277 17141.6 -32659.2 36884.4
21278 17141.6 -32659.2 36884.4
21279 17141.6 -32659.2 36884.4
21301 17141.6 -26721.2 31746.7
21302 17141.6 -26721.2 31746.7
21303 17141.6 -26721.2 31746.7
21304 17141.6 -26721.2 31746.7
21305 17141.6 -26721.2 31746.7
21306 17141.6 -26721.2 31746.7
21307 17141.6 -26721.2 31746.7
21329 17141.6 -20783.1 26940.2
21330 17141.6 -20783.1 26940.2
21331 17141.6 -20783.1 26940.2
21332 17141.6 -20783.1 26940.2
21333 17141.6 -20783.1 26940.2
21334 17141.6 -20783.1 26940.2
21335 17141.6 -20783.1 26940.2
21357 17141.6 -14845.1 22676.2
21358 17141.6 -14845.1 22676.2
21359 17141.6 -14845.1 22676.2
21360 17141.6 -14845.1 22676.2
21361 17141.6 -14845.1 22676.2
21362 17141.6 -14845.1 22676.2
21363 17141.6 -14845.1 22676.2
21385 17141.6 -8907.1 19317.6
21386 17141.6 -8907.1 19317.6
21387 17141.6 -8907.1 19317.6
21388 17141.6 -8907.1 19317.6
21389 17141.6 -8907.1 19317.6
21390 17141.6 -8907.1 19317.6
21391 17141.6 -8907.1 19317.6
21413 17141.6 -2969.0 17396.9
21414 17141.6 -2969.0 17396.9
21415 17141.6 -2969.0 17396.9
21416 17141.6 -2969.0 17396.9
21417 17141.6 -2969.0 17396.9
21418 17141.6 -2969.0 17396.9
21419 17141.6 -2969.0 17396.9
21441 17141.6 2969.0 17396.9
21442 17141.6 2969.0 17396.9
21443 17141.6 2969.0 17396.9
21444 17141.6 2969.0 17396.9
21445 17141.6 2969.0 17396.9
21446 17141.6 2969.0 17396.9
21447 17141.6 2969.0 17396.9
21469 17141.6 8907.1 19317.6
21470 17141.6 8907.1 19317.6
21471 17141.6 8907.1 19317.6
21472 17141.6 8907.1 19317.6
21473 17141.6 8907.1 19317.6
21474 17141.6 8907.1 19317.6
21475 17141.6 8907.1 19317.6
21497 17141.6 14845.1 22676.2
21498 17141.6 14845.1 22676.2
21499 17141.6 14845.1 22676.2
21500 17141.6 14845.1 22676.2
21501 17141.6 14845.1 22676.2
21502 17141.6 14845.1 22676.2
21503 17141.6 14845.1 22676.2
21525 17141.6 20783.1 26940.2
21526 17141.6 20783.1 26940.2
21527 17141.6 20783.1 26940.2
21528 17141.6 20783.1 26940.2
21529 17141.6 20783.1 26940.2
21530 17141.6 20783.1 26940.2
21531 17141.6 20783.1 26940.2
21553 17141.6 26721.2 31746.7
21554 17141.6 26721.2 31746.7
21555 17141.6 26721.2 31746.7
21556 17141.6 26721.2 31746.7
21557 17141.6 26721.2 31746.7
21558 17141.6 26721.2 31746.7
21559 17141.6 26721.2 31746.7
21581 17141.6 32659.2 36884.4
21582 17141.6 32659.2 36884.4
21583 17141.6 32659.2 36884.4
21584 17141.6 32659.2 36884.4
21585 17141.6 32659.2 36884.4
21586 17141.6 32659.2 36884.4
21587 17141.6 32659.2 36884.4
21609 17141.6 38597.2 42232.5
21610 17141.6 38597.2 42232.5
21611 17141.6 38597.2 42232.5
21612 17141.6 38597.2 42232.5
21613 17141.6 38597.2 42232.5
21614 17141.6 38597.2 42232.5
21615 17141.6 38597.2 42232.5
21637 17141.6 44535.3 47720.3
21638 17141.6 44535.3 47720.3
21639 17141.6 44535.3 47720.3
21640 17141.6 44535.3 47720.3
21641 17141.6 44535.3 47720.3
21642 17141.6 44535.3 47720.3
21643 17141.6 44535.3 47720.3
21665 17141.6 50473.3 53304.7
21666 17141.6 50473.3 53304.7
21667 17141.6 50473.3 53304.7
21668 17141.6 50473.3 53304.7
21669 17141.6 50473.3 53304.7
21670 17141.6 50473.3 53304.7
21671 17141.6 50473.3 53304.7
21693 17141.6 56411.3 58958.2
21694 17141.6 56411.3 58958.2
21695 17141.6 56411.3 58958.2
21696 17141.6 56411.3 58958.2
21697 17141.6 56411.3 58958.2
21698 17141.6 56411.3 58958.2
21699 17141.6 56411.3 58958.2
21714 18855.8 -53442.3 56671.2
21715 18855.8 -53442.3 56671.2
21716 18855.8 -53442.3 56671.2
21717 18855.8 -53442.3 56671.2
21718 18855.8 -53442.3 56671.2
21719 18855.8 -53442.3 56671.2
21720 18855.8 -53442.3 56671.2
21742 18855.8 -47504.3 51109.7
21743 18855.8 -47504.3 51109.7
21744 18855.8 -47504.3 51109.7
21745 18855.8 -47504.3 51109.7
21746 18855.8 -47504.3 51109.7
21747 18855.8 -47504.3 51109.7
21748 18855.8 -47504.3 51109.7
21770 18855.8 -41566.2 45643.1
21771 18855.8 -41566.2 45643.1
21772 18855.8 -41566.2 45643.1
21773 18855.8 -41566.2 45643.1
21774 18855.8 -41566.2 45643.1
21775 18855.8 -41566.2 45643.1
21776 18855.8 -41566.2 45643.1
21798 18855.8 -35628.2 40310.2
21799 18855.8 -35628.2 40310.2
21800 18855.8 -35628.2 40310.2
21801 18855.8 -35628.2 40310.2
21802 18855.8 -35628.2 40310.2
21803 18855.8 -35628.2 40310.2
21804 18855.8 -35628.2 40310.2
21826 18855.8 -29690.2 35171.7
21827 18855.8 -29690.2 35171.7
21828 18855.8 -29690.2 35171.7
21829 18855.8 -29690.2 35171.7
21830 18855.8 -29690.2 35171.7
21831 18855.8 -29690.2 35171.7
21832 18855.8 -29690.2 35171.7
21854 18855.8 -23752.1 30326.6
21855 18855.8 -23752.1 30326.6
21856 18855.8 -23752.1 30326.6
21857 18855.8 -23752.1 30326.6
21858 18855.8 -23752.1 30326.6
21859 18855.8 -23752.1 30326.6
21860 18855.8 -23752.1 30326.6
21882 18855.8 -17814.1 25940.0
21883 18855.8 -17814.1 25940.0
21884 18855.8 -17814.1 25940.0
21885 18855.8 -17814.1 25940.0
21886 18855.8 -17814.1 25940.0
21887 18855.8 -17814.1 25940.0
21888 18855.8 -17814.1 25940.0
21910 18855.8 -11876.1 22284.1
21911 18855.8 -11876.1 22284.1
21912 18855.8 -11876.1 22284.1
21913 18855.8 -11876.1 22284.1
21914 18855.8 -11876.1 22284.1
21915 18855.8 -11876.1 22284.1
21916 18855.8 -11876.1 22284.1
21938 18855.8 -5938.0 19768.7
21939 18855.8 -5938.0 19768.7
21940 18855.8 -5938.0 19768.7
21941 18855.8 -5938.0 19768.7
21942 18855.8 -5938.0 19768.7
21943 18855.8 -5938.0 19768.7
21944 18855.8 -5938.0 19768.7
21966 18855.8 0.0 18855.8
21967 18855.8 0.0 18855.8
21968 18855.8 0.0 18855.8
21969 18855.8 0.0 18855.8
21970 18855.8 0.0 18855.8
21971 18855.8 0.0 18855.8
21972 18855.8 0.0 18855.8
21994 18855.8 5938.0 19768.7
21995 18855.8 5938.0 19768.7
21996 18855.8 5938.0 19768.7
21997 18855.8 5938.0 19768.7
21998 18855.8 5938.0 19768.7
21999 18855.8 5938.0 19768.7
22000 18855.8 5938.0 19768.7
22022 18855.8 11876.1 22284.1
22023 18855.8 11876.1 22284.1
22024 18855.8 11876.1 22284.1
22025 18855.8 11876.1 22284.1
22026 18855.8 11876.1 22284.1
22027 18855.8 11876.1 22284.1
22028 18855.8 11876.1 22284.1
22050 18855.8 17814.1 25940.0
22051 18855.8 17814.1 25940.0
22052 18855.8 17814.1 25940.0
22053 18855.8 17814.1 25940.0
22054 18855.8 17814.1 25940.0
22055 18855.8 17814.1 25940.0
22056 18855.8 17814.1 25940.0
22078 18855.8 23752.1 30326.6
22079 18855.8 23752.1 30326.6
22080 18855.8 23752.1 30326.6
22081 18855.8 23752.1 30326.6
22082 18855.8 23752.1 30326.6
22083 18855.8 23752.1 30326.6
22084 18855.8 23752.1 30326.6
22106 18855.8 29690.2 35171.7
22107 18855.8 29690.2 35171.7
22108 18855.8 29690.2 35171.7
22109 18855.8 29690.2 35171.7
22110 18855.8 29690.2 35171.7
22111 18855.8 29690.2 35171.7
22112 18855.8 29690.2 35171.7
22134 18855.8 35628.2 40310.2
22135 18855.8 35628.2 40310.2
22136 18855.8 35628.2 40310.2
22137 18855.8 35628.2 40310.2
22138 18855.8 35628.2 40310.2
22139 18855.8 35628.2 40310.2
22140 18855.8 35628.2 40310.2
22162 18855.8 41566.2 45643.1
22163 18855.8 41566.2 45643.1
22164 18855.8 41566.2 45643.1
22165 18855.8 41566.2 45643.1
22166 18855.8 41566.2 45643.1
22167 18855.8 41566.2 45643.1
22168 18855.8 41566.2 45643.1
22190 18855.8 47504.3 51109.7
22191 18855.8 47504.3 51109.7
22192 18855.8 47504.3 51109.7
22193 18855.8 47504.3 51109.7
22194 18855.8 47504.3 51109.7
22195 18855.8 47504.3 51109.7
22196 18855.8 47504.3 51109.7
22218 18855.8 53442.3 56671.2
22219 18855.8 53442.3 56671.2
22220 18855.8 53442.3 56671.2
22221 18855.8 53442.3 56671.2
22222 18855.8 53442.3 56671.2
22223 18855.8 53442.3 56671.2
22224 18855.8 53442.3 56671.2
22239 20570.0 -56411.3 60044.7
22240 20570.0 -56411.3 60044.7
22241 20570.0 -56411.3 60044.7
22242 20570.0 -56411.3 60044.7
22243 20570.0 -56411.3 60044.7
22244 20570.0 -56411.3 60044.7
22245 20570.0 -56411.3 60044.7
22267 20570.0 -50473.3 54503.9
22268 20570.0 -50473.3 54503.9
22269 20570.0 -50473.3 54503.9
22270 20570.0 -50473.3 54503.9
22271 20570.0 -50473.3 54503.9
22272 20570.0 -50473.3 54503.9
22273 20570.0 -50473.3 54503.9
22295 20570.0 -44535.3 49056.2
22296 20570.0 -44535.3 49056.2
22297 20570.0 -44535.3 49056.2
22298 20570.0 -44535.3 49056.2
22299 20570.0 -44535.3 49056.2
22300 20570.0 -44535.3 49056.2
22301 20570.0 -44535.3 49056.2
22323 20570.0 -38597.2 43736.4
22324 20570.0 -38597.2 43736.4
22325 20570.0 -38597.2 43736.4
22326 20570.0 -38597.2 43736.4
22327 20570.0 -38597.2 43736.4
22328 20570.0 -38597.2 43736.4
22329 20570.0 -38597.2 43736.4
22351 20570.0 -32659.2 38597.2
22352 20570.0 -32659.2 38597.2
22353 20570.0 -32659.2 38597.2
22354 20570.0 -32659.2 38597.2
22355 20570.0 -32659.2 38597.2
22356 20570.0 -32659.2 38597.2
22357 20570.0 -32659.2 38597.2
22379 20570.0 -26721.2 33721.6
22380 20570.0 -26721.2 33721.6
22381 20570.0 -26721.2 33721.6
22382 20570.0 -26721.2 33721.6
22383 20570.0 -26721.2 33721.6
22384 20570.0 -26721.2 33721.6
22385 20570.0 -26721.2 33721.6
22407 20570.0 -20783.1 29241.4
22408 20570.0 -20783.1 29241.4
22409 20570.0 -20783.1 29241.4
22410 20570.0 -20783.1 29241.4
22411 20570.0 -20783.1 29241.4
22412 20570.0 -20783.1 29241.4
22413 20570.0 -20783.1 29241.4
22435 20570.0 -14845.1 25367.3
22436 20570.0 -14845.1 25367.3
22437 20570.0 -14845.1 25367.3
22438 20570.0 -14845.1 25367.3
22439 20570.0 -14845.1 25367.3
22440 20570.0 -14845.1 25367.3
22441 20570.0 -14845.1 25367.3
22463 20570.0 -8907.1 22415.6
22464 20570.0 -8907.1 22415.6
22465 20570.0 -8907.1 22415.6
22466 20570.0 -8907.1 22415.6
22467 20570.0 -8907.1 22415.6
22468 20570.0 -8907.1 22415.6
22469 20570.0 -8907.1 22415.6
22491 20570.0 -2969.0 20783.1
22492 20570.0 -2969.0 20783.1
22493 20570.0 -2969.0 20783.1
22494 20570.0 -2969.0 20783.1
22495 20570.0 -2969.0 20783.1
22496 20570.0 -2969.0 20783.1
22497 20570.0 -2969.0 20783.1
22519 20570.0 2969.0 20783.1
22520 20570.0 2969.0 20783.1
22521 20570.0 2969.0 20783.1
22522 20570.0 2969.0 20783.1
22523 20570.0 2969.0 20783.1
22524 20570.0 2969.0 20783.1
22525 20570.0 2969.0 20783.1
22547 20570.0 8907.1 22415.6
22548 20570.0 8907.1 22415.6
22549 20570.0 8907.1 22415.6
22550 20570.0 8907.1 22415.6
22551 20570.0 8907.1 22415.6
22552 20570.0 8907.1 22415.6
22553 20570.0 8907.1 22415.6
22575 20570.0 14845.1 25367.3
22576 20570.0 14845.1 25367.3
22577 20570.0 14845.1 25367.3
22578 20570.0 14845.1 25367.3
22579 20570.0 14845.1 25367.3
22580 20570.0 14845.1 25367.3
22581 20570.0 14845.1 25367.3
22603 20570.0 20783.1 29241.4
22604 20570.0 20783.1 29241.4
22605 20570.0 20783.1 29241.4
22606 20570.0 20783.1 29241.4
22607 20570.0 20783.1 29241.4
22608 20570.0 20783.1 29241.4
22609 20570.0 20783.1 29241.4
22631 20570.0 26721.2 33721.6
22632 20570.0 26721.2 33721.6
22633 20570.0 26721.2 33721.6
22634 20570.0 26721.2 33721.6
22635 20570.0 26721.2 33721.6
22636 20570.0 26721.2 33721.6
22637 20570.0 26721.2 33721.6
22659 20570.0 32659.2 38597.2
22660 20570.0 32659.2 38597.2
22661 20570.0 32659.2 38597.2
22662 20570.0 32659.2 38597.2
22663 20570.0 32659.2 38597.2
22664 20570.0 32659.2 38597.2
22665 20570.0 32659.2 38597.2
22687 20570.0 38597.2 43736.4
22688 20570.0 38597.2 43736.4
22689 20570.0 38597.2 43736.4
22690 20570.0 38597.2 43736.4
22691 20570.0 38597.2 43736.4
22692 20570.0 38597.2 43736.4
22693 20570.0 38597.2 43736.4
22715 20570.0 44535.3 49056.2
22716 20570.0 44535.3 49056.2
22717 20570.0 44535.3 49056.2
22718 20570.0 44535.3 49056.2
22719 20570.0 44535.3 49056.2
22720 20570.0 44535.3 49056.2
22721 20570.0 44535.3 49056.2
22743 20570.0 50473.3 54503.9
22744 20570.0 50473.3 54503.9
22745 20570.0 50473.3 54503.9
22746 20570.0 50473.3 54503.9
22747 20570.0 50473.3 54503.9
22748 20570.0 50473.3 54503.9
22749 20570.0 50473.3 54503.9
22771 20570.0 56411.3 60044.7
22772 20570.0 56411.3 60044.7
22773 20570.0 56411.3 60044.7
22774 20570.0 56411.3 60044.7
22775 20570.0 56411.3 60044.7
22776 20570.0 56411.3 60044.7
22777 20570.0 56411.3 60044.7
22785 22284.1 -53442.3 57902.2
22786 22284.1 -53442.3 57902.2
22787 22284.1 -53442.3 57902.2
22788 22284.1 -53442.3 57902.2
22789 22284.1 -53442.3 57902.2
22790 22284.1 -53442.3 57902.2
22791 22284.1 -53442.3 57902.2
22813 22284.1 -47504.3 52471.3
22814 22284.1 -47504.3 52471.3
22815 22284.1 -47504.3 52471.3
22816 22284.1 -47504.3 52471.3
22817 22284.1 -47504.3 52471.3
22818 22284.1 -47504.3 52471.3
22819 22284.1 -47504.3 52471.3
22841 22284.1 -41566.2 47162.9
22842 22284.1 -41566.2 47162.9
22843 22284.1 -41566.2 47162.9
22844 22284.1 -41566.2 47162.9
22845 22284.1 -41566.2 47162.9
22846 22284.1 -41566.2 47162.9
22847 22284.1 -41566.2 47162.9
22869 22284.1 -35628.2 42023.2
22870 22284.1 -35628.2 42023.2
22871 22284.1 -35628.2 42023.2
22872 22284.1 -35628.2 42023.2
22873 22284.1 -35628.2 42023.2
22874 22284.1 -35628.2 42023.2
22875 22284.1 -35628.2 42023.2
22897 22284.1 -29690.2 37122.6
22898 22284.1 -29690.2 37122.6
22899 22284.1 -29690.2 37122.6
22900 22284.1 -29690.2 37122.6
22901 22284.1 -29690.2 37122.6
22902 22284.1 -29690.2 37122.6
22903 22284.1 -29690.2 37122.6
22925 22284.1 -23752.1 32569.1
22926 22284.1 -23752.1 32569.1
22927 22284.1 -23752.1 32569.1
22928 22284.1 -23752.1 32569.1
22929 22284.1 -23752.1 32569.1
22930 22284.1 -23752.1 32569.1
22931 22284.1 -23752.1 32569.1
22953 22284.1 -17814.1 28529.4
22954 22284.1 -17814.1 28529.4
22955 22284.1 -17814.1 28529.4
22956 22284.1 -17814.1 28529.4
22957 22284.1 -17814.1 28529.4
22958 22284.1 -17814.1 28529.4
22959 22284.1 -17814.1 28529.4
22981 22284.1 -11876.1 25251.2
22982 22284.1 -11876.1 25251.2
22983 22284.1 -11876.1 25251.2
22984 22284.1 -11876.1 25251.2
22985 22284.1 -11876.1 25251.2
22986 22284.1 -11876.1 25251.2
22987 22284.1 -11876.1 25251.2
23009 22284.1 -5938.0 23061.7
23010 22284.1 -5938.0 23061.7
23011 22284.1 -5938.0 23061.7
23012 22284.1 -5938.0 23061.7
23013 22284.1 -5938.0 23061.7
23014 22284.1 -5938.0 23061.7
23015 22284.1 -5938.0 23061.7
23037 22284.1 0.0 22284.1
23038 22284.1 0.0 22284.1
23039 22284.1 0.0 22284.1
23040 22284.1 0.0 22284.1
23041 22284.1 0.0 22284.1
23042 22284.1 0.0 22284.1
23043 22284.1 0.0 22284.1
23065 22284.1 5938.0 23061.7
23066 22284.1 5938.0 23061.7
23067 22284.1 5938.0 23061.7
23068 22284.1 5938.0 23061.7
23069 22284.1 5938.0 23061.7
23070 22284.1 5938.0 23061.7
23071 22284.1 5938.0 23061.7
23093 22284.1 11876.1 25251.2
23094 22284.1 11876.1 25251.2
23095 22284.1 11876.1 25251.2
23096 22284.1 11876.1 25251.2
23097 22284.1 11876.1 25251.2
23098 22284.1 11876.1 25251.2
23099 22284.1 11876.1 25251.2
23121 22284.1 17814.1 28529.4
23122 22284.1 17814.1 28529.4
23123 22284.1 17814.1 28529.4
23124 22284.1 17814.1 28529.4
23125 22284.1 17814.1 28529.4
23126 22284.1 17814.1 28529.4
23127 22284.1 17814.1 28529.4
23149 22284.1 23752.1 32569.1
23150 22284.1 23752.1 32569.1
23151 22284.1 23752.1 32569.1
23152 22284.1 23752.1 32569.1
23153 22284.1 23752.1 32569.1
23154 22284.1 23752.1 32569.1
23155 22284.1 23752.1 32569.1
23177 22284.1 29690.2 37122.6
23178 22284.1 29690.2 37122.6
23179 22284.1 29690.2 37122.6
23180 22284.1 29690.2 37122.6
23181 22284.1 29690.2 37122.6
23182 22284.1 29690.2 37122.6
23183 22284.1 29690.2 37122.6
23205 22284.1 35628.2 42023.2
23206 22284.1 35628.2 42023.2
23207 22284.1 35628.2 42023.2
23208 22284.1 35628.2 42023.2
23209 22284.1 35628.2 42023.2
23210 22284.1 35628.2 42023.2
23211 22284.1 35628.2 42023.2
23233 22284.1 41566.2 47162.9
23234 22284.1 41566.2 47162.9
23235 22284.1 41566.2 47162.9
23236 22284.1 41566.2 47162.9
23237 22284.1 41566.2 47162.9
23238 22284.1 41566.2 47162.9
23239 22284.1 41566.2 47162.9
23261 22284.1 47504.3 52471.3
23262 22284.1 47504.3 52471.3
23263 22284.1 47504.3 52471.3
23264 22284.1 47504.3 52471.3
23265 22284.1 47504.3 52471.3
23266 22284.1 47504.3 52471.3
23267 22284.1 47504.3 52471.3
23289 22284.1 53442.3 57902.2
23290 22284.1 53442.3 57902.2
23291 22284.1 53442.3 57902.2
23292 22284.1 53442.3 57902.2
23293 22284.1 53442.3 57902.2
23294 22284.1 53442.3 57902.2
23295 22284.1 53442.3 57902.2
23317 23998.3 -50473.3 55888.0
23318 23998.3 -50473.3 55888.0
23319 23998.3 -50473.3 55888.0
23320 23998.3 -50473.3 55888.0
23321 23998.3 -50473.3 55888.0
23322 23998.3 -50473.3 55888.0
23323 23998.3 -50473.3 55888.0
23345 23998.3 -44535.3 50589.6
23346 23998.3 -44535.3 50589.6
23347 23998.3 -44535.3 50589.6
23348 23998.3 -44535.3 50589.6
23349 23998.3 -44535.3 50589.6
23350 23998.3 -44535.3 50589.6
23351 23998.3 -44535.3 50589.6
23373 23998.3 -38597.2 45449.6
23374 23998.3 -38597.2 45449.6
23375 23998.3 -38597.2 45449.6
23376 23998.3 -38597.2 45449.6
23377 23998.3 -38597.2 45449.6
23378 23998.3 -38597.2 45449.6
23379 23998.3 -38597.2 45449.6
23401 23998.3 -32659.2 40528.3
23402 23998.3 -32659.2 40528.3
23403 23998.3 -32659.2 40528.3
23404 23998.3 -32659.2 40528.3
23405 23998.3 -32659.2 40528.3
23406 23998.3 -32659.2 40528.3
23407 23998.3 -32659.2 40528.3
23429 23998.3 -26721.2 35915.7
23430 23998.3 -26721.2 35915.7
23431 23998.3 -26721.2 35915.7
23432 23998.3 -26721.2 35915.7
23433 23998.3 -26721.2 35915.7
23434 23998.3 -26721.2 35915.7
23435 23998.3 -26721.2 35915.7
23457 23998.3 -20783.1 31746.7
23458 23998.3 -20783.1 31746.7
23459 23998.3 -20783.1 31746.7
23460 23998.3 -20783.1 31746.7
23461 23998.3 -20783.1 31746.7
23462 23998.3 -20783.1 31746.7
23463 23998.3 -20783.1 31746.7
23485 23998.3 -14845.1 28218.7
23486 23998.3 -14845.1 28218.7
23487 23998.3 -14845.1 28218.7
23488 23998.3 -14845.1 28218.7
23489 23998.3 -14845.1 28218.7
23490 23998.3 -14845.1 28218.7
23491 23998.3 -14845.1 28218.7
23513 23998.3 -8907.1 25597.9
23514 23998.3 -8907.1 25597.9
23515 23998.3 -8907.1 25597.9
23516 23998.3 -8907.1 25597.9
23517 23998.3 -8907.1 25597.9
23518 23998.3 -8907.1 25597.9
23519 23998.3 -8907.1 25597.9
23541 23998.3 -2969.0 24181.2
23542 23998.3 -2969.0 24181.2
23543 23998.3 -2969.0 24181.2
23544 23998.3 -2969.0 24181.2
23545 23998.3 -2969.0 24181.2
23546 23998.3 -2969.0 24181.2
23547 23998.3 -2969.0 24181.2
23569 23998.3 2969.0 24181.2
23570 23998.3 2969.0 24181.2
23571 23998.3 2969.0 24181.2
23572 23998.3 2969.0 24181.2
23573 23998.3 2969.0 24181.2
23574 23998.3 2969.0 24181.2
23575 23998.3 2969.0 24181.2
23597 23998.3 8907.1 25597.9
23598 23998.3 8907.1 25597.9
23599 23998.3 8907.1 25597.9
23600 23998.3 8907.1 25597.9
23601 23998.3 8907.1 25597.9
23602 23998.3 8907.1 25597.9
23603 23998.3 8907.1 25597.9
23625 23998.3 14845.1 28218.7
23626 23998.3 14845.1 28218.7
23627 23998.3 14845.1 28218.7
23628 23998.3 14845.1 28218.7
23629 23998.3 14845.1 28218.7
23630 23998.3 14845.1 28218.7
23631 23998.3 14845.1 28218.7
23653 23998.3 20783.1 31746.7
23654 23998.3 20783.1 31746.7
23655 23998.3 20783.1 31746.7
23656 23998.3 20783.1 31746.7
23657 23998.3 20783.1 31746.7
23658 23998.3 20783.1 31746.7
23659 23998.3 20783.1 31746.7
23681 23998.3 26721.2 35915.7
23682 23998.3 26721.2 35915.7
23683 23998.3 26721.2 35915.7
23684 23998.3 26721.2 35915.7
23685 23998.3 26721.2 35915.7
23686 23998.3 26721.2 35915.7
23687 23998.3 26721.2 35915.7
23709 23998.3 32659.2 40528.3
23710 23998.3 32659.2 40528.3
23711 23998.3 32659.2 40528.3
23712 23998.3 32659.2 40528.3
23713 23998.3 32659.2 40528.3
23714 23998.3 32659.2 40528.3
23715 23998.3 32659.2 40528.3
23737 23998.3 38597.2 45449.6
23738 23998.3 38597.2 45449.6
23739 23998.3 38597.2 45449.6
23740 23998.3 38597.2 45449.6
23741 23998.3 38597.2 45449.6
23742 23998.3 38597.2 45449.6
23743 23998.3 38597.2 45449.6
23765 23998.3 44535.3 50589.6
23766 23998.3 44535.3 50589.6
23767 23998.3 44535.3 50589.6
23768 23998.3 44535.3 50589.6
23769 23998.3 44535.3 50589.6
23770 23998.3 44535.3 50589.6
23771 23998.3 44535.3 50589.6
23793 23998.3 50473.3 55888.0
23794 23998.3 50473.3 55888.0
23795 23998.3 50473.3 55888.0
23796 23998.3 50473.3 55888.0
23797 23998.3 50473.3 55888.0
23798 23998.3 50473.3 55888.0
23799 23998.3 50473.3 55888.0
23814 25712.4 -53442.3 59306.1
23815 25712.4 -53442.3 59306.1
23816 25712.4 -53442.3 59306.1
23817 25712.4 -53442.3 59306.1
23818 25712.4 -53442.3 59306.1
23819 25712.4 -53442.3 59306.1
23820 25712.4 -53442.3 59306.1
23842 25712.4 -47504.3 54016.5
23843 25712.4 -47504.3 54016.5
23844 25712.4 -47504.3 54016.5
23845 25712.4 -47504.3 54016.5
23846 25712.4 -47504.3 54016.5
23847 25712.4 -47504.3 54016.5
23848 25712.4 -47504.3 54016.5
23870 25712.4 -41566.2 48876.2
23871 25712.4 -41566.2 48876.2
23872 25712.4 -41566.2 48876.2
23873 25712.4 -41566.2 48876.2
23874 25712.4 -41566.2 48876.2
23875 25712.4 -41566.2 48876.2
23876 25712.4 -41566.2 48876.2
23898 25712.4 -35628.2 43937.4
23899 25712.4 -35628.2 43937.4
23900 25712.4 -35628.2 43937.4
23901 25712.4 -35628.2 43937.4
23902 25712.4 -35628.2 43937.4
23903 25712.4 -35628.2 43937.4
23904 25712.4 -35628.2 43937.4
23926 25712.4 -29690.2 39276.4
23927 25712.4 -29690.2 39276.4
23928 25712.4 -29690.2 39276.4
23929 25712.4 -29690.2 39276.4
23930 25712.4 -29690.2 39276.4
23931 25712.4 -29690.2 39276.4
23932 25712.4 -29690.2 39276.4
23954 25712.4 -23752.1 35004.2
23955 25712.4 -23752.1 35004.2
23956 25712.4 -23752.1 35004.2
23957 25712.4 -23752.1 35004.2
23958 25712.4 -23752.1 35004.2
23959 25712.4 -23752.1 35004.2
23960 25712.4 -23752.1 35004.2
23982 25712.4 -17814.1 31280.5
23983 25712.4 -17814.1 31280.5
23984 25712.4 -17814.1 31280.5
23985 25712.4 -17814.1 31280.5
23986 25712.4 -17814.1 31280.5
23987 25712.4 -17814.1 31280.5
23988 25712.4 -17814.1 31280.5
24010 25712.4 -11876.1 28322.6
24011 25712.4 -11876.1 28322.6
24012 25712.4 -11876.1 28322.6
24013 25712.4 -11876.1 28322.6
24014 25712.4 -11876.1 28322.6
24015 25712.4 -11876.1 28322.6
24016 25712.4 -11876.1 28322.6
24038 25712.4 -5938.0 26389.2
24039 25712.4 -5938.0 26389.2
24040 25712.4 -5938.0 26389.2
24041 25712.4 -5938.0 26389.2
24042 25712.4 -5938.0 26389.2
24043 25712.4 -5938.0 26389.2
24044 25712.4 -5938.0 26389.2
24066 25712.4 0.0 25712.4
24067 25712.4 0.0 25712.4
24068 25712.4 0.0 25712.4
24069 25712.4 0.0 25712.4
24070 25712.4 0.0 25712.4
24071 25712.4 0.0 25712.4
24072 25712.4 0.0 25712.4
24094 25712.4 5938.0 26389.2
24095 25712.4 5938.0 26389.2
24096 25712.4 5938.0 26389.2
24097 25712.4 5938.0 26389.2
24098 25712.4 5938.0 26389.2
24099 25712.4 5938.0 26389.2
24100 25712.4 5938.0 26389.2
24122 25712.4 11876.1 28322.6
24123 25712.4 11876.1 28322.6
24124 25712.4 11876.1 28322.6
24125 25712.4 11876.1 28322.6
24126 25712.4 11876.1 28322.6
24127 25712.4 11876.1 28322.6
24128 25712.4 11876.1 28322.6
24150 25712.4 17814.1 31280.5
24151 25712.4 17814.1 31280.5
24152 25712.4 17814.1 31280.5
24153 25712.4 17814.1 31280.5
24154 25712.4 17814.1 31280.5
24155 25712.4 17814.1 31280.5
24156 25712.4 17814.1 31280.5
24178 25712.4 23752.1 35004.2
24179 25712.4 23752.1 35004.2
24180 25712.4 23752.1 35004.2
24181 25712.4 23752.1 35004.2
24182 25712.4 23752.1 35004.2
24183 25712.4 23752.1 35004.2
24184 25712.4 23752.1 35004.2
24206 25712.4 29690.2 39276.4
24207 25712.4 29690.2 39276.4
24208 25712.4 29690.2 39276.4
24209 25712.4 29690.2 39276.4
24210 25712.4 29690.2 39276.4
24211 25712.4 29690.2 39276.4
24212 25712.4 29690.2 39276.4
24234 25712.4 35628.2 43937.4
24235 25712.4 35628.2 43937.4
24236 25712.4 35628.2 43937.4
24237 25712.4 35628.2 43937.4
24238 25712.4 35628.2 43937.4
24239 25712.4 35628.2 43937.4
24240 25712.4 35628.2 43937.4
24262 25712.4 41566.2 48876.2
24263 25712.4 41566.2 48876.2
24264 25712.4 41566.2 48876.2
24265 25712.4 41566.2 48876.2
24266 25712.4 41566.2 48876.2
24267 25712.4 41566.2 48876.2
24268 25712.4 41566.2 48876.2
24290 25712.4 47504.3 54016.5
24291 25712.4 47504.3 54016.5
24292 25712.4 47504.3 54016.5
24293 25712.4 47504.3 54016.5
24294 25712.4 47504.3 54016.5
24295 25712.4 47504.3 54016.5
24296 25712.4 47504.3 54016.5
24318 25712.4 53442.3 59306.1
24319 25712.4 53442.3 59306.1
24320 25712.4 53442.3 59306.1
24321 25712.4 53442.3 59306.1
24322 25712.4 53442.3 59306.1
24323 25712.4 53442.3 59306.1
24324 25712.4 53442.3 59306.1
24339 27426.6 -50473.3 57443.6
24340 27426.6 -50473.3 57443.6
24341 27426.6 -50473.3 57443.6
24342 27426.6 -50473.3 57443.6
24343 27426.6 -50473.3 57443.6
24344 27426.6 -50473.3 57443.6
24345 27426.6 -50473.3 57443.6
24367 27426.6 -44535.3 52303.0
24368 27426.6 -44535.3 52303.0
24369 27426.6 -44535.3 52303.0
24370 27426.6 -44535.3 52303.0
24371 27426.6 -44535.3 52303.0
24372 27426.6 -44535.3 52303.0
24373 27426.6 -44535.3 52303.0
24395 27426.6 -38597.2 47349.4
24396 27426.6 -38597.2 47349.4
24397 27426.6 -38597.2 47349.4
24398 27426.6 -38597.2 47349.4
24399 27426.6 -38597.2 47349.4
24400 27426.6 -38597.2 47349.4
24401 27426.6 -38597.2 47349.4
24423 27426.6 -32659.2 42647.9
24424 27426.6 -32659.2 42647.9
24425 27426.6 -32659.2 42647.9
24426 27426.6 -32659.2 42647.9
24427 27426.6 -32659.2 42647.9
24428 27426.6 -32659.2 42647.9
24429 27426.6 -32659.2 42647.9
24451 27426.6 -26721.2 38291.5
24452 27426.6 -26721.2 38291.5
24453 27426.6 -26721.2 38291.5
24454 27426.6 -26721.2 38291.5
24455 27426.6 -26721.2 38291.5
24456 27426.6 -26721.2 38291.5
24457 27426.6 -26721.2 38291.5
24479 27426.6 -20783.1 34411.6
24480 27426.6 -20783.1 34411.6
24481 27426.6 -20783.1 34411.6
24482 27426.6 -20783.1 34411.6
24483 27426.6 -20783.1 34411.6
24484 27426.6 -20783.1 34411.6
24485 27426.6 -20783.1 34411.6
24507 27426.6 -14845.1 31186.5
24508 27426.6 -14845.1 31186.5
24509 27426.6 -14845.1 31186.5
24510 27426.6 -14845.1 31186.5
24511 27426.6 -14845.1 31186.5
24512 27426.6 -14845.1 31186.5
24513 27426.6 -14845.1 31186.5
24535 27426.6 -8907.1 28836.7
24536 27426.6 -8907.1 28836.7
24537 27426.6 -8907.1 28836.7
24538 27426.6 -8907.1 28836.7
24539 27426.6 -8907.1 28836.7
24540 27426.6 -8907.1 28836.7
24541 27426.6 -8907.1 28836.7
24563 27426.6 -2969.0 27586.8
24564 27426.6 -2969.0 27586.8
24565 27426.6 -2969.0 27586.8
24566 27426.6 -2969.0 27586.8
24567 27426.6 -2969.0 27586.8
24568 27426.6 -2969.0 27586.8
24569 27426.6 -2969.0 27586.8
24591 27426.6 2969.0 27586.8
24592 27426.6 2969.0 27586.8
24593 27426.6 2969.0 27586.8
24594 27426.6 2969.0 27586.8
24595 27426.6 2969.0 27586.8
24596 27426.6 2969.0 27586.8
24597 27426.6 2969.0 27586.8
24619 27426.6 8907.1 28836.7
24620 27426.6 8907.1 28836.7
24621 27426.6 8907.1 28836.7
24622 27426.6 8907.1 28836.7
24623 27426.6 8907.1 28836.7
24624 27426.6 8907.1 28836.7
24625 27426.6 8907.1 28836.7
24647 27426.6 14845.1 31186.5
24648 27426.6 14845.1 31186.5
24649 27426.6 14845.1 31186.5
24650 27426.6 14845.1 31186.5
24651 27426.6 14845.1 31186.5
24652 27426.6 14845.1 31186.5
24653 27426.6 14845.1 31186.5
24675 27426.6 20783.1 34411.6
24676 27426.6 20783.1 34411.6
24677 27426.6 20783.1 34411.6
24678 27426.6 20783.1 34411.6
24679 27426.6 20783.1 34411.6
24680 27426.6 20783.1 34411.6
24681 27426.6 20783.1 34411.6
24703 27426.6 26721.2 38291.5
24704 27426.6 26721.2 38291.5
24705 27426.6 26721.2 38291.5
24706 27426.6 26721.2 38291.5
24707 27426.6 26721.2 38291.5
24708 27426.6 26721.2 38291.5
24709 27426.6 26721.2 38291.5
24731 27426.6 32659.2 42647.9
24732 27426.6 32659.2 42647.9
24733 27426.6 32659.2 42647.9
24734 27426.6 32659.2 42647.9
24735 27426.6 32659.2 42647.9
24736 27426.6 32659.2 42647.9
24737 27426.6 32659.2 42647.9
24759 27426.6 38597.2 47349.4
24760 27426.6 38597.2 47349.4
24761 27426.6 38597.2 47349.4
24762 27426.6 38597.2 47349.4
24763 27426.6 38597.2 47349.4
24764 27426.6 38597.2 47349.4
24765 27426.6 38597.2 47349.4
24787 27426.6 44535.3 52303.0
24788 27426.6 44535.3 52303.0
24789 27426.6 44535.3 52303.0
24790 27426.6 44535.3 52303.0
24791 27426.6 44535.3 52303.0
24792 27426.6 44535.3 52303.0
24793 27426.6 44535.3 52303.0
24815 27426.6 50473.3 57443.6
24816 27426.6 50473.3 57443.6
24817 27426.6 50473.3 57443.6
24818 27426.6 50473.3 57443.6
24819 27426.6 50473.3 57443.6
24820 27426.6 50473.3 57443.6
24821 27426.6 50473.3 57443.6
24857 29140.8 -47504.3 55730.1
24858 29140.8 -47504.3 55730.1
24859 29140.8 -47504.3 55730.1
24860 29140.8 -47504.3 55730.1
24861 29140.8 -47504.3 55730.1
24862 29140.8 -47504.3 55730.1
24863 29140.8 -47504.3 55730.1
24885 29140.8 -41566.2 50763.5
24886 29140.8 -41566.2 50763.5
24887 29140.8 -41566.2 50763.5
24888 29140.8 -41566.2 50763.5
24889 29140.8 -41566.2 50763.5
24890 29140.8 -41566.2 50763.5
24891 29140.8 -41566.2 50763.5
24913 29140.8 -35628.2 46027.8
24914 29140.8 -35628.2 46027.8
24915 29140.8 -35628.2 46027.8
24916 29140.8 -35628.2 46027.8
24917 29140.8 -35628.2 46027.8
24918 29140.8 -35628.2 46027.8
24919 29140.8 -35628.2 46027.8
24941 29140.8 -29690.2 41601.6
24942 29140.8 -29690.2 41601.6
24943 29140.8 -29690.2 41601.6
24944 29140.8 -29690.2 41601.6
24945 29140.8 -29690.2 41601.6
24946 29140.8 -29690.2 41601.6
24947 29140.8 -29690.2 41601.6
24969 29140.8 -23752.1 37594.5
24970 29140.8 -23752.1 37594.5
24971 29140.8 -23752.1 37594.5
24972 29140.8 -23752.1 37594.5
24973 29140.8 -23752.1 37594.5
24974 29140.8 -23752.1 37594.5
24975 29140.8 -23752.1 37594.5
24997 29140.8 -17814.1 34154.5
24998 29140.8 -17814.1 34154.5
24999 29140.8 -17814.1 34154.5
25000 29140.8 -17814.1 34154.5
25001 29140.8 -17814.1 34154.5
25002 29140.8 -17814.1 34154.5
25003 29140.8 -17814.1 34154.5
25025 29140.8 -11876.1 31467.9
25026 29140.8 -11876.1 31467.9
25027 29140.8 -11876.1 31467.9
25028 29140.8 -11876.1 31467.9
25029 29140.8 -11876.1 31467.9
25030 29140.8 -11876.1 31467.9
25031 29140.8 -11876.1 31467.9
25053 29140.8 -5938.0 29739.6
25054 29140.8 -5938.0 29739.6
25055 29140.8 -5938.0 29739.6
25056 29140.8 -5938.0 29739.6
25057 29140.8 -5938.0 29739.6
25058 29140.8 -5938.0 29739.6
25059 29140.8 -5938.0 29739.6
25081 29140.8 0.0 29140.8
25082 29140.8 0.0 29140.8
25083 29140.8 0.0 29140.8
25084 29140.8 0.0 29140.8
25085 29140.8 0.0 29140.8
25086 29140.8 0.0 29140.8
25087 29140.8 0.0 29140.8
25109 29140.8 5938.0 29739.6
25110 29140.8 5938.0 29739.6
25111 29140.8 5938.0 29739.6
25112 29140.8 5938.0 29739.6
25113 29140.8 5938.0 29739.6
25114 29140.8 5938.0 29739.6
25115 29140.8 5938.0 29739.6
25137 29140.8 11876.1 31467.9
25138 29140.8 11876.1 31467.9
25139 29140.8 11876.1 31467.9
25140 29140.8 11876.1 31467.9
25141 29140.8 11876.1 31467.9
25142 29140.8 11876.1 31467.9
25143 29140.8 11876.1 31467.9
25165 29140.8 17814.1 34154.5
25166 29140.8 17814.1 34154.5
25167 29140.8 17814.1 34154.5
25168 29140.8 17814.1 34154.5
25169 29140.8 17814.1 34154.5
25170 29140.8 17814.1 34154.5
25171 29140.8 17814.1 34154.5
25193 29140.8 23752.1 37594.5
25194 29140.8 23752.1 37594.5
25195 29140.8 23752.1 37594.5
25196 29140.8 23752.1 37594.5
25197 29140.8 23752.1 37594.5
25198 29140.8 23752.1 37594.5
25199 29140.8 23752.1 37594.5
25221 29140.8 29690.2 41601.6
25222 29140.8 29690.2 41601.6
25223 29140.8 29690.2 41601.6
25224 29140.8 29690.2 41601.6
25225 29140.8 29690.2 41601.6
25226 29140.8 29690.2 41601.6
25227 29140.8 29690.2 41601.6
25249 29140.8 35628.2 46027.8
25250 29140.8 35628.2 46027.8
25251 29140.8 35628.2 46027.8
25252 29140.8 35628.2 46027.8
25253 29140.8 35628.2 46027.8
25254 29140.8 35628.2 46027.8
25255 29140.8 35628.2 46027.8
25277 29140.8 41566.2 50763.5
25278 29140.8 41566.2 50763.5
25279 29140.8 41566.2 50763.5
25280 29140.8 41566.2 50763.5
25281 29140.8 41566.2 50763.5
25282 29140.8 41566.2 50763.5
25283 29140.8 41566.2 50763.5
25305 29140.8 47504.3 55730.1
25306 29140.8 47504.3 55730.1
25307 29140.8 47504.3 55730.1
25308 29140.8 47504.3 55730.1
25309 29140.8 47504.3 55730.1
25310 29140.8 47504.3 55730.1
25311 29140.8 47504.3 55730.1
25333 30854.9 -50473.3 59157.3
25334 30854.9 -50473.3 59157.3
25335 30854.9 -50473.3 59157.3
25336 30854.9 -50473.3 59157.3
25337 30854.9 -50473.3 59157.3
25338 30854.9 -50473.3 59157.3
25339 30854.9 -50473.3 59157.3
25361 30854.9 -44535.3 54179.5
25362 30854.9 -44535.3 54179.5
25363 30854.9 -44535.3 54179.5
25364 30854.9 -44535.3 54179.5
25365 30854.9 -44535.3 54179.5
25366 30854.9 -44535.3 54179.5
25367 30854.9 -44535.3 54179.5
25389 30854.9 -38597.2 49414.3
25390 30854.9 -38597.2 49414.3
25391 30854.9 -38597.2 49414.3
25392 30854.9 -38597.2 49414.3
25393 30854.9 -38597.2 49414.3
25394 30854.9 -38597.2 49414.3
25395 30854.9 -38597.2 49414.3
25417 30854.9 -32659.2 44929.4
25418 30854.9 -32659.2 44929.4
25419 30854.9 -32659.2 44929.4
25420 30854.9 -32659.2 44929.4
25421 30854.9 -32659.2 44929.4
25422 30854.9 -32659.2 44929.4
25423 30854.9 -32659.2 44929.4
25445 30854.9 -26721.2 40817.2
25446 30854.9 -26721.2 40817.2
25447 30854.9 -26721.2 40817.2
25448 30854.9 -26721.2 40817.2
25449 30854.9 -26721.2 40817.2
25450 30854.9 -26721.2 40817.2
25451 30854.9 -26721.2 40817.2
25473 30854.9 -20783.1 37201.7
25474 30854.9 -20783.1 37201.7
25475 30854.9 -20783.1 37201.7
25476 30854.9 -20783.1 37201.7
25477 30854.9 -20783.1 37201.7
25478 30854.9 -20783.1 37201.7
25479 30854.9 -20783.1 37201.7
25501 30854.9 -14845.1 34240.4
25502 30854.9 -14845.1 34240.4
25503 30854.9 -14845.1 34240.4
25504 30854.9 -14845.1 34240.4
25505 30854.9 -14845.1 34240.4
25506 30854.9 -14845.1 34240.4
25507 30854.9 -14845.1 34240.4
25529 30854.9 -8907.1 32114.8
25530 30854.9 -8907.1 32114.8
25531 30854.9 -8907.1 32114.8
25532 30854.9 -8907.1 32114.8
25533 30854.9 -8907.1 32114.8
25534 30854.9 -8907.1 32114.8
25535 30854.9 -8907.1 32114.8
25557 30854.9 -2969.0 30997.5
25558 30854.9 -2969.0 30997.5
25559 30854.9 -2969.0 30997.5
25560 30854.9 -2969.0 30997.5
25561 30854.9 -2969.0 30997.5
25562 30854.9 -2969.0 30997.5
25563 30854.9 -2969.0 30997.5
25585 30854.9 2969.0 30997.5
25586 30854.9 2969.0 30997.5
25587 30854.9 2969.0 30997.5
25588 30854.9 2969.0 30997.5
25589 30854.9 2969.0 30997.5
25590 30854.9 2969.0 30997.5
25591 30854.9 2969.0 30997.5
25613 30854.9 8907.1 32114.8
25614 30854.9 8907.1 32114.8
25615 30854.9 8907.1 32114.8
25616 30854.9 8907.1 32114.8
25617 30854.9 8907.1 32114.8
25618 30854.9 8907.1 32114.8
25619 30854.9 8907.1 32114.8
25641 30854.9 14845.1 34240.4
25642 30854.9 14845.1 34240.4
25643 30854.9 14845.1 34240.4
25644 30854.9 14845.1 34240.4
25645 30854.9 14845.1 34240.4
25646 30854.9 14845.1 34240.4
25647 30854.9 14845.1 34240.4
25669 30854.9 20783.1 37201.7
25670 30854.9 20783.1 37201.7
25671 30854.9 20783.1 37201.7
25672 30854.9 20783.1 37201.7
25673 30854.9 20783.1 37201.7
25674 30854.9 20783.1 37201.7
25675 30854.9 20783.1 37201.7
25697 30854.9 26721.2 40817.2
25698 30854.9 26721.2 40817.2
25699 30854.9 26721.2 40817.2
25700 30854.9 26721.2 40817.2
25701 30854.9 26721.2 40817.2
25702 30854.9 26721.2 40817.2
25703 30854.9 26721.2 40817.2
25725 30854.9 32659.2 44929.4
25726 30854.9 32659.2 44929.4
25727 30854.9 32659.2 44929.4
25728 30854.9 32659.2 44929.4
25729 30854.9 32659.2 44929.4
25730 30854.9 32659.2 44929.4
25731 30854.9 32659.2 44929.4
25753 30854.9 38597.2 49414.3
25754 30854.9 38597.2 49414.3
25755 30854.9 38597.2 49414.3
25756 30854.9 38597.2 49414.3
25757 30854.9 38597.2 49414.3
25758 30854.9 38597.2 49414.3
25759 30854.9 38597.2 49414.3
25781 30854.9 44535.3 54179.5
25782 30854.9 44535.3 54179.5
25783 30854.9 44535.3 54179.5
25784 30854.9 44535.3 54179.5
25785 30854.9 44535.3 54179.5
25786 30854.9 44535.3 54179.5
25787 30854.9 44535.3 54179.5
25809 30854.9 50473.3 59157.3
25810 30854.9 50473.3 59157.3
25811 30854.9 50473.3 59157.3
25812 30854.9 50473.3 59157.3
25813 30854.9 50473.3 59157.3
25814 30854.9 50473.3 59157.3
25815 30854.9 50473.3 59157.3
25830 32569.1 -47504.3 57596.9
25831 32569.1 -47504.3 57596.9
25832 32569.1 -47504.3 57596.9
25833 32569.1 -47504.3 57596.9
25834 32569.1 -47504.3 57596.9
25835 32569.1 -47504.3 57596.9
25836 32569.1 -47504.3 57596.9
25858 32569.1 -41566.2 52806.2
25859 32569.1 -41566.2 52806.2
25860 32569.1 -41566.2 52806.2
25861 32569.1 -41566.2 52806.2
25862 32569.1 -41566.2 52806.2
25863 32569.1 -41566.2 52806.2
25864 32569.1 -41566.2 52806.2
25886 32569.1 -35628.2 48271.3
25887 32569.1 -35628.2 48271.3
25888 32569.1 -35628.2 48271.3
25889 32569.1 -35628.2 48271.3
25890 32569.1 -35628.2 48271.3
25891 32569.1 -35628.2 48271.3
25892 32569.1 -35628.2 48271.3
25914 32569.1 -29690.2 44071.0
25915 32569.1 -29690.2 44071.0
25916 32569.1 -29690.2 44071.0
25917 32569.1 -29690.2 44071.0
25918 32569.1 -29690.2 44071.0
25919 32569.1 -29690.2 44071.0
25920 32569.1 -29690.2 44071.0
25942 32569.1 -23752.1 40310.2
25943 32569.1 -23752.1 40310.2
25944 32569.1 -23752.1 40310.2
25945 32569.1 -23752.1 40310.2
25946 32569.1 -23752.1 40310.2
25947 32569.1 -23752.1 40310.2
25948 32569.1 -23752.1 40310.2
25970 32569.1 -17814.1 37122.6
25971 32569.1 -17814.1 37122.6
25972 32569.1 -17814.1 37122.6
25973 32569.1 -17814.1 37122.6
25974 32569.1 -17814.1 37122.6
25975 32569.1 -17814.1 37122.6
25976 32569.1 -17814.1 37122.6
25998 32569.1 -11876.1 34666.8
25999 32569.1 -11876.1 34666.8
26000 32569.1 -11876.1 34666.8
26001 32569.1 -11876.1 34666.8
26002 32569.1 -11876.1 34666.8
26003 32569.1 -11876.1 34666.8
26004 32569.1 -11876.1 34666.8
26026 32569.1 -5938.0 33106.0
26027 32569.1 -5938.0 33106.0
26028 32569.1 -5938.0 33106.0
26029 32569.1 -5938.0 33106.0
26030 32569.1 -5938.0 33106.0
26031 32569.1 -5938.0 33106.0
26032 32569.1 -5938.0 33106.0
26054 32569.1 0.0 32569.1
26055 32569.1 0.0 32569.1
26056 32569.1 0.0 32569.1
26057 32569.1 0.0 32569.1
26058 32569.1 0.0 32569.1
26059 32569.1 0.0 32569.1
26060 32569.1 0.0 32569.1
26082 32569.1 5938.0 33106.0
26083 32569.1 5938.0 33106.0
26084 32569.1 5938.0 33106.0
26085 32569.1 5938.0 33106.0
26086 32569.1 5938.0 33106.0
26087 32569.1 5938.0 33106.0
26088 32569.1 5938.0 33106.0
26110 32569.1 11876.1 34666.8
26111 32569.1 11876.1 34666.8
26112 32569.1 11876.1 34666.8
26113 32569.1 11876.1 34666.8
26114 32569.1 11876.1 34666.8
26115 32569.1 11876.1 34666.8
26116 32569.1 11876.1 34666.8
26138 32569.1 17814.1 37122.6
26139 32569.1 17814.1 37122.6
26140 32569.1 17814.1 37122.6
26141 32569.1 17814.1 37122.6
26142 32569.1 17814.1 37122.6
26143 32569.1 17814.1 37122.6
26144 32569.1 17814.1 37122.6
26166 32569.1 23752.1 40310.2
26167 32569.1 23752.1 40310.2
26168 32569.1 23752.1 40310.2
26169 32569.1 23752.1 40310.2
26170 32569.1 23752.1 40310.2
26171 32569.1 23752.1 40310.2
26172 32569.1 23752.1 40310.2
26194 32569.1 29690.2 44071.0
26195 32569.1 29690.2 44071.0
26196 32569.1 29690.2 44071.0
26197 32569.1 29690.2 44071.0
26198 32569.1 29690.2 44071.0
26199 32569.1 29690.2 44071.0
26200 32569.1 29690.2 44071.0
26222 32569.1 35628.2 48271.3
26223 32569.1 35628.2 48271.3
26224 32569.1 35628.2 48271.3
26225 32569.1 35628.2 48271.3
26226 32569.1 35628.2 48271.3
26227 32569.1 35628.2 48271.3
26228 32569.1 35628.2 48271.3
26250 32569.1 41566.2 52806.2
26251 32569.1 41566.2 52806.2
26252 32569.1 41566.2 52806.2
26253 32569.1 41566.2 52806.2
26254 32569.1 41566.2 52806.2
26255 32569.1 41566.2 52806.2
26256 32569.1 41566.2 52806.2
26278 32569.1 47504.3 57596.9
26279 32569.1 47504.3 57596.9
26280 32569.1 47504.3 57596.9
26281 32569.1 47504.3 57596.9
26282 32569.1 47504.3 57596.9
26283 32569.1 47504.3 57596.9
26284 32569.1 47504.3 57596.9
26313 34283.3 -44535.3 56202.6
26314 34283.3 -44535.3 56202.6
26315 34283.3 -44535.3 56202.6
26316 34283.3 -44535.3 56202.6
26317 34283.3 -44535.3 56202.6
26318 34283.3 -44535.3 56202.6
26319 34283.3 -44535.3 56202.6
26341 34283.3 -38597.2 51624.5
26342 34283.3 -38597.2 51624.5
26343 34283.3 -38597.2 51624.5
26344 34283.3 -38597.2 51624.5
26345 34283.3 -38597.2 51624.5
26346 34283.3 -38597.2 51624.5
26347 34283.3 -38597.2 51624.5
26369 34283.3 -32659.2 47349.4
26370 34283.3 -32659.2 47349.4
26371 34283.3 -32659.2 47349.4
26372 34283.3 -32659.2 47349.4
26373 34283.3 -32659.2 47349.4
26374 34283.3 -32659.2 47349.4
26375 34283.3 -32659.2 47349.4
26397 34283.3 -26721.2 43466.8
26398 34283.3 -26721.2 43466.8
26399 34283.3 -26721.2 43466.8
26400 34283.3 -26721.2 43466.8
26401 34283.3 -26721.2 43466.8
26402 34283.3 -26721.2 43466.8
26403 34283.3 -26721.2 43466.8
26425 34283.3 -20783.1 40090.9
26426 34283.3 -20783.1 40090.9
26427 34283.3 -20783.1 40090.9
26428 34283.3 -20783.1 40090.9
26429 34283.3 -20783.1 40090.9
26430 34283.3 -20783.1 40090.9
26431 34283.3 -20783.1 40090.9
26453 34283.3 -14845.1 37359.3
26454 34283.3 -14845.1 37359.3
26455 34283.3 -14845.1 37359.3
26456 34283.3 -14845.1 37359.3
26457 34283.3 -14845.1 37359.3
26458 34283.3 -14845.1 37359.3
26459 34283.3 -14845.1 37359.3
26481 34283.3 -8907.1 35421.4
26482 34283.3 -8907.1 35421.4
26483 34283.3 -8907.1 35421.4
26484 34283.3 -8907.1 35421.4
26485 34283.3 -8907.1 35421.4
26486 34283.3 -8907.1 35421.4
26487 34283.3 -8907.1 35421.4
26509 34283.3 -2969.0 34411.6
26510 34283.3 -2969.0 34411.6
26511 34283.3 -2969.0 34411.6
26512 34283.3 -2969.0 34411.6
26513 34283.3 -2969.0 34411.6
26514 34283.3 -2969.0 34411.6
26515 34283.3 -2969.0 34411.6
26537 34283.3 2969.0 34411.6
26538 34283.3 2969.0 34411.6
26539 34283.3 2969.0 34411.6
26540 34283.3 2969.0 34411.6
26541 34283.3 2969.0 34411.6
26542 34283.3 2969.0 34411.6
26543 34283.3 2969.0 34411.6
26565 34283.3 8907.1 35421.4
26566 34283.3 8907.1 35421.4
26567 34283.3 8907.1 35421.4
26568 34283.3 8907.1 35421.4
26569 34283.3 8907.1 35421.4
26570 34283.3 8907.1 35421.4
26571 34283.3 8907.1 35421.4
26593 34283.3 14845.1 37359.3
26594 34283.3 14845.1 37359.3
26595 34283.3 14845.1 37359.3
26596 34283.3 14845.1 37359.3
26597 34283.3 14845.1 37359.3
26598 34283.3 14845.1 37359.3
26599 34283.3 14845.1 37359.3
26621 34283.3 20783.1 40090.9
26622 34283.3 20783.1 40090.9
26623 34283.3 20783.1 40090.9
26624 34283.3 20783.1 40090.9
26625 34283.3 20783.1 40090.9
26626 34283.3 20783.1 40090.9
26627 34283.3 20783.1 40090.9
26649 34283.3 26721.2 43466.8
26650 34283.3 26721.2 43466.8
26651 34283.3 26721.2 43466.8
26652 34283.3 26721.2 43466.8
26653 34283.3 26721.2 43466.8
26654 34283.3 26721.2 43466.8
26655 34283.3 26721.2 43466.8
26677 34283.3 32659.2 47349.4
26678 34283.3 32659.2 47349.4
26679 34283.3 32659.2 47349.4
26680 34283.3 32659.2 47349.4
26681 34283.3 32659.2 47349.4
26682 34283.3 32659.2 47349.4
26683 34283.3 32659.2 47349.4
26705 34283.3 38597.2 51624.5
26706 34283.3 38597.2 51624.5
26707 34283.3 38597.2 51624.5
26708 34283.3 38597.2 51624.5
26709 34283.3 38597.2 51624.5
26710 34283.3 38597.2 51624.5
26711 34283.3 38597.2 51624.5
26733 34283.3 44535.3 56202.6
26734 34283.3 44535.3 56202.6
26735 34283.3 44535.3 56202.6
26736 34283.3 44535.3 56202.6
26737 34283.3 44535.3 56202.6
26738 34283.3 44535.3 56202.6
26739 34283.3 44535.3 56202.6
26754 35997.4 -47504.3 59602.6
26755 35997.4 -47504.3 59602.6
26756 35997.4 -47504.3 59602.6
26757 35997.4 -47504.3 59602.6
26758 35997.4 -47504.3 59602.6
26759 35997.4 -47504.3 59602.6
26760 35997.4 -47504.3 59602.6
26782 35997.4 -41566.2 54987.0
26783 35997.4 -41566.2 54987.0
26784 35997.4 -41566.2 54987.0
26785 35997.4 -41566.2 54987.0
26786 35997.4 -41566.2 54987.0
26787 35997.4 -41566.2 54987.0
26788 35997.4 -41566.2 54987.0
26810 35997.4 -35628.2 50647.6
26811 35997.4 -35628.2 50647.6
26812 35997.4 -35628.2 50647.6
26813 35997.4 -35628.2 50647.6
26814 35997.4 -35628.2 50647.6
26815 35997.4 -35628.2 50647.6
26816 35997.4 -35628.2 50647.6
26838 35997.4 -29690.2 46661.8
26839 35997.4 -29690.2 46661.8
26840 35997.4 -29690.2 46661.8
26841 35997.4 -29690.2 46661.8
26842 35997.4 -29690.2 46661.8
26843 35997.4 -29690.2 46661.8
26844 35997.4 -29690.2 46661.8
26866 35997.4 -23752.1 43127.5
26867 35997.4 -23752.1 43127.5
26868 35997.4 -23752.1 43127.5
26869 35997.4 -23752.1 43127.5
26870 35997.4 -23752.1 43127.5
26871 35997.4 -23752.1 43127.5
26872 35997.4 -23752.1 43127.5
26894 35997.4 -17814.1 40164.1
26895 35997.4 -17814.1 40164.1
26896 35997.4 -17814.1 40164.1
26897 35997.4 -17814.1 40164.1
26898 35997.4 -17814.1 40164.1
26899 35997.4 -17814.1 40164.1
26900 35997.4 -17814.1 40164.1
26922 35997.4 -11876.1 37905.9
26923 35997.4 -11876.1 37905.9
26924 35997.4 -11876.1 37905.9
26925 35997.4 -11876.1 37905.9
26926 35997.4 -11876.1 37905.9
26927 35997.4 -11876.1 37905.9
26928 35997.4 -11876.1 37905.9
26950 35997.4 -5938.0 36483.9
26951 35997.4 -5938.0 36483.9
26952 35997.4 -5938.0 36483.9
26953 35997.4 -5938.0 36483.9
26954 35997.4 -5938.0 36483.9
26955 35997.4 -5938.0 36483.9
26956 35997.4 -5938.0 36483.9
26978 35997.4 0.0 35997.4
26979 35997.4 0.0 35997.4
26980 35997.4 0.0 35997.4
26981 35997.4 0.0 35997.4
26982 35997.4 0.0 35997.4
26983 35997.4 0.0 35997.4
26984 35997.4 0.0 35997.4
27006 35997.4 5938.0 36483.9
27007 35997.4 5938.0 36483.9
27008 35997.4 5938.0 36483.9
27009 35997.4 5938.0 36483.9
27010 35997.4 5938.0 36483.9
27011 35997.4 5938.0 36483.9
27012 35997.4 5938.0 36483.9
27034 35997.4 11876.1 37905.9
27035 35997.4 11876.1 37905.9
27036 35997.4 11876.1 37905.9
27037 35997.4 11876.1 37905.9
27038 35997.4 11876.1 37905.9
27039 35997.4 11876.1 37905.9
27040 35997.4 11876.1 37905.9
27062 35997.4 17814.1 40164.1
27063 35997.4 17814.1 40164.1
27064 35997.4 17814.1 40164.1
27065 35997.4 17814.1 40164.1
27066 35997.4 17814.1 40164.1
27067 35997.4 17814.1 40164.1
27068 35997.4 17814.1 40164.1
27090 35997.4 23752.1 43127.5
27091 35997.4 23752.1 43127.5
27092 35997.4 23752.1 43127.5
27093 35997.4 23752.1 43127.5
27094 35997.4 23752.1 43127.5
27095 35997.4 23752.1 43127.5
27096 35997.4 23752.1 43127.5
27118 35997.4 29690.2 46661.8
27119 35997.4 29690.2 46661.8
27120 35997.4 29690.2 46661.8
27121 35997.4 29690.2 46661.8
27122 35997.4 29690.2 46661.8
27123 35997.4 29690.2 46661.8
27124 35997.4 29690.2 46661.8
27146 35997.4 35628.2 50647.6
27147 35997.4 35628.2 50647.6
27148 35997.4 35628.2 50647.6
27149 35997.4 35628.2 50647.6
27150 35997.4 35628.2 50647.6
27151 35997.4 35628.2 50647.6
27152 35997.4 35628.2 50647.6
27174 35997.4 41566.2 54987.0
27175 35997.4 41566.2 54987.0
27176 35997.4 41566.2 54987.0
27177 35997.4 41566.2 54987.0
27178 35997.4 41566.2 54987.0
27179 35997.4 41566.2 54987.0
27180 35997.4 41566.2 54987.0
27202 35997.4 47504.3 59602.6
27203 35997.4 47504.3 59602.6
27204 35997.4 47504.3 59602.6
27205 35997.4 47504.3 59602.6
27206 35997.4 47504.3 59602.6
27207 35997.4 47504.3 59602.6
27208 35997.4 47504.3 59602.6
27216 37711.6 -44535.3 58357.1
27217 37711.6 -44535.3 58357.1
27218 37711.6 -44535.3 58357.1
27219 37711.6 -44535.3 58357.1
27220 37711.6 -44535.3 58357.1
27221 37711.6 -44535.3 58357.1
27222 37711.6 -44535.3 58357.1
27244 37711.6 -38597.2 53962.1
27245 37711.6 -38597.2 53962.1
27246 37711.6 -38597.2 53962.1
27247 37711.6 -38597.2 53962.1
27248 37711.6 -38597.2 53962.1
27249 37711.6 -38597.2 53962.1
27250 37711.6 -38597.2 53962.1
27272 37711.6 -32659.2 49887.7
27273 37711.6 -32659.2 49887.7
27274 37711.6 -32659.2 49887.7
27275 37711.6 -32659.2 49887.7
27276 37711.6 -32659.2 49887.7
27277 37711.6 -32659.2 49887.7
27278 37711.6 -32659.2 49887.7
27300 37711.6 -26721.2 46218.9
27301 37711.6 -26721.2 46218.9
27302 37711.6 -26721.2 46218.9
27303 37711.6 -26721.2 46218.9
27304 37711.6 -26721.2 46218.9
27305 37711.6 -26721.2 46218.9
27306 37711.6 -26721.2 46218.9
27328 37711.6 -20783.1 43059.3
27329 37711.6 -20783.1 43059.3
27330 37711.6 -20783.1 43059.3
27331 37711.6 -20783.1 43059.3
27332 37711.6 -20783.1 43059.3
27333 37711.6 -20783.1 43059.3
27334 37711.6 -20783.1 43059.3
27356 37711.6 -14845.1 40528.3
27357 37711.6 -14845.1 40528.3
27358 37711.6 -14845.1 40528.3
27359 37711.6 -14845.1 40528.3
27360 37711.6 -14845.1 40528.3
27361 37711.6 -14845.1 40528.3
27362 37711.6 -14845.1 40528.3
27384 37711.6 -8907.1 38749.2
27385 37711.6 -8907.1 38749.2
27386 37711.6 -8907.1 38749.2
27387 37711.6 -8907.1 38749.2
27388 37711.6 -8907.1 38749.2
27389 37711.6 -8907.1 38749.2
27390 37711.6 -8907.1 38749.2
27412 37711.6 -2969.0 37828.3
27413 37711.6 -2969.0 37828.3
27414 37711.6 -2969.0 37828.3
27415 37711.6 -2969.0 37828.3
27416 37711.6 -2969.0 37828.3
27417 37711.6 -2969.0 37828.3
27418 37711.6 -2969.0 37828.3
27440 37711.6 2969.0 37828.3
27441 37711.6 2969.0 37828.3
27442 37711.6 2969.0 37828.3
27443 37711.6 2969.0 37828.3
27444 37711.6 2969.0 37828.3
27445 37711.6 2969.0 37828.3
27446 37711.6 2969.0 37828.3
27468 37711.6 8907.1 38749.2
27469 37711.6 8907.1 38749.2
27470 37711.6 8907.1 38749.2
27471 37711.6 8907.1 38749.2
27472 37711.6 8907.1 38749.2
27473 37711.6 8907.1 38749.2
27474 37711.6 8907.1 38749.2
27496 37711.6 14845.1 40528.3
27497 37711.6 14845.1 40528.3
27498 37711.6 14845.1 40528.3
27499 37711.6 14845.1 40528.3
27500 37711.6 14845.1 40528.3
27501 37711.6 14845.1 40528.3
27502 37711.6 14845.1 40528.3
27524 37711.6 20783.1 43059.3
27525 37711.6 20783.1 43059.3
27526 37711.6 20783.1 43059.3
27527 37711.6 20783.1 43059.3
27528 37711.6 20783.1 43059.3
27529 37711.6 20783.1 43059.3
27530 37711.6 20783.1 43059.3
27552 37711.6 26721.2 46218.9
27553 37711.6 26721.2 46218.9
27554 37711.6 26721.2 46218.9
27555 37711.6 26721.2 46218.9
27556 37711.6 26721.2 46218.9
27557 37711.6 26721.2 46218.9
27558 37711.6 26721.2 46218.9
27580 37711.6 32659.2 49887.7
27581 37711.6 32659.2 49887.7
27582 37711.6 32659.2 49887.7
27583 37711.6 32659.2 49887.7
27584 37711.6 32659.2 49887.7
27585 37711.6 32659.2 49887.7
27586 37711.6 32659.2 49887.7
27608 37711.6 38597.2 53962.1
27609 37711.6 38597.2 53962.1
27610 37711.6 38597.2 53962.1
27611 37711.6 38597.2 53962.1
27612 37711.6 38597.2 53962.1
27613 37711.6 38597.2 53962.1
27614 37711.6 38597.2 53962.1
27636 37711.6 44535.3 58357.1
27637 37711.6 44535.3 58357.1
27638 37711.6 44535.3 58357.1
27639 37711.6 44535.3 58357.1
27640 37711.6 44535.3 58357.1
27641 37711.6 44535.3 58357.1
27642 37711.6 44535.3 58357.1
27664 39425.8 -41566.2 57290.0
27665 39425.8 -41566.2 57290.0
27666 39425.8 -41566.2 57290.0
27667 39425.8 -41566.2 57290.0
27668 39425.8 -41566.2 57290.0
27669 39425.8 -41566.2 57290.0
27670 39425.8 -41566.2 57290.0
27692 39425.8 -35628.2 53139.1
27693 39425.8 -35628.2 53139.1
27694 39425.8 -35628.2 53139.1
27695 39425.8 -35628.2 53139.1
27696 39425.8 -35628.2 53139.1
27697 39425.8 -35628.2 53139.1
27698 39425.8 -35628.2 53139.1
27720 39425.8 -29690.2 49354.8
27721 39425.8 -29690.2 49354.8
27722 39425.8 -29690.2 49354.8
27723 39425.8 -29690.2 49354.8
27724 39425.8 -29690.2 49354.8
27725 39425.8 -29690.2 49354.8
27726 39425.8 -29690.2 49354.8
27748 39425.8 -23752.1 46027.8
27749 39425.8 -23752.1 46027.8
27750 39425.8 -23752.1 46027.8
27751 39425.8 -23752.1 46027.8
27752 39425.8 -23752.1 46027.8
27753 39425.8 -23752.1 46027.8
27754 39425.8 -23752.1 46027.8
27776 39425.8 -17814.1 43263.5
27777 39425.8 -17814.1 43263.5
27778 39425.8 -17814.1 43263.5
27779 39425.8 -17814.1 43263.5
27780 39425.8 -17814.1 43263.5
27781 39425.8 -17814.1 43263.5
27782 39425.8 -17814.1 43263.5
27804 39425.8 -11876.1 41175.6
27805 39425.8 -11876.1 41175.6
27806 39425.8 -11876.1 41175.6
27807 39425.8 -11876.1 41175.6
27808 39425.8 -11876.1 41175.6
27809 39425.8 -11876.1 41175.6
27810 39425.8 -11876.1 41175.6
27832 39425.8 -5938.0 39870.4
27833 39425.8 -5938.0 39870.4
27834 39425.8 -5938.0 39870.4
27835 39425.8 -5938.0 39870.4
27836 39425.8 -5938.0 39870.4
27837 39425.8 -5938.0 39870.4
27838 39425.8 -5938.0 39870.4
27860 39425.8 0.0 39425.8
27861 39425.8 0.0 39425.8
27862 39425.8 0.0 39425.8
27863 39425.8 0.0 39425.8
27864 39425.8 0.0 39425.8
27865 39425.8 0.0 39425.8
27866 39425.8 0.0 39425.8
27888 39425.8 5938.0 39870.4
27889 39425.8 5938.0 39870.4
27890 39425.8 5938.0 39870.4
27891 39425.8 5938.0 39870.4
27892 39425.8 5938.0 39870.4
27893 39425.8 5938.0 39870.4
27894 39425.8 5938.0 39870.4
27916 39425.8 11876.1 41175.6
27917 39425.8 11876.1 41175.6
27918 39425.8 11876.1 41175.6
27919 39425.8 11876.1 41175.6
27920 39425.8 11876.1 41175.6
27921 39425.8 11876.1 41175.6
27922 39425.8 11876.1 41175.6
27944 39425.8 17814.1 43263.5
27945 39425.8 17814.1 43263.5
27946 39425.8 17814.1 43263.5
27947 39425.8 17814.1 43263.5
27948 39425.8 17814.1 43263.5
27949 39425.8 17814.1 43263.5
27950 39425.8 17814.1 43263.5
27972 39425.8 23752.1 46027.8
27973 39425.8 23752.1 46027.8
27974 39425.8 23752.1 46027.8
27975 39425.8 23752.1 46027.8
27976 39425.8 23752.1 46027.8
27977 39425.8 23752.1 46027.8
27978 39425.8 23752.1 46027.8
28000 39425.8 29690.2 49354.8
28001 39425.8 29690.2 49354.8
28002 39425.8 29690.2 49354.8
28003 39425.8 29690.2 49354.8
28004 39425.8 29690.2 49354.8
28005 39425.8 29690.2 49354.8
28006 39425.8 29690.2 49354.8
28028 39425.8 35628.2 53139.1
28029 39425.8 35628.2 53139.1
28030 39425.8 35628.2 53139.1
28031 39425.8 35628.2 53139.1
28032 39425.8 35628.2 53139.1
28033 39425.8 35628.2 53139.1
28034 39425.8 35628.2 53139.1
28056 39425.8 41566.2 57290.0
28057 39425.8 41566.2 57290.0
28058 39425.8 41566.2 57290.0
28059 39425.8 41566.2 57290.0
28060 39425.8 41566.2 57290.0
28061 39425.8 41566.2 57290.0
28062 39425.8 41566.2 57290.0
28098 41139.9 -38597.2 56411.3
28099 41139.9 -38597.2 56411.3
28100 41139.9 -38597.2 56411.3
28101 41139.9 -38597.2 56411.3
28102 41139.9 -38597.2 56411.3
28103 41139.9 -38597.2 56411.3
28104 41139.9 -38597.2 56411.3
28126 41139.9 -32659.2 52527.3
28127 41139.9 -32659.2 52527.3
28128 41139.9 -32659.2 52527.3
28129 41139.9 -32659.2 52527.3
28130 41139.9 -32659.2 52527.3
28131 41139.9 -32659.2 52527.3
28132 41139.9 -32659.2 52527.3
28154 41139.9 -26721.2 49056.2
28155 41139.9 -26721.2 49056.2
28156 41139.9 -26721.2 49056.2
28157 41139.9 -26721.2 49056.2
28158 41139.9 -26721.2 49056.2
28159 41139.9 -26721.2 49056.2
28160 41139.9 -26721.2 49056.2
28182 41139.9 -20783.1 46091.5
28183 41139.9 -20783.1 46091.5
28184 41139.9 -20783.1 46091.5
28185 41139.9 -20783.1 46091.5
28186 41139.9 -20783.1 46091.5
28187 41139.9 -20783.1 46091.5
28188 41139.9 -20783.1 46091.5
28210 41139.9 -14845.1 43736.4
28211 41139.9 -14845.1 43736.4
28212 41139.9 -14845.1 43736.4
28213 41139.9 -14845.1 43736.4
28214 41139.9 -14845.1 43736.4
28215 41139.9 -14845.1 43736.4
28216 41139.9 -14845.1 43736.4
28238 41139.9 -8907.1 42093.1
28239 41139.9 -8907.1 42093.1
28240 41139.9 -8907.1 42093.1
28241 41139.9 -8907.1 42093.1
28242 41139.9 -8907.1 42093.1
28243 41139.9 -8907.1 42093.1
28244 41139.9 -8907.1 42093.1
28266 41139.9 -2969.0 41246.9
28267 41139.9 -2969.0 41246.9
28268 41139.9 -2969.0 41246.9
28269 41139.9 -2969.0 41246.9
28270 41139.9 -2969.0 41246.9
28271 41139.9 -2969.0 41246.9
28272 41139.9 -2969.0 41246.9
28294 41139.9 2969.0 41246.9
28295 41139.9 2969.0 41246.9
28296 41139.9 2969.0 41246.9
28297 41139.9 2969.0 41246.9
28298 41139.9 2969.0 41246.9
28299 41139.9 2969.0 41246.9
28300 41139.9 2969.0 41246.9
28322 41139.9 8907.1 42093.1
28323 41139.9 8907.1 42093.1
28324 41139.9 8907.1 42093.1
28325 41139.9 8907.1 42093.1
28326 41139.9 8907.1 42093.1
28327 41139.9 8907.1 42093.1
28328 41139.9 8907.1 42093.1
28350 41139.9 14845.1 43736.4
28351 41139.9 14845.1 43736.4
28352 41139.9 14845.1 43736.4
28353 41139.9 14845.1 43736.4
28354 41139.9 14845.1 43736.4
28355 41139.9 14845.1 43736.4
28356 41139.9 14845.1 43736.4
28378 41139.9 20783.1 46091.5
28379 41139.9 20783.1 46091.5
28380 41139.9 20783.1 46091.5
28381 41139.9 20783.1 46091.5
28382 41139.9 20783.1 46091.5
28383 41139.9 20783.1 46091.5
28384 41139.9 20783.1 46091.5
28406 41139.9 26721.2 49056.2
28407 41139.9 26721.2 49056.2
28408 41139.9 26721.2 49056.2
28409 41139.9 26721.2 49056.2
28410 41139.9 26721.2 49056.2
28411 41139.9 26721.2 49056.2
28412 41139.9 26721.2 49056.2
28434 41139.9 32659.2 52527.3
28435 41139.9 32659.2 52527.3
28436 41139.9 32659.2 52527.3
28437 41139.9 32659.2 52527.3
28438 41139.9 32659.2 52527.3
28439 41139.9 32659.2 52527.3
28440 41139.9 32659.2 52527.3
28462 41139.9 38597.2 56411.3
28463 41139.9 38597.2 56411.3
28464 41139.9 38597.2 56411.3
28465 41139.9 38597.2 56411.3
28466 41139.9 38597.2 56411.3
28467 41139.9 38597.2 56411.3
28468 41139.9 38597.2 56411.3
28490 42854.1 -41566.2 59701.1
28491 42854.1 -41566.2 59701.1
28492 42854.1 -41566.2 59701.1
28493 42854.1 -41566.2 59701.1
28494 42854.1 -41566.2 59701.1
28495 42854.1 -41566.2 59701.1
28496 42854.1 -41566.2 59701.1
28518 42854.1 -35628.2 55730.1
28519 42854.1 -35628.2 55730.1
28520 42854.1 -35628.2 55730.1
28521 42854.1 -35628.2 55730.1
28522 42854.1 -35628.2 55730.1
28523 42854.1 -35628.2 55730.1
28524 42854.1 -35628.2 55730.1
28546 42854.1 -29690.2 52134.2
28547 42854.1 -29690.2 52134.2
28548 42854.1 -29690.2 52134.2
28549 42854.1 -29690.2 52134.2
28550 42854.1 -29690.2 52134.2
28551 42854.1 -29690.2 52134.2
28552 42854.1 -29690.2 52134.2
28574 42854.1 -23752.1 48996.3
28575 42854.1 -23752.1 48996.3
28576 42854.1 -23752.1 48996.3
28577 42854.1 -23752.1 48996.3
28578 42854.1 -23752.1 48996.3
28579 42854.1 -23752.1 48996.3
28580 42854.1 -23752.1 48996.3
28602 42854.1 -17814.1 46409.2
28603 42854.1 -17814.1 46409.2
28604 42854.1 -17814.1 46409.2
28605 42854.1 -17814.1 46409.2
28606 42854.1 -17814.1 46409.2
28607 42854.1 -17814.1 46409.2
28608 42854.1 -17814.1 46409.2
28630 42854.1 -11876.1 44469.2
28631 42854.1 -11876.1 44469.2
28632 42854.1 -11876.1 44469.2
28633 42854.1 -11876.1 44469.2
28634 42854.1 -11876.1 44469.2
28635 42854.1 -11876.1 44469.2
28636 42854.1 -11876.1 44469.2
28658 42854.1 -5938.0 43263.5
28659 42854.1 -5938.0 43263.5
28660 42854.1 -5938.0 43263.5
28661 42854.1 -5938.0 43263.5
28662 42854.1 -5938.0 43263.5
28663 42854.1 -5938.0 43263.5
28664 42854.1 -5938.0 43263.5
28686 42854.1 0.0 42854.1
28687 42854.1 0.0 42854.1
28688 42854.1 0.0 42854.1
28689 42854.1 0.0 42854.1
28690 42854.1 0.0 42854.1
28691 42854.1 0.0 42854.1
28692 42854.1 0.0 42854.1
28714 42854.1 5938.0 43263.5
28715 42854.1 5938.0 43263.5
28716 42854.1 5938.0 43263.5
28717 42854.1 5938.0 43263.5
28718 42854.1 5938.0 43263.5
28719 42854.1 5938.0 43263.5
28720 42854.1 5938.0 43263.5
28742 42854.1 11876.1 44469.2
28743 42854.1 11876.1 44469.2
28744 42854.1 11876.1 44469.2
28745 42854.1 11876.1 44469.2
28746 42854.1 11876.1 44469.2
28747 42854.1 11876.1 44469.2
28748 42854.1 11876.1 44469.2
28770 42854.1 17814.1 46409.2
28771 42854.1 17814.1 46409.2
28772 42854.1 17814.1 46409.2
28773 42854.1 17814.1 46409.2
28774 42854.1 17814.1 46409.2
28775 42854.1 17814.1 46409.2
28776 42854.1 17814.1 46409.2
28798 42854.1 23752.1 48996.3
28799 42854.1 23752.1 48996.3
28800 42854.1 23752.1 48996.3
28801 42854.1 23752.1 48996.3
28802 42854.1 23752.1 48996.3
28803 42854.1 23752.1 48996.3
28804 42854.1 23752.1 48996.3
28826 42854.1 29690.2 52134.2
28827 42854.1 29690.2 52134.2
28828 42854.1 29690.2 52134.2
28829 42854.1 29690.2 52134.2
28830 42854.1 29690.2 52134.2
28831 42854.1 29690.2 52134.2
28832 42854.1 29690.2 52134.2
28854 42854.1 35628.2 55730.1
28855 42854.1 35628.2 55730.1
28856 42854.1 35628.2 55730.1
28857 42854.1 35628.2 55730.1
28858 42854.1 35628.2 55730.1
28859 42854.1 35628.2 55730.1
28860 42854.1 35628.2 55730.1
28882 42854.1 41566.2 59701.1
28883 42854.1 41566.2 59701.1
28884 42854.1 41566.2 59701.1
28885 42854.1 41566.2 59701.1
28886 42854.1 41566.2 59701.1
28887 42854.1 41566.2 59701.1
28888 42854.1 41566.2 59701.1
28889 44568.2 -38597.2 58958.2
28890 44568.2 -38597.2 58958.2
28891 44568.2 -38597.2 58958.2
28892 44568.2 -38597.2 58958.2
28893 44568.2 -38597.2 58958.2
28894 44568.2 -38597.2 58958.2
28895 44568.2 -38597.2 58958.2
28917 44568.2 -32659.2 55253.5
28918 44568.2 -32659.2 55253.5
28919 44568.2 -32659.2 55253.5
28920 44568.2 -32659.2 55253.5
28921 44568.2 -32659.2 55253.5
28922 44568.2 -32659.2 55253.5
28923 44568.2 -32659.2 55253.5
28945 44568.2 -26721.2 51964.9
28946 44568.2 -26721.2 51964.9
28947 44568.2 -26721.2 51964.9
28948 44568.2 -26721.2 51964.9
28949 44568.2 -26721.2 51964.9
28950 44568.2 -26721.2 51964.9
28951 44568.2 -26721.2 51964.9
28973 44568.2 -20783.1 49175.9
28974 44568.2 -20783.1 49175.9
28975 44568.2 -20783.1 49175.9
28976 44568.2 -20783.1 49175.9
28977 44568.2 -20783.1 49175.9
28978 44568.2 -20783.1 49175.9
28979 44568.2 -20783.1 49175.9
29001 44568.2 -14845.1 46975.6
29002 44568.2 -14845.1 46975.6
29003 44568.2 -14845.1 46975.6
29004 44568.2 -14845.1 46975.6
29005 44568.2 -14845.1 46975.6
29006 44568.2 -14845.1 46975.6
29007 44568.2 -14845.1 46975.6
29029 44568.2 -8907.1 45449.6
29030 44568.2 -8907.1 45449.6
29031 44568.2 -8907.1 45449.6
29032 44568.2 -8907.1 45449.6
29033 44568.2 -8907.1 45449.6
29034 44568.2 -8907.1 45449.6
29035 44568.2 -8907.1 45449.6
29057 44568.2 -2969.0 44667.0
29058 44568.2 -2969.0 44667.0
29059 44568.2 -2969.0 44667.0
29060 44568.2 -2969.0 44667.0
29061 44568.2 -2969.0 44667.0
29062 44568.2 -2969.0 44667.0
29063 44568.2 -2969.0 44667.0
29085 44568.2 2969.0 44667.0
29086 44568.2 2969.0 44667.0
29087 44568.2 2969.0 44667.0
29088 44568.2 2969.0 44667.0
29089 44568.2 2969.0 44667.0
29090 44568.2 2969.0 44667.0
29091 44568.2 2969.0 44667.0
29113 44568.2 8907.1 45449.6
29114 44568.2 8907.1 45449.6
29115 44568.2 8907.1 45449.6
29116 44568.2 8907.1 45449.6
29117 44568.2 8907.1 45449.6
29118 44568.2 8907.1 45449.6
29119 44568.2 8907.1 45449.6
29141 44568.2 14845.1 46975.6
29142 44568.2 14845.1 46975.6
29143 44568.2 14845.1 46975.6
29144 44568.2 14845.1 46975.6
29145 44568.2 14845.1 46975.6
29146 44568.2 14845.1 46975.6
29147 44568.2 14845.1 46975.6
29169 44568.2 20783.1 49175.9
29170 44568.2 20783.1 49175.9
29171 44568.2 20783.1 49175.9
29172 44568.2 20783.1 49175.9
29173 44568.2 20783.1 49175.9
29174 44568.2 20783.1 49175.9
29175 44568.2 20783.1 49175.9
29197 44568.2 26721.2 51964.9
29198 44568.2 26721.2 51964.9
29199 44568.2 26721.2 51964.9
29200 44568.2 26721.2 51964.9
29201 44568.2 26721.2 51964.9
29202 44568.2 26721.2 51964.9
29203 44568.2 26721.2 51964.9
29225 44568.2 32659.2 55253.5
29226 44568.2 32659.2 55253.5
29227 44568.2 32659.2 55253.5
29228 44568.2 32659.2 55253.5
29229 44568.2 32659.2 55253.5
29230 44568.2 32659.2 55253.5
29231 44568.2 32659.2 55253.5
29253 44568.2 38597.2 58958.2
29254 44568.2 38597.2 58958.2
29255 44568.2 38597.2 58958.2
29256 44568.2 38597.2 58958.2
29257 44568.2 38597.2 58958.2
29258 44568.2 38597.2 58958.2
29259 44568.2 38597.2 58958.2
29267 46282.4 -35628.2 58407.4
29268 46282.4 -35628.2 58407.4
29269 46282.4 -35628.2 58407.4
29270 46282.4 -35628.2 58407.4
29271 46282.4 -35628.2 58407.4
29272 46282.4 -35628.2 58407.4
29273 46282.4 -35628.2 58407.4
29295 46282.4 -29690.2 54987.0
29296 46282.4 -29690.2 54987.0
29297 46282.4 -29690.2 54987.0
29298 46282.4 -29690.2 54987.0
29299 46282.4 -29690.2 54987.0
29300 46282.4 -29690.2 54987.0
29301 46282.4 -29690.2 54987.0
29323 46282.4 -23752.1 52021.4
29324 46282.4 -23752.1 52021.4
29325 46282.4 -23752.1 52021.4
29326 46282.4 -23752.1 52021.4
29327 46282.4 -23752.1 52021.4
29328 46282.4 -23752.1 52021.4
29329 46282.4 -23752.1 52021.4
29351 46282.4 -17814.1 49592.4
29352 46282.4 -17814.1 49592.4
29353 46282.4 -17814.1 49592.4
29354 46282.4 -17814.1 49592.4
29355 46282.4 -17814.1 49592.4
29356 46282.4 -17814.1 49592.4
29357 46282.4 -17814.1 49592.4
29379 46282.4 -11876.1 47781.8
29380 46282.4 -11876.1 47781.8
29381 46282.4 -11876.1 47781.8
29382 46282.4 -11876.1 47781.8
29383 46282.4 -11876.1 47781.8
29384 46282.4 -11876.1 47781.8
29385 46282.4 -11876.1 47781.8
29407 46282.4 -5938.0 46661.8
29408 46282.4 -5938.0 46661.8
29409 46282.4 -5938.0 46661.8
29410 46282.4 -5938.0 46661.8
29411 46282.4 -5938.0 46661.8
29412 46282.4 -5938.0 46661.8
29413 46282.4 -5938.0 46661.8
29435 46282.4 0.0 46282.4
29436 46282.4 0.0 46282.4
29437 46282.4 0.0 46282.4
29438 46282.4 0.0 46282.4
29439 46282.4 0.0 46282.4
29440 46282.4 0.0 46282.4
29441 46282.4 0.0 46282.4
29463 46282.4 5938.0 46661.8
29464 46282.4 5938.0 46661.8
29465 46282.4 5938.0 46661.8
29466 46282.4 5938.0 46661.8
29467 46282.4 5938.0 46661.8
29468 46282.4 5938.0 46661.8
29469 46282.4 5938.0 46661.8
29491 46282.4 11876.1 47781.8
29492 46282.4 11876.1 47781.8
29493 46282.4 11876.1 47781.8
29494 46282.4 11876.1 47781.8
29495 46282.4 11876.1 47781.8
29496 46282.4 11876.1 47781.8
29497 46282.4 11876.1 47781.8
29519 46282.4 17814.1 49592.4
29520 46282.4 17814.1 49592.4
29521 46282.4 17814.1 49592.4
29522 46282.4 17814.1 49592.4
29523 46282.4 17814.1 49592.4
29524 46282.4 17814.1 49592.4
29525 46282.4 17814.1 49592.4
29547 46282.4 23752.1 52021.4
29548 46282.4 23752.1 52021.4
29549 46282.4 23752.1 52021.4
29550 46282.4 23752.1 52021.4
29551 46282.4 23752.1 52021.4
29552 46282.4 23752.1 52021.4
29553 46282.4 23752.1 52021.4
29575 46282.4 29690.2 54987.0
29576 46282.4 29690.2 54987.0
29577 46282.4 29690.2 54987.0
29578 46282.4 29690.2 54987.0
29579 46282.4 29690.2 54987.0
29580 46282.4 29690.2 54987.0
29581 46282.4 29690.2 54987.0
29603 46282.4 35628.2 58407.4
29604 46282.4 35628.2 58407.4
29605 46282.4 35628.2 58407.4
29606 46282.4 35628.2 58407.4
29607 46282.4 35628.2 58407.4
29608 46282.4 35628.2 58407.4
29609 46282.4 35628.2 58407.4
29631 47996.6 -32659.2 58054.2
29632 47996.6 -32659.2 58054.2
29633 47996.6 -32659.2 58054.2
29634 47996.6 -32659.2 58054.2
29635 47996.6 -32659.2 58054.2
29636 47996.6 -32659.2 58054.2
29637 47996.6 -32659.2 58054.2
29659 47996.6 -26721.2 54933.5
29660 47996.6 -26721.2 54933.5
29661 47996.6 -26721.2 54933.5
29662 47996.6 -26721.2 54933.5
29663 47996.6 -26721.2 54933.5
29664 47996.6 -26721.2 54933.5
29665 47996.6 -26721.2 54933.5
29687 47996.6 -20783.1 52303.0
29688 47996.6 -20783.1 52303.0
29689 47996.6 -20783.1 52303.0
29690 47996.6 -20783.1 52303.0
29691 47996.6 -20783.1 52303.0
29692 47996.6 -20783.1 52303.0
29693 47996.6 -20783.1 52303.0
29715 47996.6 -14845.1 50239.9
29716 47996.6 -14845.1 50239.9
29717 47996.6 -14845.1 50239.9
29718 47996.6 -14845.1 50239.9
29719 47996.6 -14845.1 50239.9
29720 47996.6 -14845.1 50239.9
29721 47996.6 -14845.1 50239.9
29743 47996.6 -8907.1 48816.0
29744 47996.6 -8907.1 48816.0
29745 47996.6 -8907.1 48816.0
29746 47996.6 -8907.1 48816.0
29747 47996.6 -8907.1 48816.0
29748 47996.6 -8907.1 48816.0
29749 47996.6 -8907.1 48816.0
29771 47996.6 -2969.0 48088.3
29772 47996.6 -2969.0 48088.3
29773 47996.6 -2969.0 48088.3
29774 47996.6 -2969.0 48088.3
29775 47996.6 -2969.0 48088.3
29776 47996.6 -2969.0 48088.3
29777 47996.6 -2969.0 48088.3
29799 47996.6 2969.0 48088.3
29800 47996.6 2969.0 48088.3
29801 47996.6 2969.0 48088.3
29802 47996.6 2969.0 48088.3
29803 47996.6 2969.0 48088.3
29804 47996.6 2969.0 48088.3
29805 47996.6 2969.0 48088.3
29827 47996.6 8907.1 48816.0
29828 47996.6 8907.1 48816.0
29829 47996.6 8907.1 48816.0
29830 47996.6 8907.1 48816.0
29831 47996.6 8907.1 48816.0
29832 47996.6 8907.1 48816.0
29833 47996.6 8907.1 48816.0
29855 47996.6 14845.1 50239.9
29856 47996.6 14845.1 50239.9
29857 47996.6 14845.1 50239.9
29858 47996.6 14845.1 50239.9
29859 47996.6 14845.1 50239.9
29860 47996.6 14845.1 50239.9
29861 47996.6 14845.1 50239.9
29883 47996.6 20783.1 52303.0
29884 47996.6 20783.1 52303.0
29885 47996.6 20783.1 52303.0
29886 47996.6 20783.1 52303.0
29887 47996.6 20783.1 52303.0
29888 47996.6 20783.1 52303.0
29889 47996.6 20783.1 52303.0
29911 47996.6 26721.2 54933.5
29912 47996.6 26721.2 54933.5
29913 47996.6 26721.2 54933.5
29914 47996.6 26721.2 54933.5
29915 47996.6 26721.2 54933.5
29916 47996.6 26721.2 54933.5
29917 47996.6 26721.2 54933.5
29939 47996.6 32659.2 58054.2
29940 47996.6 32659.2 58054.2
29941 47996.6 32659.2 58054.2
29942 47996.6 32659.2 58054.2
29943 47996.6 32659.2 58054.2
29944 47996.6 32659.2 58054.2
29945 47996.6 32659.2 58054.2
29974 49710.7 -29690.2 57902.2
29975 49710.7 -29690.2 57902.2
29976 49710.7 -29690.2 57902.2
29977 49710.7 -29690.2 57902.2
29978 49710.7 -29690.2 57902.2
29979 49710.7 -29690.2 57902.2
29980 49710.7 -29690.2 57902.2
30002 49710.7 -23752.1 55093.7
30003 49710.7 -23752.1 55093.7
30004 49710.7 -23752.1 55093.7
30005 49710.7 -23752.1 55093.7
30006 49710.7 -23752.1 55093.7
30007 49710.7 -23752.1 55093.7
30008 49710.7 -23752.1 55093.7
30030 49710.7 -17814.1 52806.2
30031 49710.7 -17814.1 52806.2
30032 49710.7 -17814.1 52806.2
30033 49710.7 -17814.1 52806.2
30034 49710.7 -17814.1 52806.2
30035 49710.7 -17814.1 52806.2
30036 49710.7 -17814.1 52806.2
30058 49710.7 -11876.1 51109.7
30059 49710.7 -11876.1 51109.7
30060 49710.7 -11876.1 51109.7
30061 49710.7 -11876.1 51109.7
30062 49710.7 -11876.1 51109.7
30063 49710.7 -11876.1 51109.7
30064 49710.7 -11876.1 51109.7
30086 49710.7 -5938.0 50064.1
30087 49710.7 -5938.0 50064.1
30088 49710.7 -5938.0 50064.1
30089 49710.7 -5938.0 50064.1
30090 49710.7 -5938.0 50064.1
30091 49710.7 -5938.0 50064.1
30092 49710.7 -5938.0 50064.1
30114 49710.7 0.0 49710.7
30115 49710.7 0.0 49710.7
30116 49710.7 0.0 49710.7
30117 49710.7 0.0 49710.7
30118 49710.7 0.0 49710.7
30119 49710.7 0.0 49710.7
30120 49710.7 0.0 49710.7
30142 49710.7 5938.0 50064.1
30143 49710.7 5938.0 50064.1
30144 49710.7 5938.0 50064.1
30145 49710.7 5938.0 50064.1
30146 49710.7 5938.0 50064.1
30147 49710.7 5938.0 50064.1
30148 49710.7 5938.0 50064.1
30170 49710.7 11876.1 51109.7
30171 49710.7 11876.1 51109.7
30172 49710.7 11876.1 51109.7
30173 49710.7 11876.1 51109.7
30174 49710.7 11876.1 51109.7
30175 49710.7 11876.1 51109.7
30176 49710.7 11876.1 51109.7
30198 49710.7 17814.1 52806.2
30199 49710.7 17814.1 52806.2
30200 49710.7 17814.1 52806.2
30201 49710.7 17814.1 52806.2
30202 49710.7 17814.1 52806.2
30203 49710.7 17814.1 52806.2
30204 49710.7 17814.1 52806.2
30226 49710.7 23752.1 55093.7
30227 49710.7 23752.1 55093.7
30228 49710.7 23752.1 55093.7
30229 49710.7 23752.1 55093.7
30230 49710.7 23752.1 55093.7
30231 49710.7 23752.1 55093.7
30232 49710.7 23752.1 55093.7
30254 49710.7 29690.2 57902.2
30255 49710.7 29690.2 57902.2
30256 49710.7 29690.2 57902.2
30257 49710.7 29690.2 57902.2
30258 49710.7 29690.2 57902.2
30259 49710.7 29690.2 57902.2
30260 49710.7 29690.2 57902.2
30289 51424.9 -26721.2 57952.9
30290 51424.9 -26721.2 57952.9
30291 51424.9 -26721.2 57952.9
30292 51424.9 -26721.2 57952.9
30293 51424.9 -26721.2 57952.9
30294 51424.9 -26721.2 57952.9
30295 51424.9 -26721.2 57952.9
30317 51424.9 -20783.1 55465.8
30318 51424.9 -20783.1 55465.8
30319 51424.9 -20783.1 55465.8
30320 51424.9 -20783.1 55465.8
30321 51424.9 -20783.1 55465.8
30322 51424.9 -20783.1 55465.8
30323 51424.9 -20783.1 55465.8
30345 51424.9 -14845.1 53524.7
30346 51424.9 -14845.1 53524.7
30347 51424.9 -14845.1 53524.7
30348 51424.9 -14845.1 53524.7
30349 51424.9 -14845.1 53524.7
30350 51424.9 -14845.1 53524.7
30351 51424.9 -14845.1 53524.7
30373 51424.9 -8907.1 52190.6
30374 51424.9 -8907.1 52190.6
30375 51424.9 -8907.1 52190.6
30376 51424.9 -8907.1 52190.6
30377 51424.9 -8907.1 52190.6
30378 51424.9 -8907.1 52190.6
30379 51424.9 -8907.1 52190.6
30401 51424.9 -2969.0 51510.5
30402 51424.9 -2969.0 51510.5
30403 51424.9 -2969.0 51510.5
30404 51424.9 -2969.0 51510.5
30405 51424.9 -2969.0 51510.5
30406 51424.9 -2969.0 51510.5
30407 51424.9 -2969.0 51510.5
30429 51424.9 2969.0 51510.5
30430 51424.9 2969.0 51510.5
30431 51424.9 2969.0 51510.5
30432 51424.9 2969.0 51510.5
30433 51424.9 2969.0 51510.5
30434 51424.9 2969.0 51510.5
30435 51424.9 2969.0 51510.5
30457 51424.9 8907.1 52190.6
30458 51424.9 8907.1 52190.6
30459 51424.9 8907.1 52190.6
30460 51424.9 8907.1 52190.6
30461 51424.9 8907.1 52190.6
30462 51424.9 8907.1 52190.6
30463 51424.9 8907.1 52190.6
30485 51424.9 14845.1 53524.7
30486 51424.9 14845.1 53524.7
30487 51424.9 14845.1 53524.7
30488 51424.9 14845.1 53524.7
30489 51424.9 14845.1 53524.7
30490 51424.9 14845.1 53524.7
30491 51424.9 14845.1 53524.7
30513 51424.9 20783.1 55465.8
30514 51424.9 20783.1 55465.8
30515 51424.9 20783.1 55465.8
30516 51424.9 20783.1 55465.8
30517 51424.9 20783.1 55465.8
30518 51424.9 20783.1 55465.8
30519 51424.9 20783.1 55465.8
30541 51424.9 26721.2 57952.9
30542 51424.9 26721.2 57952.9
30543 51424.9 26721.2 57952.9
30544 51424.9 26721.2 57952.9
30545 51424.9 26721.2 57952.9
30546 51424.9 26721.2 57952.9
30547 51424.9 26721.2 57952.9
30576 53139.1 -23752.1 58205.9
30577 53139.1 -23752.1 58205.9
30578 53139.1 -23752.1 58205.9
30579 53139.1 -23752.1 58205.9
30580 53139.1 -23752.1 58205.9
30581 53139.1 -23752.1 58205.9
30582 53139.1 -23752.1 58205.9
30604 53139.1 -17814.1 56045.5
30605 53139.1 -17814.1 56045.5
30606 53139.1 -17814.1 56045.5
30607 53139.1 -17814.1 56045.5
30608 53139.1 -17814.1 56045.5
30609 53139.1 -17814.1 56045.5
30610 53139.1 -17814.1 56045.5
30632 53139.1 -11876.1 54450.0
30633 53139.1 -11876.1 54450.0
30634 53139.1 -11876.1 54450.0
30635 53139.1 -11876.1 54450.0
30636 53139.1 -11876.1 54450.0
30637 53139.1 -11876.1 54450.0
30638 53139.1 -11876.1 54450.0
30660 53139.1 -5938.0 53469.8
30661 53139.1 -5938.0 53469.8
30662 53139.1 -5938.0 53469.8
30663 53139.1 -5938.0 53469.8
30664 53139.1 -5938.0 53469.8
30665 53139.1 -5938.0 53469.8
30666 53139.1 -5938.0 53469.8
30688 53139.1 0.0 53139.1
30689 53139.1 0.0 53139.1
30690 53139.1 0.0 53139.1
30691 53139.1 0.0 53139.1
30692 53139.1 0.0 53139.1
30693 53139.1 0.0 53139.1
30694 53139.1 0.0 53139.1
30716 53139.1 5938.0 53469.8
30717 53139.1 5938.0 53469.8
30718 53139.1 5938.0 53469.8
30719 53139.1 5938.0 53469.8
30720 53139.1 5938.0 53469.8
30721 53139.1 5938.0 53469.8
30722 53139.1 5938.0 53469.8
30744 53139.1 11876.1 54450.0
30745 53139.1 11876.1 54450.0
30746 53139.1 11876.1 54450.0
30747 53139.1 11876.1 54450.0
30748 53139.1 11876.1 54450.0
30749 53139.1 11876.1 54450.0
30750 53139.1 11876.1 54450.0
30772 53139.1 17814.1 56045.5
30773 53139.1 17814.1 56045.5
30774 53139.1 17814.1 56045.5
30775 53139.1 17814.1 56045.5
30776 53139.1 17814.1 56045.5
30777 53139.1 17814.1 56045.5
30778 53139.1 17814.1 56045.5
30800 53139.1 23752.1 58205.9
30801 53139.1 23752.1 58205.9
30802 53139.1 23752.1 58205.9
30803 53139.1 23752.1 58205.9
30804 53139.1 23752.1 58205.9
30805 53139.1 23752.1 58205.9
30806 53139.1 23752.1 58205.9
30835 54853.2 -20783.1 58658.4
30836 54853.2 -20783.1 58658.4
30837 54853.2 -20783.1 58658.4
30838 54853.2 -20783.1 58658.4
30839 54853.2 -20783.1 58658.4
30840 54853.2 -20783.1 58658.4
30841 54853.2 -20783.1 58658.4
30863 54853.2 -14845.1 56826.5
30864 54853.2 -14845.1 56826.5
30865 54853.2 -14845.1 56826.5
30866 54853.2 -14845.1 56826.5
30867 54853.2 -14845.1 56826.5
30868 54853.2 -14845.1 56826.5
30869 54853.2 -14845.1 56826.5
30891 54853.2 -8907.1 55571.7
30892 54853.2 -8907.1 55571.7
30893 54853.2 -8907.1 55571.7
30894 54853.2 -8907.1 55571.7
30895 54853.2 -8907.1 55571.7
30896 54853.2 -8907.1 55571.7
30897 54853.2 -8907.1 55571.7
30919 54853.2 -2969.0 54933.5
30920 54853.2 -2969.0 54933.5
30921 54853.2 -2969.0 54933.5
30922 54853.2 -2969.0 54933.5
30923 54853.2 -2969.0 54933.5
30924 54853.2 -2969.0 54933.5
30925 54853.2 -2969.0 54933.5
30947 54853.2 2969.0 54933.5
30948 54853.2 2969.0 54933.5
30949 54853.2 2969.0 54933.5
30950 54853.2 2969.0 54933.5
30951 54853.2 2969.0 54933.5
30952 54853.2 2969.0 54933.5
30953 54853.2 2969.0 54933.5
30975 54853.2 8907.1 55571.7
30976 54853.2 8907.1 55571.7
30977 54853.2 8907.1 55571.7
30978 54853.2 8907.1 55571.7
30979 54853.2 8907.1 55571.7
30980 54853.2 8907.1 55571.7
30981 54853.2 8907.1 55571.7
31003 54853.2 14845.1 56826.5
31004 54853.2 14845.1 56826.5
31005 54853.2 14845.1 56826.5
31006 54853.2 14845.1 56826.5
31007 54853.2 14845.1 56826.5
31008 54853.2 14845.1 56826.5
31009 54853.2 14845.1 56826.5
31031 54853.2 20783.1 58658.4
31032 54853.2 20783.1 58658.4
31033 54853.2 20783.1 58658.4
31034 54853.2 20783.1 58658.4
31035 54853.2 20783.1 58658.4
31036 54853.2 20783.1 58658.4
31037 54853.2 20783.1 58658.4
31052 56567.4 -17814.1 59306.1
31053 56567.4 -17814.1 59306.1
31054 56567.4 -17814.1 59306.1
31055 56567.4 -17814.1 59306.1
31056 56567.4 -17814.1 59306.1
31057 56567.4 -17814.1 59306.1
31058 56567.4 -17814.1 59306.1
31080 56567.4 -11876.1 57800.6
31081 56567.4 -11876.1 57800.6
31082 56567.4 -11876.1 57800.6
31083 56567.4 -11876.1 57800.6
31084 56567.4 -11876.1 57800.6
31085 56567.4 -11876.1 57800.6
31086 56567.4 -11876.1 57800.6
31108 56567.4 -5938.0 56878.2
31109 56567.4 -5938.0 56878.2
31110 56567.4 -5938.0 56878.2
31111 56567.4 -5938.0 56878.2
31112 56567.4 -5938.0 56878.2
31113 56567.4 -5938.0 56878.2
31114 56567.4 -5938.0 56878.2
31136 56567.4 0.0 56567.4
31137 56567.4 0.0 56567.4
31138 56567.4 0.0 56567.4
31139 56567.4 0.0 56567.4
31140 56567.4 0.0 56567.4
31141 56567.4 0.0 56567.4
31142 56567.4 0.0 56567.4
31164 56567.4 5938.0 56878.2
31165 56567.4 5938.0 56878.2
31166 56567.4 5938.0 56878.2
31167 56567.4 5938.0 56878.2
31168 56567.4 5938.0 56878.2
31169 56567.4 5938.0 56878.2
31170 56567.4 5938.0 56878.2
31192 56567.4 11876.1 57800.6
31193 56567.4 11876.1 57800.6
31194 56567.4 11876.1 57800.6
31195 56567.4 11876.1 57800.6
31196 56567.4 11876.1 57800.6
31197 56567.4 11876.1 57800.6
31198 56567.4 11876.1 57800.6
31220 56567.4 17814.1 59306.1
31221 56567.4 17814.1 59306.1
31222 56567.4 17814.1 59306.1
31223 56567.4 17814.1 59306.1
31224 56567.4 17814.1 59306.1
31225 56567.4 17814.1 59306.1
31226 56567.4 17814.1 59306.1
31227 58281.5 -14845.1 60142.5
31228 58281.5 -14845.1 60142.5
31229 58281.5 -14845.1 60142.5
31230 58281.5 -14845.1 60142.5
31231 58281.5 -14845.1 60142.5
31232 58281.5 -14845.1 60142.5
31233 58281.5 -14845.1 60142.5
31248 58281.5 -8907.1 58958.2
31249 58281.5 -8907.1 58958.2
31250 58281.5 -8907.1 58958.2
31251 58281.5 -8907.1 58958.2
31252 58281.5 -8907.1 58958.2
31253 58281.5 -8907.1 58958.2
31254 58281.5 -8907.1 58958.2
31276 58281.5 -2969.0 58357.1
31277 58281.5 -2969.0 58357.1
31278 58281.5 -2969.0 58357.1
31279 58281.5 -2969.0 58357.1
31280 58281.5 -2969.0 58357.1
31281 58281.5 -2969.0 58357.1
31282 58281.5 -2969.0 58357.1
31304 58281.5 2969.0 58357.1
31305 58281.5 2969.0 58357.1
31306 58281.5 2969.0 58357.1
31307 58281.5 2969.0 58357.1
31308 58281.5 2969.0 58357.1
31309 58281.5 2969.0 58357.1
31310 58281.5 2969.0 58357.1
31332 58281.5 8907.1 58958.2
31333 58281.5 8907.1 58958.2
31334 58281.5 8907.1 58958.2
31335 58281.5 8907.1 58958.2
31336 58281.5 8907.1 58958.2
31337 58281.5 8907.1 58958.2
31338 58281.5 8907.1 58958.2
31353 58281.5 14845.1 60142.5
31354 58281.5 14845.1 60142.5
31355 58281.5 14845.1 60142.5
31356 58281.5 14845.1 60142.5
31357 58281.5 14845.1 60142.5
31358 58281.5 14845.1 60142.5
31359 58281.5 14845.1 60142.5
31367 59995.7 0.0 59995.7
31368 59995.7 0.0 59995.7
31369 59995.7 0.0 59995.7
31370 59995.7 0.0 59995.7
31371 59995.7 0.0 59995.7
31372 59995.7 0.0 59995.7
31373 59995.7 0.0 59995.7
