0 -59138.6 -10391.6 60044.7
1 -59138.6 -10391.6 60044.7
2 -59138.6 -10391.6 60044.7
3 -59138.6 -10391.6 60044.7
4 -59138.6 -10391.6 60044.7
5 -59138.6 -10391.6 60044.7
6 -59138.6 -10391.6 60044.7
7 -59138.6 -7422.5 59602.6
8 -59138.6 -7422.5 59602.6
9 -59138.6 -7422.5 59602.6
10 -59138.6 -7422.5 59602.6
11 -59138.6 -7422.5 59602.6
12 -59138.6 -7422.5 59602.6
13 -59138.6 -7422.5 59602.6
14 -59138.6 -4453.5 59306.1
15 -59138.6 -4453.5 59306.1
16 -59138.6 -4453.5 59306.1
17 -59138.6 -4453.5 59306.1
18 -59138.6 -4453.5 59306.1
19 -59138.6 -4453.5 59306.1
20 -59138.6 -4453.5 59306.1
21 -59995.7 -2969.0 60069.1
22 -59995.7 -2969.0 60069.1
23 -59995.7 -2969.0 60069.1
24 -59995.7 -2969.0 60069.1
25 -59995.7 -2969.0 60069.1
26 -59995.7 -2969.0 60069.1
27 -59995.7 -2969.0 60069.1
28 -59138.6 -1484.5 59157.3
29 -59138.6 -1484.5 59157.3
30 -59138.6 -1484.5 59157.3
31 -59138.6 -1484.5 59157.3
32 -59138.6 -1484.5 59157.3
33 -59138.6 -1484.5 59157.3
34 -59138.6 -1484.5 59157.3
35 -59995.7 0.0 59995.7
36 -59995.7 0.0 59995.7
37 -59995.7 0.0 59995.7
38 -59995.7 0.0 59995.7
39 -59995.7 0.0 59995.7
40 -59995.7 0.0 59995.7
41 -59995.7 0.0 59995.7
42 -59138.6 1484.5 59157.3
43 -59138.6 1484.5 59157.3
44 -59138.6 1484.5 59157.3
45 -59138.6 1484.5 59157.3
46 -59138.6 1484.5 59157.3
47 -59138.6 1484.5 59157.3
48 -59138.6 1484.5 59157.3
49 -59995.7 2969.0 60069.1
50 -59995.7 2969.0 60069.1
51 -59995.7 2969.0 60069.1
52 -59995.7 2969.0 60069.1
53 -59995.7 2969.0 60069.1
54 -59995.7 2969.0 60069.1
55 -59995.7 2969.0 60069.1
56 -59138.6 4453.5 59306.1
57 -59138.6 4453.5 59306.1
58 -59138.6 4453.5 59306.1
59 -59138.6 4453.5 59306.1
60 -59138.6 4453.5 59306.1
61 -59138.6 4453.5 59306.1
62 -59138.6 4453.5 59306.1
63 -59138.6 7422.5 59602.6
64 -59138.6 7422.5 59602.6
65 -59138.6 7422.5 59602.6
66 -59138.6 7422.5 59602.6
67 -59138.6 7422.5 59602.6
68 -59138.6 7422.5 59602.6
69 -59138.6 7422.5 59602.6
70 -59138.6 10391.6 60044.7
71 -59138.6 10391.6 60044.7
72 -59138.6 10391.6 60044.7
73 -59138.6 10391.6 60044.7
74 -59138.6 10391.6 60044.7
75 -59138.6 10391.6 60044.7
76 -59138.6 10391.6 60044.7
77 -57424.5 -16329.6 59701.1
78 -57424.5 -16329.6 59701.1
79 -57424.5 -16329.6 59701.1
80 -57424.5 -16329.6 59701.1
81 -57424.5 -16329.6 59701.1
82 -57424.5 -16329.6 59701.1
83 -57424.5 -16329.6 59701.1
84 -58281.5 -14845.1 60142.5
85 -58281.5 -14845.1 60142.5
86 -58281.5 -14845.1 60142.5
87 -58281.5 -14845.1 60142.5
88 -58281.5 -14845.1 60142.5
89 -58281.5 -14845.1 60142.5
90 -58281.5 -14845.1 60142.5
91 -57424.5 -13360.6 58958.2
92 -57424.5 -13360.6 58958.2
93 -57424.5 -13360.6 58958.2
94 -57424.5 -13360.6 58958.2
95 -57424.5 -13360.6 58958.2
96 -57424.5 -13360.6 58958.2
97 -57424.5 -13360.6 58958.2
98 -58281.5 -11876.1 59479.2
99 -58281.5 -11876.1 59479.2
100 -58281.5 -11876.1 59479.2
101 -58281.5 -11876.1 59479.2
102 -58281.5 -11876.1 59479.2
103 -58281.5 -11876.1 59479.2
104 -58281.5 -11876.1 59479.2
112 -58281.5 -8907.1 58958.2
113 -58281.5 -8907.1 58958.2
114 -58281.5 -8907.1 58958.2
115 -58281.5 -8907.1 58958.2
116 -58281.5 -8907.1 58958.2
117 -58281.5 -8907.1 58958.2
118 -58281.5 -8907.1 58958.2
126 -58281.5 -5938.0 58583.3
127 -58281.5 -5938.0 58583.3
128 -58281.5 -5938.0 58583.3
129 -58281.5 -5938.0 58583.3
130 -58281.5 -5938.0 58583.3
131 -58281.5 -5938.0 58583.3
132 -58281.5 -5938.0 58583.3
182 -58281.5 5938.0 58583.3
183 -58281.5 5938.0 58583.3
184 -58281.5 5938.0 58583.3
185 -58281.5 5938.0 58583.3
186 -58281.5 5938.0 58583.3
187 -58281.5 5938.0 58583.3
188 -58281.5 5938.0 58583.3
196 -58281.5 8907.1 58958.2
197 -58281.5 8907.1 58958.2
198 -58281.5 8907.1 58958.2
199 -58281.5 8907.1 58958.2
200 -58281.5 8907.1 58958.2
201 -58281.5 8907.1 58958.2
202 -58281.5 8907.1 58958.2
210 -58281.5 11876.1 59479.2
211 -58281.5 11876.1 59479.2
212 -58281.5 11876.1 59479.2
213 -58281.5 11876.1 59479.2
214 -58281.5 11876.1 59479.2
215 -58281.5 11876.1 59479.2
216 -58281.5 11876.1 59479.2
217 -57424.5 13360.6 58958.2
218 -57424.5 13360.6 58958.2
219 -57424.5 13360.6 58958.2
220 -57424.5 13360.6 58958.2
221 -57424.5 13360.6 58958.2
222 -57424.5 13360.6 58958.2
223 -57424.5 13360.6 58958.2
224 -58281.5 14845.1 60142.5
225 -58281.5 14845.1 60142.5
226 -58281.5 14845.1 60142.5
227 -58281.5 14845.1 60142.5
228 -58281.5 14845.1 60142.5
229 -58281.5 14845.1 60142.5
230 -58281.5 14845.1 60142.5
231 -57424.5 16329.6 59701.1
232 -57424.5 16329.6 59701.1
233 -57424.5 16329.6 59701.1
234 -57424.5 16329.6 59701.1
235 -57424.5 16329.6 59701.1
236 -57424.5 16329.6 59701.1
237 -57424.5 16329.6 59701.1
238 -55710.3 -22267.6 59995.7
239 -55710.3 -22267.6 59995.7
240 -55710.3 -22267.6 59995.7
241 -55710.3 -22267.6 59995.7
242 -55710.3 -22267.6 59995.7
243 -55710.3 -22267.6 59995.7
244 -55710.3 -22267.6 59995.7
245 -55710.3 -19298.6 58958.2
246 -55710.3 -19298.6 58958.2
247 -55710.3 -19298.6 58958.2
248 -55710.3 -19298.6 58958.2
249 -55710.3 -19298.6 58958.2
250 -55710.3 -19298.6 58958.2
251 -55710.3 -19298.6 58958.2
252 -56567.4 -17814.1 59306.1
253 -56567.4 -17814.1 59306.1
254 -56567.4 -17814.1 59306.1
255 -56567.4 -17814.1 59306.1
256 -56567.4 -17814.1 59306.1
257 -56567.4 -17814.1 59306.1
258 -56567.4 -17814.1 59306.1
287 -55710.3 -10391.6 56671.2
288 -55710.3 -10391.6 56671.2
289 -55710.3 -10391.6 56671.2
290 -55710.3 -10391.6 56671.2
291 -55710.3 -10391.6 56671.2
292 -55710.3 -10391.6 56671.2
293 -55710.3 -10391.6 56671.2
301 -55710.3 -7422.5 56202.6
302 -55710.3 -7422.5 56202.6
303 -55710.3 -7422.5 56202.6
304 -55710.3 -7422.5 56202.6
305 -55710.3 -7422.5 56202.6
306 -55710.3 -7422.5 56202.6
307 -55710.3 -7422.5 56202.6
315 -55710.3 -4453.5 55888.0
316 -55710.3 -4453.5 55888.0
317 -55710.3 -4453.5 55888.0
318 -55710.3 -4453.5 55888.0
319 -55710.3 -4453.5 55888.0
320 -55710.3 -4453.5 55888.0
321 -55710.3 -4453.5 55888.0
322 -56567.4 -2969.0 56645.2
323 -56567.4 -2969.0 56645.2
324 -56567.4 -2969.0 56645.2
325 -56567.4 -2969.0 56645.2
326 -56567.4 -2969.0 56645.2
327 -56567.4 -2969.0 56645.2
328 -56567.4 -2969.0 56645.2
329 -55710.3 -1484.5 55730.1
330 -55710.3 -1484.5 55730.1
331 -55710.3 -1484.5 55730.1
332 -55710.3 -1484.5 55730.1
333 -55710.3 -1484.5 55730.1
334 -55710.3 -1484.5 55730.1
335 -55710.3 -1484.5 55730.1
336 -56567.4 0.0 56567.4
337 -56567.4 0.0 56567.4
338 -56567.4 0.0 56567.4
339 -56567.4 0.0 56567.4
340 -56567.4 0.0 56567.4
341 -56567.4 0.0 56567.4
342 -56567.4 0.0 56567.4
343 -55710.3 1484.5 55730.1
344 -55710.3 1484.5 55730.1
345 -55710.3 1484.5 55730.1
346 -55710.3 1484.5 55730.1
347 -55710.3 1484.5 55730.1
348 -55710.3 1484.5 55730.1
349 -55710.3 1484.5 55730.1
350 -56567.4 2969.0 56645.2
351 -56567.4 2969.0 56645.2
352 -56567.4 2969.0 56645.2
353 -56567.4 2969.0 56645.2
354 -56567.4 2969.0 56645.2
355 -56567.4 2969.0 56645.2
356 -56567.4 2969.0 56645.2
357 -55710.3 4453.5 55888.0
358 -55710.3 4453.5 55888.0
359 -55710.3 4453.5 55888.0
360 -55710.3 4453.5 55888.0
361 -55710.3 4453.5 55888.0
362 -55710.3 4453.5 55888.0
363 -55710.3 4453.5 55888.0
371 -55710.3 7422.5 56202.6
372 -55710.3 7422.5 56202.6
373 -55710.3 7422.5 56202.6
374 -55710.3 7422.5 56202.6
375 -55710.3 7422.5 56202.6
376 -55710.3 7422.5 56202.6
377 -55710.3 7422.5 56202.6
385 -55710.3 10391.6 56671.2
386 -55710.3 10391.6 56671.2
387 -55710.3 10391.6 56671.2
388 -55710.3 10391.6 56671.2
389 -55710.3 10391.6 56671.2
390 -55710.3 10391.6 56671.2
391 -55710.3 10391.6 56671.2
420 -56567.4 17814.1 59306.1
421 -56567.4 17814.1 59306.1
422 -56567.4 17814.1 59306.1
423 -56567.4 17814.1 59306.1
424 -56567.4 17814.1 59306.1
425 -56567.4 17814.1 59306.1
426 -56567.4 17814.1 59306.1
427 -55710.3 19298.6 58958.2
428 -55710.3 19298.6 58958.2
429 -55710.3 19298.6 58958.2
430 -55710.3 19298.6 58958.2
431 -55710.3 19298.6 58958.2
432 -55710.3 19298.6 58958.2
433 -55710.3 19298.6 58958.2
434 -55710.3 22267.6 59995.7
435 -55710.3 22267.6 59995.7
436 -55710.3 22267.6 59995.7
437 -55710.3 22267.6 59995.7
438 -55710.3 22267.6 59995.7
439 -55710.3 22267.6 59995.7
440 -55710.3 22267.6 59995.7
441 -53996.1 -25236.6 59602.6
442 -53996.1 -25236.6 59602.6
443 -53996.1 -25236.6 59602.6
444 -53996.1 -25236.6 59602.6
445 -53996.1 -25236.6 59602.6
446 -53996.1 -25236.6 59602.6
447 -53996.1 -25236.6 59602.6
448 -54853.2 -23752.1 59774.9
449 -54853.2 -23752.1 59774.9
450 -54853.2 -23752.1 59774.9
451 -54853.2 -23752.1 59774.9
452 -54853.2 -23752.1 59774.9
453 -54853.2 -23752.1 59774.9
454 -54853.2 -23752.1 59774.9
462 -54853.2 -20783.1 58658.4
463 -54853.2 -20783.1 58658.4
464 -54853.2 -20783.1 58658.4
465 -54853.2 -20783.1 58658.4
466 -54853.2 -20783.1 58658.4
467 -54853.2 -20783.1 58658.4
468 -54853.2 -20783.1 58658.4
483 -53996.1 -16329.6 56411.3
484 -53996.1 -16329.6 56411.3
485 -53996.1 -16329.6 56411.3
486 -53996.1 -16329.6 56411.3
487 -53996.1 -16329.6 56411.3
488 -53996.1 -16329.6 56411.3
489 -53996.1 -16329.6 56411.3
490 -54853.2 -14845.1 56826.5
491 -54853.2 -14845.1 56826.5
492 -54853.2 -14845.1 56826.5
493 -54853.2 -14845.1 56826.5
494 -54853.2 -14845.1 56826.5
495 -54853.2 -14845.1 56826.5
496 -54853.2 -14845.1 56826.5
497 -53996.1 -13360.6 55624.5
498 -53996.1 -13360.6 55624.5
499 -53996.1 -13360.6 55624.5
500 -53996.1 -13360.6 55624.5
501 -53996.1 -13360.6 55624.5
502 -53996.1 -13360.6 55624.5
503 -53996.1 -13360.6 55624.5
504 -54853.2 -11876.1 56124.1
505 -54853.2 -11876.1 56124.1
506 -54853.2 -11876.1 56124.1
507 -54853.2 -11876.1 56124.1
508 -54853.2 -11876.1 56124.1
509 -54853.2 -11876.1 56124.1
510 -54853.2 -11876.1 56124.1
518 -54853.2 -8907.1 55571.7
519 -54853.2 -8907.1 55571.7
520 -54853.2 -8907.1 55571.7
521 -54853.2 -8907.1 55571.7
522 -54853.2 -8907.1 55571.7
523 -54853.2 -8907.1 55571.7
524 -54853.2 -8907.1 55571.7
532 -54853.2 -5938.0 55173.7
533 -54853.2 -5938.0 55173.7
534 -54853.2 -5938.0 55173.7
535 -54853.2 -5938.0 55173.7
536 -54853.2 -5938.0 55173.7
537 -54853.2 -5938.0 55173.7
538 -54853.2 -5938.0 55173.7
588 -54853.2 5938.0 55173.7
589 -54853.2 5938.0 55173.7
590 -54853.2 5938.0 55173.7
591 -54853.2 5938.0 55173.7
592 -54853.2 5938.0 55173.7
593 -54853.2 5938.0 55173.7
594 -54853.2 5938.0 55173.7
602 -54853.2 8907.1 55571.7
603 -54853.2 8907.1 55571.7
604 -54853.2 8907.1 55571.7
605 -54853.2 8907.1 55571.7
606 -54853.2 8907.1 55571.7
607 -54853.2 8907.1 55571.7
608 -54853.2 8907.1 55571.7
616 -54853.2 11876.1 56124.1
617 -54853.2 11876.1 56124.1
618 -54853.2 11876.1 56124.1
619 -54853.2 11876.1 56124.1
620 -54853.2 11876.1 56124.1
621 -54853.2 11876.1 56124.1
622 -54853.2 11876.1 56124.1
623 -53996.1 13360.6 55624.5
624 -53996.1 13360.6 55624.5
625 -53996.1 13360.6 55624.5
626 -53996.1 13360.6 55624.5
627 -53996.1 13360.6 55624.5
628 -53996.1 13360.6 55624.5
629 -53996.1 13360.6 55624.5
630 -54853.2 14845.1 56826.5
631 -54853.2 14845.1 56826.5
632 -54853.2 14845.1 56826.5
633 -54853.2 14845.1 56826.5
634 -54853.2 14845.1 56826.5
635 -54853.2 14845.1 56826.5
636 -54853.2 14845.1 56826.5
637 -53996.1 16329.6 56411.3
638 -53996.1 16329.6 56411.3
639 -53996.1 16329.6 56411.3
640 -53996.1 16329.6 56411.3
641 -53996.1 16329.6 56411.3
642 -53996.1 16329.6 56411.3
643 -53996.1 16329.6 56411.3
658 -54853.2 20783.1 58658.4
659 -54853.2 20783.1 58658.4
660 -54853.2 20783.1 58658.4
661 -54853.2 20783.1 58658.4
662 -54853.2 20783.1 58658.4
663 -54853.2 20783.1 58658.4
664 -54853.2 20783.1 58658.4
672 -54853.2 23752.1 59774.9
673 -54853.2 23752.1 59774.9
674 -54853.2 23752.1 59774.9
675 -54853.2 23752.1 59774.9
676 -54853.2 23752.1 59774.9
677 -54853.2 23752.1 59774.9
678 -54853.2 23752.1 59774.9
679 -53996.1 25236.6 59602.6
680 -53996.1 25236.6 59602.6
681 -53996.1 25236.6 59602.6
682 -53996.1 25236.6 59602.6
683 -53996.1 25236.6 59602.6
684 -53996.1 25236.6 59602.6
685 -53996.1 25236.6 59602.6
686 -52282.0 -28205.7 59405.1
687 -52282.0 -28205.7 59405.1
688 -52282.0 -28205.7 59405.1
689 -52282.0 -28205.7 59405.1
690 -52282.0 -28205.7 59405.1
691 -52282.0 -28205.7 59405.1
692 -52282.0 -28205.7 59405.1
693 -53139.1 -26721.2 59479.2
694 -53139.1 -26721.2 59479.2
695 -53139.1 -26721.2 59479.2
696 -53139.1 -26721.2 59479.2
697 -53139.1 -26721.2 59479.2
698 -53139.1 -26721.2 59479.2
699 -53139.1 -26721.2 59479.2
714 -52282.0 -22267.6 56826.5
715 -52282.0 -22267.6 56826.5
716 -52282.0 -22267.6 56826.5
717 -52282.0 -22267.6 56826.5
718 -52282.0 -22267.6 56826.5
719 -52282.0 -22267.6 56826.5
720 -52282.0 -22267.6 56826.5
728 -52282.0 -19298.6 55730.1
729 -52282.0 -19298.6 55730.1
730 -52282.0 -19298.6 55730.1
731 -52282.0 -19298.6 55730.1
732 -52282.0 -19298.6 55730.1
733 -52282.0 -19298.6 55730.1
734 -52282.0 -19298.6 55730.1
735 -53139.1 -17814.1 56045.5
736 -53139.1 -17814.1 56045.5
737 -53139.1 -17814.1 56045.5
738 -53139.1 -17814.1 56045.5
739 -53139.1 -17814.1 56045.5
740 -53139.1 -17814.1 56045.5
741 -53139.1 -17814.1 56045.5
770 -52282.0 -10391.6 53304.7
771 -52282.0 -10391.6 53304.7
772 -52282.0 -10391.6 53304.7
773 -52282.0 -10391.6 53304.7
774 -52282.0 -10391.6 53304.7
775 -52282.0 -10391.6 53304.7
776 -52282.0 -10391.6 53304.7
784 -52282.0 -7422.5 52806.2
785 -52282.0 -7422.5 52806.2
786 -52282.0 -7422.5 52806.2
787 -52282.0 -7422.5 52806.2
788 -52282.0 -7422.5 52806.2
789 -52282.0 -7422.5 52806.2
790 -52282.0 -7422.5 52806.2
798 -52282.0 -4453.5 52471.3
799 -52282.0 -4453.5 52471.3
800 -52282.0 -4453.5 52471.3
801 -52282.0 -4453.5 52471.3
802 -52282.0 -4453.5 52471.3
803 -52282.0 -4453.5 52471.3
804 -52282.0 -4453.5 52471.3
805 -53139.1 -2969.0 53221.9
806 -53139.1 -2969.0 53221.9
807 -53139.1 -2969.0 53221.9
808 -53139.1 -2969.0 53221.9
809 -53139.1 -2969.0 53221.9
810 -53139.1 -2969.0 53221.9
811 -53139.1 -2969.0 53221.9
812 -52282.0 -1484.5 52303.0
813 -52282.0 -1484.5 52303.0
814 -52282.0 -1484.5 52303.0
815 -52282.0 -1484.5 52303.0
816 -52282.0 -1484.5 52303.0
817 -52282.0 -1484.5 52303.0
818 -52282.0 -1484.5 52303.0
819 -53139.1 0.0 53139.1
820 -53139.1 0.0 53139.1
821 -53139.1 0.0 53139.1
822 -53139.1 0.0 53139.1
823 -53139.1 0.0 53139.1
824 -53139.1 0.0 53139.1
825 -53139.1 0.0 53139.1
826 -52282.0 1484.5 52303.0
827 -52282.0 1484.5 52303.0
828 -52282.0 1484.5 52303.0
829 -52282.0 1484.5 52303.0
830 -52282.0 1484.5 52303.0
831 -52282.0 1484.5 52303.0
832 -52282.0 1484.5 52303.0
833 -53139.1 2969.0 53221.9
834 -53139.1 2969.0 53221.9
835 -53139.1 2969.0 53221.9
836 -53139.1 2969.0 53221.9
837 -53139.1 2969.0 53221.9
838 -53139.1 2969.0 53221.9
839 -53139.1 2969.0 53221.9
840 -52282.0 4453.5 52471.3
841 -52282.0 4453.5 52471.3
842 -52282.0 4453.5 52471.3
843 -52282.0 4453.5 52471.3
844 -52282.0 4453.5 52471.3
845 -52282.0 4453.5 52471.3
846 -52282.0 4453.5 52471.3
854 -52282.0 7422.5 52806.2
855 -52282.0 7422.5 52806.2
856 -52282.0 7422.5 52806.2
857 -52282.0 7422.5 52806.2
858 -52282.0 7422.5 52806.2
859 -52282.0 7422.5 52806.2
860 -52282.0 7422.5 52806.2
868 -52282.0 10391.6 53304.7
869 -52282.0 10391.6 53304.7
870 -52282.0 10391.6 53304.7
871 -52282.0 10391.6 53304.7
872 -52282.0 10391.6 53304.7
873 -52282.0 10391.6 53304.7
874 -52282.0 10391.6 53304.7
903 -53139.1 17814.1 56045.5
904 -53139.1 17814.1 56045.5
905 -53139.1 17814.1 56045.5
906 -53139.1 17814.1 56045.5
907 -53139.1 17814.1 56045.5
908 -53139.1 17814.1 56045.5
909 -53139.1 17814.1 56045.5
910 -52282.0 19298.6 55730.1
911 -52282.0 19298.6 55730.1
912 -52282.0 19298.6 55730.1
913 -52282.0 19298.6 55730.1
914 -52282.0 19298.6 55730.1
915 -52282.0 19298.6 55730.1
916 -52282.0 19298.6 55730.1
924 -52282.0 22267.6 56826.5
925 -52282.0 22267.6 56826.5
926 -52282.0 22267.6 56826.5
927 -52282.0 22267.6 56826.5
928 -52282.0 22267.6 56826.5
929 -52282.0 22267.6 56826.5
930 -52282.0 22267.6 56826.5
945 -53139.1 26721.2 59479.2
946 -53139.1 26721.2 59479.2
947 -53139.1 26721.2 59479.2
948 -53139.1 26721.2 59479.2
949 -53139.1 26721.2 59479.2
950 -53139.1 26721.2 59479.2
951 -53139.1 26721.2 59479.2
952 -52282.0 28205.7 59405.1
953 -52282.0 28205.7 59405.1
954 -52282.0 28205.7 59405.1
955 -52282.0 28205.7 59405.1
956 -52282.0 28205.7 59405.1
957 -52282.0 28205.7 59405.1
958 -52282.0 28205.7 59405.1
959 -50567.8 -31174.7 59405.1
960 -50567.8 -31174.7 59405.1
961 -50567.8 -31174.7 59405.1
962 -50567.8 -31174.7 59405.1
963 -50567.8 -31174.7 59405.1
964 -50567.8 -31174.7 59405.1
965 -50567.8 -31174.7 59405.1
966 -51424.9 -29690.2 59380.3
967 -51424.9 -29690.2 59380.3
968 -51424.9 -29690.2 59380.3
969 -51424.9 -29690.2 59380.3
970 -51424.9 -29690.2 59380.3
971 -51424.9 -29690.2 59380.3
972 -51424.9 -29690.2 59380.3
987 -50567.8 -25236.6 56515.4
988 -50567.8 -25236.6 56515.4
989 -50567.8 -25236.6 56515.4
990 -50567.8 -25236.6 56515.4
991 -50567.8 -25236.6 56515.4
992 -50567.8 -25236.6 56515.4
993 -50567.8 -25236.6 56515.4
994 -51424.9 -23752.1 56645.2
995 -51424.9 -23752.1 56645.2
996 -51424.9 -23752.1 56645.2
997 -51424.9 -23752.1 56645.2
998 -51424.9 -23752.1 56645.2
999 -51424.9 -23752.1 56645.2
1000 -51424.9 -23752.1 56645.2
1008 -51424.9 -20783.1 55465.8
1009 -51424.9 -20783.1 55465.8
1010 -51424.9 -20783.1 55465.8
1011 -51424.9 -20783.1 55465.8
1012 -51424.9 -20783.1 55465.8
1013 -51424.9 -20783.1 55465.8
1014 -51424.9 -20783.1 55465.8
1029 -50567.8 -16329.6 53139.1
1030 -50567.8 -16329.6 53139.1
1031 -50567.8 -16329.6 53139.1
1032 -50567.8 -16329.6 53139.1
1033 -50567.8 -16329.6 53139.1
1034 -50567.8 -16329.6 53139.1
1035 -50567.8 -16329.6 53139.1
1036 -51424.9 -14845.1 53524.7
1037 -51424.9 -14845.1 53524.7
1038 -51424.9 -14845.1 53524.7
1039 -51424.9 -14845.1 53524.7
1040 -51424.9 -14845.1 53524.7
1041 -51424.9 -14845.1 53524.7
1042 -51424.9 -14845.1 53524.7
1043 -50567.8 -13360.6 52303.0
1044 -50567.8 -13360.6 52303.0
1045 -50567.8 -13360.6 52303.0
1046 -50567.8 -13360.6 52303.0
1047 -50567.8 -13360.6 52303.0
1048 -50567.8 -13360.6 52303.0
1049 -50567.8 -13360.6 52303.0
1050 -51424.9 -11876.1 52778.4
1051 -51424.9 -11876.1 52778.4
1052 -51424.9 -11876.1 52778.4
1053 -51424.9 -11876.1 52778.4
1054 -51424.9 -11876.1 52778.4
1055 -51424.9 -11876.1 52778.4
1056 -51424.9 -11876.1 52778.4
1064 -51424.9 -8907.1 52190.6
1065 -51424.9 -8907.1 52190.6
1066 -51424.9 -8907.1 52190.6
1067 -51424.9 -8907.1 52190.6
1068 -51424.9 -8907.1 52190.6
1069 -51424.9 -8907.1 52190.6
1070 -51424.9 -8907.1 52190.6
1078 -51424.9 -5938.0 51766.6
1079 -51424.9 -5938.0 51766.6
1080 -51424.9 -5938.0 51766.6
1081 -51424.9 -5938.0 51766.6
1082 -51424.9 -5938.0 51766.6
1083 -51424.9 -5938.0 51766.6
1084 -51424.9 -5938.0 51766.6
1134 -51424.9 5938.0 51766.6
1135 -51424.9 5938.0 51766.6
1136 -51424.9 5938.0 51766.6
1137 -51424.9 5938.0 51766.6
1138 -51424.9 5938.0 51766.6
1139 -51424.9 5938.0 51766.6
1140 -51424.9 5938.0 51766.6
1148 -51424.9 8907.1 52190.6
1149 -51424.9 8907.1 52190.6
1150 -51424.9 8907.1 52190.6
1151 -51424.9 8907.1 52190.6
1152 -51424.9 8907.1 52190.6
1153 -51424.9 8907.1 52190.6
1154 -51424.9 8907.1 52190.6
1162 -51424.9 11876.1 52778.4
1163 -51424.9 11876.1 52778.4
1164 -51424.9 11876.1 52778.4
1165 -51424.9 11876.1 52778.4
1166 -51424.9 11876.1 52778.4
1167 -51424.9 11876.1 52778.4
1168 -51424.9 11876.1 52778.4
1169 -50567.8 13360.6 52303.0
1170 -50567.8 13360.6 52303.0
1171 -50567.8 13360.6 52303.0
1172 -50567.8 13360.6 52303.0
1173 -50567.8 13360.6 52303.0
1174 -50567.8 13360.6 52303.0
1175 -50567.8 13360.6 52303.0
1176 -51424.9 14845.1 53524.7
1177 -51424.9 14845.1 53524.7
1178 -51424.9 14845.1 53524.7
1179 -51424.9 14845.1 53524.7
1180 -51424.9 14845.1 53524.7
1181 -51424.9 14845.1 53524.7
1182 -51424.9 14845.1 53524.7
1183 -50567.8 16329.6 53139.1
1184 -50567.8 16329.6 53139.1
1185 -50567.8 16329.6 53139.1
1186 -50567.8 16329.6 53139.1
1187 -50567.8 16329.6 53139.1
1188 -50567.8 16329.6 53139.1
1189 -50567.8 16329.6 53139.1
1204 -51424.9 20783.1 55465.8
1205 -51424.9 20783.1 55465.8
1206 -51424.9 20783.1 55465.8
1207 -51424.9 20783.1 55465.8
1208 -51424.9 20783.1 55465.8
1209 -51424.9 20783.1 55465.8
1210 -51424.9 20783.1 55465.8
1218 -51424.9 23752.1 56645.2
1219 -51424.9 23752.1 56645.2
1220 -51424.9 23752.1 56645.2
1221 -51424.9 23752.1 56645.2
1222 -51424.9 23752.1 56645.2
1223 -51424.9 23752.1 56645.2
1224 -51424.9 23752.1 56645.2
1225 -50567.8 25236.6 56515.4
1226 -50567.8 25236.6 56515.4
1227 -50567.8 25236.6 56515.4
1228 -50567.8 25236.6 56515.4
1229 -50567.8 25236.6 56515.4
1230 -50567.8 25236.6 56515.4
1231 -50567.8 25236.6 56515.4
1246 -51424.9 29690.2 59380.3
1247 -51424.9 29690.2 59380.3
1248 -51424.9 29690.2 59380.3
1249 -51424.9 29690.2 59380.3
1250 -51424.9 29690.2 59380.3
1251 -51424.9 29690.2 59380.3
1252 -51424.9 29690.2 59380.3
1253 -50567.8 31174.7 59405.1
1254 -50567.8 31174.7 59405.1
1255 -50567.8 31174.7 59405.1
1256 -50567.8 31174.7 59405.1
1257 -50567.8 31174.7 59405.1
1258 -50567.8 31174.7 59405.1
1259 -50567.8 31174.7 59405.1
1260 -48853.6 -34143.7 59602.6
1261 -48853.6 -34143.7 59602.6
1262 -48853.6 -34143.7 59602.6
1263 -48853.6 -34143.7 59602.6
1264 -48853.6 -34143.7 59602.6
1265 -48853.6 -34143.7 59602.6
1266 -48853.6 -34143.7 59602.6
1267 -49710.7 -32659.2 59479.2
1268 -49710.7 -32659.2 59479.2
1269 -49710.7 -32659.2 59479.2
1270 -49710.7 -32659.2 59479.2
1271 -49710.7 -32659.2 59479.2
1272 -49710.7 -32659.2 59479.2
1273 -49710.7 -32659.2 59479.2
1288 -48853.6 -28205.7 56411.3
1289 -48853.6 -28205.7 56411.3
1290 -48853.6 -28205.7 56411.3
1291 -48853.6 -28205.7 56411.3
1292 -48853.6 -28205.7 56411.3
1293 -48853.6 -28205.7 56411.3
1294 -48853.6 -28205.7 56411.3
1295 -49710.7 -26721.2 56437.4
1296 -49710.7 -26721.2 56437.4
1297 -49710.7 -26721.2 56437.4
1298 -49710.7 -26721.2 56437.4
1299 -49710.7 -26721.2 56437.4
1300 -49710.7 -26721.2 56437.4
1301 -49710.7 -26721.2 56437.4
1316 -48853.6 -22267.6 53689.2
1317 -48853.6 -22267.6 53689.2
1318 -48853.6 -22267.6 53689.2
1319 -48853.6 -22267.6 53689.2
1320 -48853.6 -22267.6 53689.2
1321 -48853.6 -22267.6 53689.2
1322 -48853.6 -22267.6 53689.2
1330 -48853.6 -19298.6 52527.3
1331 -48853.6 -19298.6 52527.3
1332 -48853.6 -19298.6 52527.3
1333 -48853.6 -19298.6 52527.3
1334 -48853.6 -19298.6 52527.3
1335 -48853.6 -19298.6 52527.3
1336 -48853.6 -19298.6 52527.3
1337 -49710.7 -17814.1 52806.2
1338 -49710.7 -17814.1 52806.2
1339 -49710.7 -17814.1 52806.2
1340 -49710.7 -17814.1 52806.2
1341 -49710.7 -17814.1 52806.2
1342 -49710.7 -17814.1 52806.2
1343 -49710.7 -17814.1 52806.2
1372 -48853.6 -10391.6 49946.6
1373 -48853.6 -10391.6 49946.6
1374 -48853.6 -10391.6 49946.6
1375 -48853.6 -10391.6 49946.6
1376 -48853.6 -10391.6 49946.6
1377 -48853.6 -10391.6 49946.6
1378 -48853.6 -10391.6 49946.6
1386 -48853.6 -7422.5 49414.3
1387 -48853.6 -7422.5 49414.3
1388 -48853.6 -7422.5 49414.3
1389 -48853.6 -7422.5 49414.3
1390 -48853.6 -7422.5 49414.3
1391 -48853.6 -7422.5 49414.3
1392 -48853.6 -7422.5 49414.3
1400 -48853.6 -4453.5 49056.2
1401 -48853.6 -4453.5 49056.2
1402 -48853.6 -4453.5 49056.2
1403 -48853.6 -4453.5 49056.2
1404 -48853.6 -4453.5 49056.2
1405 -48853.6 -4453.5 49056.2
1406 -48853.6 -4453.5 49056.2
1407 -49710.7 -2969.0 49799.3
1408 -49710.7 -2969.0 49799.3
1409 -49710.7 -2969.0 49799.3
1410 -49710.7 -2969.0 49799.3
1411 -49710.7 -2969.0 49799.3
1412 -49710.7 -2969.0 49799.3
1413 -49710.7 -2969.0 49799.3
1414 -48853.6 -1484.5 48876.2
1415 -48853.6 -1484.5 48876.2
1416 -48853.6 -1484.5 48876.2
1417 -48853.6 -1484.5 48876.2
1418 -48853.6 -1484.5 48876.2
1419 -48853.6 -1484.5 48876.2
1420 -48853.6 -1484.5 48876.2
1421 -49710.7 0.0 49710.7
1422 -49710.7 0.0 49710.7
1423 -49710.7 0.0 49710.7
1424 -49710.7 0.0 49710.7
1425 -49710.7 0.0 49710.7
1426 -49710.7 0.0 49710.7
1427 -49710.7 0.0 49710.7
1428 -48853.6 1484.5 48876.2
1429 -48853.6 1484.5 48876.2
1430 -48853.6 1484.5 48876.2
1431 -48853.6 1484.5 48876.2
1432 -48853.6 1484.5 48876.2
1433 -48853.6 1484.5 48876.2
1434 -48853.6 1484.5 48876.2
1435 -49710.7 2969.0 49799.3
1436 -49710.7 2969.0 49799.3
1437 -49710.7 2969.0 49799.3
1438 -49710.7 2969.0 49799.3
1439 -49710.7 2969.0 49799.3
1440 -49710.7 2969.0 49799.3
1441 -49710.7 2969.0 49799.3
1442 -48853.6 4453.5 49056.2
1443 -48853.6 4453.5 49056.2
1444 -48853.6 4453.5 49056.2
1445 -48853.6 4453.5 49056.2
1446 -48853.6 4453.5 49056.2
1447 -48853.6 4453.5 49056.2
1448 -48853.6 4453.5 49056.2
1456 -48853.6 7422.5 49414.3
1457 -48853.6 7422.5 49414.3
1458 -48853.6 7422.5 49414.3
1459 -48853.6 7422.5 49414.3
1460 -48853.6 7422.5 49414.3
1461 -48853.6 7422.5 49414.3
1462 -48853.6 7422.5 49414.3
1470 -48853.6 10391.6 49946.6
1471 -48853.6 10391.6 49946.6
1472 -48853.6 10391.6 49946.6
1473 -48853.6 10391.6 49946.6
1474 -48853.6 10391.6 49946.6
1475 -48853.6 10391.6 49946.6
1476 -48853.6 10391.6 49946.6
1505 -49710.7 17814.1 52806.2
1506 -49710.7 17814.1 52806.2
1507 -49710.7 17814.1 52806.2
1508 -49710.7 17814.1 52806.2
1509 -49710.7 17814.1 52806.2
1510 -49710.7 17814.1 52806.2
1511 -49710.7 17814.1 52806.2
1512 -48853.6 19298.6 52527.3
1513 -48853.6 19298.6 52527.3
1514 -48853.6 19298.6 52527.3
1515 -48853.6 19298.6 52527.3
1516 -48853.6 19298.6 52527.3
1517 -48853.6 19298.6 52527.3
1518 -48853.6 19298.6 52527.3
1526 -48853.6 22267.6 53689.2
1527 -48853.6 22267.6 53689.2
1528 -48853.6 22267.6 53689.2
1529 -48853.6 22267.6 53689.2
1530 -48853.6 22267.6 53689.2
1531 -48853.6 22267.6 53689.2
1532 -48853.6 22267.6 53689.2
1547 -49710.7 26721.2 56437.4
1548 -49710.7 26721.2 56437.4
1549 -49710.7 26721.2 56437.4
1550 -49710.7 26721.2 56437.4
1551 -49710.7 26721.2 56437.4
1552 -49710.7 26721.2 56437.4
1553 -49710.7 26721.2 56437.4
1554 -48853.6 28205.7 56411.3
1555 -48853.6 28205.7 56411.3
1556 -48853.6 28205.7 56411.3
1557 -48853.6 28205.7 56411.3
1558 -48853.6 28205.7 56411.3
1559 -48853.6 28205.7 56411.3
1560 -48853.6 28205.7 56411.3
1575 -49710.7 32659.2 59479.2
1576 -49710.7 32659.2 59479.2
1577 -49710.7 32659.2 59479.2
1578 -49710.7 32659.2 59479.2
1579 -49710.7 32659.2 59479.2
1580 -49710.7 32659.2 59479.2
1581 -49710.7 32659.2 59479.2
1582 -48853.6 34143.7 59602.6
1583 -48853.6 34143.7 59602.6
1584 -48853.6 34143.7 59602.6
1585 -48853.6 34143.7 59602.6
1586 -48853.6 34143.7 59602.6
1587 -48853.6 34143.7 59602.6
1588 -48853.6 34143.7 59602.6
1589 -47139.5 -37112.7 59995.7
1590 -47139.5 -37112.7 59995.7
1591 -47139.5 -37112.7 59995.7
1592 -47139.5 -37112.7 59995.7
1593 -47139.5 -37112.7 59995.7
1594 -47139.5 -37112.7 59995.7
1595 -47139.5 -37112.7 59995.7
1596 -47996.6 -35628.2 59774.9
1597 -47996.6 -35628.2 59774.9
1598 -47996.6 -35628.2 59774.9
1599 -47996.6 -35628.2 59774.9
1600 -47996.6 -35628.2 59774.9
1601 -47996.6 -35628.2 59774.9
1602 -47996.6 -35628.2 59774.9
1617 -47139.5 -31174.7 56515.4
1618 -47139.5 -31174.7 56515.4
1619 -47139.5 -31174.7 56515.4
1620 -47139.5 -31174.7 56515.4
1621 -47139.5 -31174.7 56515.4
1622 -47139.5 -31174.7 56515.4
1623 -47139.5 -31174.7 56515.4
1624 -47996.6 -29690.2 56437.4
1625 -47996.6 -29690.2 56437.4
1626 -47996.6 -29690.2 56437.4
1627 -47996.6 -29690.2 56437.4
1628 -47996.6 -29690.2 56437.4
1629 -47996.6 -29690.2 56437.4
1630 -47996.6 -29690.2 56437.4
1645 -47139.5 -25236.6 53469.8
1646 -47139.5 -25236.6 53469.8
1647 -47139.5 -25236.6 53469.8
1648 -47139.5 -25236.6 53469.8
1649 -47139.5 -25236.6 53469.8
1650 -47139.5 -25236.6 53469.8
1651 -47139.5 -25236.6 53469.8
1652 -47996.6 -23752.1 53552.2
1653 -47996.6 -23752.1 53552.2
1654 -47996.6 -23752.1 53552.2
1655 -47996.6 -23752.1 53552.2
1656 -47996.6 -23752.1 53552.2
1657 -47996.6 -23752.1 53552.2
1658 -47996.6 -23752.1 53552.2
1666 -47996.6 -20783.1 52303.0
1667 -47996.6 -20783.1 52303.0
1668 -47996.6 -20783.1 52303.0
1669 -47996.6 -20783.1 52303.0
1670 -47996.6 -20783.1 52303.0
1671 -47996.6 -20783.1 52303.0
1672 -47996.6 -20783.1 52303.0
1687 -47139.5 -16329.6 49887.7
1688 -47139.5 -16329.6 49887.7
1689 -47139.5 -16329.6 49887.7
1690 -47139.5 -16329.6 49887.7
1691 -47139.5 -16329.6 49887.7
1692 -47139.5 -16329.6 49887.7
1693 -47139.5 -16329.6 49887.7
1694 -47996.6 -14845.1 50239.9
1695 -47996.6 -14845.1 50239.9
1696 -47996.6 -14845.1 50239.9
1697 -47996.6 -14845.1 50239.9
1698 -47996.6 -14845.1 50239.9
1699 -47996.6 -14845.1 50239.9
1700 -47996.6 -14845.1 50239.9
1701 -47139.5 -13360.6 48996.3
1702 -47139.5 -13360.6 48996.3
1703 -47139.5 -13360.6 48996.3
1704 -47139.5 -13360.6 48996.3
1705 -47139.5 -13360.6 48996.3
1706 -47139.5 -13360.6 48996.3
1707 -47139.5 -13360.6 48996.3
1708 -47996.6 -11876.1 49444.0
1709 -47996.6 -11876.1 49444.0
1710 -47996.6 -11876.1 49444.0
1711 -47996.6 -11876.1 49444.0
1712 -47996.6 -11876.1 49444.0
1713 -47996.6 -11876.1 49444.0
1714 -47996.6 -11876.1 49444.0
1722 -47996.6 -8907.1 48816.0
1723 -47996.6 -8907.1 48816.0
1724 -47996.6 -8907.1 48816.0
1725 -47996.6 -8907.1 48816.0
1726 -47996.6 -8907.1 48816.0
1727 -47996.6 -8907.1 48816.0
1728 -47996.6 -8907.1 48816.0
1736 -47996.6 -5938.0 48362.5
1737 -47996.6 -5938.0 48362.5
1738 -47996.6 -5938.0 48362.5
1739 -47996.6 -5938.0 48362.5
1740 -47996.6 -5938.0 48362.5
1741 -47996.6 -5938.0 48362.5
1742 -47996.6 -5938.0 48362.5
1792 -47996.6 5938.0 48362.5
1793 -47996.6 5938.0 48362.5
1794 -47996.6 5938.0 48362.5
1795 -47996.6 5938.0 48362.5
1796 -47996.6 5938.0 48362.5
1797 -47996.6 5938.0 48362.5
1798 -47996.6 5938.0 48362.5
1806 -47996.6 8907.1 48816.0
1807 -47996.6 8907.1 48816.0
1808 -47996.6 8907.1 48816.0
1809 -47996.6 8907.1 48816.0
1810 -47996.6 8907.1 48816.0
1811 -47996.6 8907.1 48816.0
1812 -47996.6 8907.1 48816.0
1820 -47996.6 11876.1 49444.0
1821 -47996.6 11876.1 49444.0
1822 -47996.6 11876.1 49444.0
1823 -47996.6 11876.1 49444.0
1824 -47996.6 11876.1 49444.0
1825 -47996.6 11876.1 49444.0
1826 -47996.6 11876.1 49444.0
1827 -47139.5 13360.6 48996.3
1828 -47139.5 13360.6 48996.3
1829 -47139.5 13360.6 48996.3
1830 -47139.5 13360.6 48996.3
1831 -47139.5 13360.6 48996.3
1832 -47139.5 13360.6 48996.3
1833 -47139.5 13360.6 48996.3
1834 -47996.6 14845.1 50239.9
1835 -47996.6 14845.1 50239.9
1836 -47996.6 14845.1 50239.9
1837 -47996.6 14845.1 50239.9
1838 -47996.6 14845.1 50239.9
1839 -47996.6 14845.1 50239.9
1840 -47996.6 14845.1 50239.9
1841 -47139.5 16329.6 49887.7
1842 -47139.5 16329.6 49887.7
1843 -47139.5 16329.6 49887.7
1844 -47139.5 16329.6 49887.7
1845 -47139.5 16329.6 49887.7
1846 -47139.5 16329.6 49887.7
1847 -47139.5 16329.6 49887.7
1862 -47996.6 20783.1 52303.0
1863 -47996.6 20783.1 52303.0
1864 -47996.6 20783.1 52303.0
1865 -47996.6 20783.1 52303.0
1866 -47996.6 20783.1 52303.0
1867 -47996.6 20783.1 52303.0
1868 -47996.6 20783.1 52303.0
1876 -47996.6 23752.1 53552.2
1877 -47996.6 23752.1 53552.2
1878 -47996.6 23752.1 53552.2
1879 -47996.6 23752.1 53552.2
1880 -47996.6 23752.1 53552.2
1881 -47996.6 23752.1 53552.2
1882 -47996.6 23752.1 53552.2
1883 -47139.5 25236.6 53469.8
1884 -47139.5 25236.6 53469.8
1885 -47139.5 25236.6 53469.8
1886 -47139.5 25236.6 53469.8
1887 -47139.5 25236.6 53469.8
1888 -47139.5 25236.6 53469.8
1889 -47139.5 25236.6 53469.8
1904 -47996.6 29690.2 56437.4
1905 -47996.6 29690.2 56437.4
1906 -47996.6 29690.2 56437.4
1907 -47996.6 29690.2 56437.4
1908 -47996.6 29690.2 56437.4
1909 -47996.6 29690.2 56437.4
1910 -47996.6 29690.2 56437.4
1911 -47139.5 31174.7 56515.4
1912 -47139.5 31174.7 56515.4
1913 -47139.5 31174.7 56515.4
1914 -47139.5 31174.7 56515.4
1915 -47139.5 31174.7 56515.4
1916 -47139.5 31174.7 56515.4
1917 -47139.5 31174.7 56515.4
1932 -47996.6 35628.2 59774.9
1933 -47996.6 35628.2 59774.9
1934 -47996.6 35628.2 59774.9
1935 -47996.6 35628.2 59774.9
1936 -47996.6 35628.2 59774.9
1937 -47996.6 35628.2 59774.9
1938 -47996.6 35628.2 59774.9
1939 -47139.5 37112.7 59995.7
1940 -47139.5 37112.7 59995.7
1941 -47139.5 37112.7 59995.7
1942 -47139.5 37112.7 59995.7
1943 -47139.5 37112.7 59995.7
1944 -47139.5 37112.7 59995.7
1945 -47139.5 37112.7 59995.7
1960 -45425.3 -34143.7 56826.5
1961 -45425.3 -34143.7 56826.5
1962 -45425.3 -34143.7 56826.5
1963 -45425.3 -34143.7 56826.5
1964 -45425.3 -34143.7 56826.5
1965 -45425.3 -34143.7 56826.5
1966 -45425.3 -34143.7 56826.5
1967 -46282.4 -32659.2 56645.2
1968 -46282.4 -32659.2 56645.2
1969 -46282.4 -32659.2 56645.2
1970 -46282.4 -32659.2 56645.2
1971 -46282.4 -32659.2 56645.2
1972 -46282.4 -32659.2 56645.2
1973 -46282.4 -32659.2 56645.2
1988 -45425.3 -28205.7 53469.8
1989 -45425.3 -28205.7 53469.8
1990 -45425.3 -28205.7 53469.8
1991 -45425.3 -28205.7 53469.8
1992 -45425.3 -28205.7 53469.8
1993 -45425.3 -28205.7 53469.8
1994 -45425.3 -28205.7 53469.8
1995 -46282.4 -26721.2 53442.3
1996 -46282.4 -26721.2 53442.3
1997 -46282.4 -26721.2 53442.3
1998 -46282.4 -26721.2 53442.3
1999 -46282.4 -26721.2 53442.3
2000 -46282.4 -26721.2 53442.3
2001 -46282.4 -26721.2 53442.3
2016 -45425.3 -22267.6 50589.6
2017 -45425.3 -22267.6 50589.6
2018 -45425.3 -22267.6 50589.6
2019 -45425.3 -22267.6 50589.6
2020 -45425.3 -22267.6 50589.6
2021 -45425.3 -22267.6 50589.6
2022 -45425.3 -22267.6 50589.6
2030 -45425.3 -19298.6 49354.8
2031 -45425.3 -19298.6 49354.8
2032 -45425.3 -19298.6 49354.8
2033 -45425.3 -19298.6 49354.8
2034 -45425.3 -19298.6 49354.8
2035 -45425.3 -19298.6 49354.8
2036 -45425.3 -19298.6 49354.8
2037 -46282.4 -17814.1 49592.4
2038 -46282.4 -17814.1 49592.4
2039 -46282.4 -17814.1 49592.4
2040 -46282.4 -17814.1 49592.4
2041 -46282.4 -17814.1 49592.4
2042 -46282.4 -17814.1 49592.4
2043 -46282.4 -17814.1 49592.4
2072 -45425.3 -10391.6 46598.8
2073 -45425.3 -10391.6 46598.8
2074 -45425.3 -10391.6 46598.8
2075 -45425.3 -10391.6 46598.8
2076 -45425.3 -10391.6 46598.8
2077 -45425.3 -10391.6 46598.8
2078 -45425.3 -10391.6 46598.8
2086 -45425.3 -7422.5 46027.8
2087 -45425.3 -7422.5 46027.8
2088 -45425.3 -7422.5 46027.8
2089 -45425.3 -7422.5 46027.8
2090 -45425.3 -7422.5 46027.8
2091 -45425.3 -7422.5 46027.8
2092 -45425.3 -7422.5 46027.8
2100 -45425.3 -4453.5 45643.1
2101 -45425.3 -4453.5 45643.1
2102 -45425.3 -4453.5 45643.1
2103 -45425.3 -4453.5 45643.1
2104 -45425.3 -4453.5 45643.1
2105 -45425.3 -4453.5 45643.1
2106 -45425.3 -4453.5 45643.1
2107 -46282.4 -2969.0 46377.5
2108 -46282.4 -2969.0 46377.5
2109 -46282.4 -2969.0 46377.5
2110 -46282.4 -2969.0 46377.5
2111 -46282.4 -2969.0 46377.5
2112 -46282.4 -2969.0 46377.5
2113 -46282.4 -2969.0 46377.5
2114 -45425.3 -1484.5 45449.6
2115 -45425.3 -1484.5 45449.6
2116 -45425.3 -1484.5 45449.6
2117 -45425.3 -1484.5 45449.6
2118 -45425.3 -1484.5 45449.6
2119 -45425.3 -1484.5 45449.6
2120 -45425.3 -1484.5 45449.6
2121 -46282.4 0.0 46282.4
2122 -46282.4 0.0 46282.4
2123 -46282.4 0.0 46282.4
2124 -46282.4 0.0 46282.4
2125 -46282.4 0.0 46282.4
2126 -46282.4 0.0 46282.4
2127 -46282.4 0.0 46282.4
2128 -45425.3 1484.5 45449.6
2129 -45425.3 1484.5 45449.6
2130 -45425.3 1484.5 45449.6
2131 -45425.3 1484.5 45449.6
2132 -45425.3 1484.5 45449.6
2133 -45425.3 1484.5 45449.6
2134 -45425.3 1484.5 45449.6
2135 -46282.4 2969.0 46377.5
2136 -46282.4 2969.0 46377.5
2137 -46282.4 2969.0 46377.5
2138 -46282.4 2969.0 46377.5
2139 -46282.4 2969.0 46377.5
2140 -46282.4 2969.0 46377.5
2141 -46282.4 2969.0 46377.5
2142 -45425.3 4453.5 45643.1
2143 -45425.3 4453.5 45643.1
2144 -45425.3 4453.5 45643.1
2145 -45425.3 4453.5 45643.1
2146 -45425.3 4453.5 45643.1
2147 -45425.3 4453.5 45643.1
2148 -45425.3 4453.5 45643.1
2156 -45425.3 7422.5 46027.8
2157 -45425.3 7422.5 46027.8
2158 -45425.3 7422.5 46027.8
2159 -45425.3 7422.5 46027.8
2160 -45425.3 7422.5 46027.8
2161 -45425.3 7422.5 46027.8
2162 -45425.3 7422.5 46027.8
2170 -45425.3 10391.6 46598.8
2171 -45425.3 10391.6 46598.8
2172 -45425.3 10391.6 46598.8
2173 -45425.3 10391.6 46598.8
2174 -45425.3 10391.6 46598.8
2175 -45425.3 10391.6 46598.8
2176 -45425.3 10391.6 46598.8
2205 -46282.4 17814.1 49592.4
2206 -46282.4 17814.1 49592.4
2207 -46282.4 17814.1 49592.4
2208 -46282.4 17814.1 49592.4
2209 -46282.4 17814.1 49592.4
2210 -46282.4 17814.1 49592.4
2211 -46282.4 17814.1 49592.4
2212 -45425.3 19298.6 49354.8
2213 -45425.3 19298.6 49354.8
2214 -45425.3 19298.6 49354.8
2215 -45425.3 19298.6 49354.8
2216 -45425.3 19298.6 49354.8
2217 -45425.3 19298.6 49354.8
2218 -45425.3 19298.6 49354.8
2226 -45425.3 22267.6 50589.6
2227 -45425.3 22267.6 50589.6
2228 -45425.3 22267.6 50589.6
2229 -45425.3 22267.6 50589.6
2230 -45425.3 22267.6 50589.6
2231 -45425.3 22267.6 50589.6
2232 -45425.3 22267.6 50589.6
2247 -46282.4 26721.2 53442.3
2248 -46282.4 26721.2 53442.3
2249 -46282.4 26721.2 53442.3
2250 -46282.4 26721.2 53442.3
2251 -46282.4 26721.2 53442.3
2252 -46282.4 26721.2 53442.3
2253 -46282.4 26721.2 53442.3
2254 -45425.3 28205.7 53469.8
2255 -45425.3 28205.7 53469.8
2256 -45425.3 28205.7 53469.8
2257 -45425.3 28205.7 53469.8
2258 -45425.3 28205.7 53469.8
2259 -45425.3 28205.7 53469.8
2260 -45425.3 28205.7 53469.8
2275 -46282.4 32659.2 56645.2
2276 -46282.4 32659.2 56645.2
2277 -46282.4 32659.2 56645.2
2278 -46282.4 32659.2 56645.2
2279 -46282.4 32659.2 56645.2
2280 -46282.4 32659.2 56645.2
2281 -46282.4 32659.2 56645.2
2282 -45425.3 34143.7 56826.5
2283 -45425.3 34143.7 56826.5
2284 -45425.3 34143.7 56826.5
2285 -45425.3 34143.7 56826.5
2286 -45425.3 34143.7 56826.5
2287 -45425.3 34143.7 56826.5
2288 -45425.3 34143.7 56826.5
2303 -43711.2 -40081.7 59306.1
2304 -43711.2 -40081.7 59306.1
2305 -43711.2 -40081.7 59306.1
2306 -43711.2 -40081.7 59306.1
2307 -43711.2 -40081.7 59306.1
2308 -43711.2 -40081.7 59306.1
2309 -43711.2 -40081.7 59306.1
2310 -44568.2 -38597.2 58958.2
2311 -44568.2 -38597.2 58958.2
2312 -44568.2 -38597.2 58958.2
2313 -44568.2 -38597.2 58958.2
2314 -44568.2 -38597.2 58958.2
2315 -44568.2 -38597.2 58958.2
2316 -44568.2 -38597.2 58958.2
2317 -43711.2 -37112.7 57341.3
2318 -43711.2 -37112.7 57341.3
2319 -43711.2 -37112.7 57341.3
2320 -43711.2 -37112.7 57341.3
2321 -43711.2 -37112.7 57341.3
2322 -43711.2 -37112.7 57341.3
2323 -43711.2 -37112.7 57341.3
2324 -44568.2 -35628.2 57058.7
2325 -44568.2 -35628.2 57058.7
2326 -44568.2 -35628.2 57058.7
2327 -44568.2 -35628.2 57058.7
2328 -44568.2 -35628.2 57058.7
2329 -44568.2 -35628.2 57058.7
2330 -44568.2 -35628.2 57058.7
2345 -43711.2 -31174.7 53689.2
2346 -43711.2 -31174.7 53689.2
2347 -43711.2 -31174.7 53689.2
2348 -43711.2 -31174.7 53689.2
2349 -43711.2 -31174.7 53689.2
2350 -43711.2 -31174.7 53689.2
2351 -43711.2 -31174.7 53689.2
2352 -44568.2 -29690.2 53552.2
2353 -44568.2 -29690.2 53552.2
2354 -44568.2 -29690.2 53552.2
2355 -44568.2 -29690.2 53552.2
2356 -44568.2 -29690.2 53552.2
2357 -44568.2 -29690.2 53552.2
2358 -44568.2 -29690.2 53552.2
2373 -43711.2 -25236.6 50473.3
2374 -43711.2 -25236.6 50473.3
2375 -43711.2 -25236.6 50473.3
2376 -43711.2 -25236.6 50473.3
2377 -43711.2 -25236.6 50473.3
2378 -43711.2 -25236.6 50473.3
2379 -43711.2 -25236.6 50473.3
2380 -44568.2 -23752.1 50502.4
2381 -44568.2 -23752.1 50502.4
2382 -44568.2 -23752.1 50502.4
2383 -44568.2 -23752.1 50502.4
2384 -44568.2 -23752.1 50502.4
2385 -44568.2 -23752.1 50502.4
2386 -44568.2 -23752.1 50502.4
2394 -44568.2 -20783.1 49175.9
2395 -44568.2 -20783.1 49175.9
2396 -44568.2 -20783.1 49175.9
2397 -44568.2 -20783.1 49175.9
2398 -44568.2 -20783.1 49175.9
2399 -44568.2 -20783.1 49175.9
2400 -44568.2 -20783.1 49175.9
2415 -43711.2 -16329.6 46661.8
2416 -43711.2 -16329.6 46661.8
2417 -43711.2 -16329.6 46661.8
2418 -43711.2 -16329.6 46661.8
2419 -43711.2 -16329.6 46661.8
2420 -43711.2 -16329.6 46661.8
2421 -43711.2 -16329.6 46661.8
2422 -44568.2 -14845.1 46975.6
2423 -44568.2 -14845.1 46975.6
2424 -44568.2 -14845.1 46975.6
2425 -44568.2 -14845.1 46975.6
2426 -44568.2 -14845.1 46975.6
2427 -44568.2 -14845.1 46975.6
2428 -44568.2 -14845.1 46975.6
2429 -43711.2 -13360.6 45707.4
2430 -43711.2 -13360.6 45707.4
2431 -43711.2 -13360.6 45707.4
2432 -43711.2 -13360.6 45707.4
2433 -43711.2 -13360.6 45707.4
2434 -43711.2 -13360.6 45707.4
2435 -43711.2 -13360.6 45707.4
2436 -44568.2 -11876.1 46123.4
2437 -44568.2 -11876.1 46123.4
2438 -44568.2 -11876.1 46123.4
2439 -44568.2 -11876.1 46123.4
2440 -44568.2 -11876.1 46123.4
2441 -44568.2 -11876.1 46123.4
2442 -44568.2 -11876.1 46123.4
2450 -44568.2 -8907.1 45449.6
2451 -44568.2 -8907.1 45449.6
2452 -44568.2 -8907.1 45449.6
2453 -44568.2 -8907.1 45449.6
2454 -44568.2 -8907.1 45449.6
2455 -44568.2 -8907.1 45449.6
2456 -44568.2 -8907.1 45449.6
2464 -44568.2 -5938.0 44962.1
2465 -44568.2 -5938.0 44962.1
2466 -44568.2 -5938.0 44962.1
2467 -44568.2 -5938.0 44962.1
2468 -44568.2 -5938.0 44962.1
2469 -44568.2 -5938.0 44962.1
2470 -44568.2 -5938.0 44962.1
2520 -44568.2 5938.0 44962.1
2521 -44568.2 5938.0 44962.1
2522 -44568.2 5938.0 44962.1
2523 -44568.2 5938.0 44962.1
2524 -44568.2 5938.0 44962.1
2525 -44568.2 5938.0 44962.1
2526 -44568.2 5938.0 44962.1
2534 -44568.2 8907.1 45449.6
2535 -44568.2 8907.1 45449.6
2536 -44568.2 8907.1 45449.6
2537 -44568.2 8907.1 45449.6
2538 -44568.2 8907.1 45449.6
2539 -44568.2 8907.1 45449.6
2540 -44568.2 8907.1 45449.6
2548 -44568.2 11876.1 46123.4
2549 -44568.2 11876.1 46123.4
2550 -44568.2 11876.1 46123.4
2551 -44568.2 11876.1 46123.4
2552 -44568.2 11876.1 46123.4
2553 -44568.2 11876.1 46123.4
2554 -44568.2 11876.1 46123.4
2555 -43711.2 13360.6 45707.4
2556 -43711.2 13360.6 45707.4
2557 -43711.2 13360.6 45707.4
2558 -43711.2 13360.6 45707.4
2559 -43711.2 13360.6 45707.4
2560 -43711.2 13360.6 45707.4
2561 -43711.2 13360.6 45707.4
2562 -44568.2 14845.1 46975.6
2563 -44568.2 14845.1 46975.6
2564 -44568.2 14845.1 46975.6
2565 -44568.2 14845.1 46975.6
2566 -44568.2 14845.1 46975.6
2567 -44568.2 14845.1 46975.6
2568 -44568.2 14845.1 46975.6
2569 -43711.2 16329.6 46661.8
2570 -43711.2 16329.6 46661.8
2571 -43711.2 16329.6 46661.8
2572 -43711.2 16329.6 46661.8
2573 -43711.2 16329.6 46661.8
2574 -43711.2 16329.6 46661.8
2575 -43711.2 16329.6 46661.8
2590 -44568.2 20783.1 49175.9
2591 -44568.2 20783.1 49175.9
2592 -44568.2 20783.1 49175.9
2593 -44568.2 20783.1 49175.9
2594 -44568.2 20783.1 49175.9
2595 -44568.2 20783.1 49175.9
2596 -44568.2 20783.1 49175.9
2604 -44568.2 23752.1 50502.4
2605 -44568.2 23752.1 50502.4
2606 -44568.2 23752.1 50502.4
2607 -44568.2 23752.1 50502.4
2608 -44568.2 23752.1 50502.4
2609 -44568.2 23752.1 50502.4
2610 -44568.2 23752.1 50502.4
2611 -43711.2 25236.6 50473.3
2612 -43711.2 25236.6 50473.3
2613 -43711.2 25236.6 50473.3
2614 -43711.2 25236.6 50473.3
2615 -43711.2 25236.6 50473.3
2616 -43711.2 25236.6 50473.3
2617 -43711.2 25236.6 50473.3
2632 -44568.2 29690.2 53552.2
2633 -44568.2 29690.2 53552.2
2634 -44568.2 29690.2 53552.2
2635 -44568.2 29690.2 53552.2
2636 -44568.2 29690.2 53552.2
2637 -44568.2 29690.2 53552.2
2638 -44568.2 29690.2 53552.2
2639 -43711.2 31174.7 53689.2
2640 -43711.2 31174.7 53689.2
2641 -43711.2 31174.7 53689.2
2642 -43711.2 31174.7 53689.2
2643 -43711.2 31174.7 53689.2
2644 -43711.2 31174.7 53689.2
2645 -43711.2 31174.7 53689.2
2660 -44568.2 35628.2 57058.7
2661 -44568.2 35628.2 57058.7
2662 -44568.2 35628.2 57058.7
2663 -44568.2 35628.2 57058.7
2664 -44568.2 35628.2 57058.7
2665 -44568.2 35628.2 57058.7
2666 -44568.2 35628.2 57058.7
2667 -43711.2 37112.7 57341.3
2668 -43711.2 37112.7 57341.3
2669 -43711.2 37112.7 57341.3
2670 -43711.2 37112.7 57341.3
2671 -43711.2 37112.7 57341.3
2672 -43711.2 37112.7 57341.3
2673 -43711.2 37112.7 57341.3
2674 -44568.2 38597.2 58958.2
2675 -44568.2 38597.2 58958.2
2676 -44568.2 38597.2 58958.2
2677 -44568.2 38597.2 58958.2
2678 -44568.2 38597.2 58958.2
2679 -44568.2 38597.2 58958.2
2680 -44568.2 38597.2 58958.2
2681 -43711.2 40081.7 59306.1
2682 -43711.2 40081.7 59306.1
2683 -43711.2 40081.7 59306.1
2684 -43711.2 40081.7 59306.1
2685 -43711.2 40081.7 59306.1
2686 -43711.2 40081.7 59306.1
2687 -43711.2 40081.7 59306.1
2688 -41997.0 -43050.8 60142.5
2689 -41997.0 -43050.8 60142.5
2690 -41997.0 -43050.8 60142.5
2691 -41997.0 -43050.8 60142.5
2692 -41997.0 -43050.8 60142.5
2693 -41997.0 -43050.8 60142.5
2694 -41997.0 -43050.8 60142.5
2695 -42854.1 -41566.2 59701.1
2696 -42854.1 -41566.2 59701.1
2697 -42854.1 -41566.2 59701.1
2698 -42854.1 -41566.2 59701.1
2699 -42854.1 -41566.2 59701.1
2700 -42854.1 -41566.2 59701.1
2701 -42854.1 -41566.2 59701.1
2730 -41997.0 -34143.7 54125.2
2731 -41997.0 -34143.7 54125.2
2732 -41997.0 -34143.7 54125.2
2733 -41997.0 -34143.7 54125.2
2734 -41997.0 -34143.7 54125.2
2735 -41997.0 -34143.7 54125.2
2736 -41997.0 -34143.7 54125.2
2737 -42854.1 -32659.2 53880.4
2738 -42854.1 -32659.2 53880.4
2739 -42854.1 -32659.2 53880.4
2740 -42854.1 -32659.2 53880.4
2741 -42854.1 -32659.2 53880.4
2742 -42854.1 -32659.2 53880.4
2743 -42854.1 -32659.2 53880.4
2758 -41997.0 -28205.7 50589.6
2759 -41997.0 -28205.7 50589.6
2760 -41997.0 -28205.7 50589.6
2761 -41997.0 -28205.7 50589.6
2762 -41997.0 -28205.7 50589.6
2763 -41997.0 -28205.7 50589.6
2764 -41997.0 -28205.7 50589.6
2765 -42854.1 -26721.2 50502.4
2766 -42854.1 -26721.2 50502.4
2767 -42854.1 -26721.2 50502.4
2768 -42854.1 -26721.2 50502.4
2769 -42854.1 -26721.2 50502.4
2770 -42854.1 -26721.2 50502.4
2771 -42854.1 -26721.2 50502.4
2786 -41997.0 -22267.6 47535.2
2787 -41997.0 -22267.6 47535.2
2788 -41997.0 -22267.6 47535.2
2789 -41997.0 -22267.6 47535.2
2790 -41997.0 -22267.6 47535.2
2791 -41997.0 -22267.6 47535.2
2792 -41997.0 -22267.6 47535.2
2800 -41997.0 -19298.6 46218.9
2801 -41997.0 -19298.6 46218.9
2802 -41997.0 -19298.6 46218.9
2803 -41997.0 -19298.6 46218.9
2804 -41997.0 -19298.6 46218.9
2805 -41997.0 -19298.6 46218.9
2806 -41997.0 -19298.6 46218.9
2807 -42854.1 -17814.1 46409.2
2808 -42854.1 -17814.1 46409.2
2809 -42854.1 -17814.1 46409.2
2810 -42854.1 -17814.1 46409.2
2811 -42854.1 -17814.1 46409.2
2812 -42854.1 -17814.1 46409.2
2813 -42854.1 -17814.1 46409.2
2842 -41997.0 -10391.6 43263.5
2843 -41997.0 -10391.6 43263.5
2844 -41997.0 -10391.6 43263.5
2845 -41997.0 -10391.6 43263.5
2846 -41997.0 -10391.6 43263.5
2847 -41997.0 -10391.6 43263.5
2848 -41997.0 -10391.6 43263.5
2856 -41997.0 -7422.5 42647.9
2857 -41997.0 -7422.5 42647.9
2858 -41997.0 -7422.5 42647.9
2859 -41997.0 -7422.5 42647.9
2860 -41997.0 -7422.5 42647.9
2861 -41997.0 -7422.5 42647.9
2862 -41997.0 -7422.5 42647.9
2870 -41997.0 -4453.5 42232.5
2871 -41997.0 -4453.5 42232.5
2872 -41997.0 -4453.5 42232.5
2873 -41997.0 -4453.5 42232.5
2874 -41997.0 -4453.5 42232.5
2875 -41997.0 -4453.5 42232.5
2876 -41997.0 -4453.5 42232.5
2877 -42854.1 -2969.0 42956.8
2878 -42854.1 -2969.0 42956.8
2879 -42854.1 -2969.0 42956.8
2880 -42854.1 -2969.0 42956.8
2881 -42854.1 -2969.0 42956.8
2882 -42854.1 -2969.0 42956.8
2883 -42854.1 -2969.0 42956.8
2884 -41997.0 -1484.5 42023.2
2885 -41997.0 -1484.5 42023.2
2886 -41997.0 -1484.5 42023.2
2887 -41997.0 -1484.5 42023.2
2888 -41997.0 -1484.5 42023.2
2889 -41997.0 -1484.5 42023.2
2890 -41997.0 -1484.5 42023.2
2891 -42854.1 0.0 42854.1
2892 -42854.1 0.0 42854.1
2893 -42854.1 0.0 42854.1
2894 -42854.1 0.0 42854.1
2895 -42854.1 0.0 42854.1
2896 -42854.1 0.0 42854.1
2897 -42854.1 0.0 42854.1
2898 -41997.0 1484.5 42023.2
2899 -41997.0 1484.5 42023.2
2900 -41997.0 1484.5 42023.2
2901 -41997.0 1484.5 42023.2
2902 -41997.0 1484.5 42023.2
2903 -41997.0 1484.5 42023.2
2904 -41997.0 1484.5 42023.2
2905 -42854.1 2969.0 42956.8
2906 -42854.1 2969.0 42956.8
2907 -42854.1 2969.0 42956.8
2908 -42854.1 2969.0 42956.8
2909 -42854.1 2969.0 42956.8
2910 -42854.1 2969.0 42956.8
2911 -42854.1 2969.0 42956.8
2912 -41997.0 4453.5 42232.5
2913 -41997.0 4453.5 42232.5
2914 -41997.0 4453.5 42232.5
2915 -41997.0 4453.5 42232.5
2916 -41997.0 4453.5 42232.5
2917 -41997.0 4453.5 42232.5
2918 -41997.0 4453.5 42232.5
2926 -41997.0 7422.5 42647.9
2927 -41997.0 7422.5 42647.9
2928 -41997.0 7422.5 42647.9
2929 -41997.0 7422.5 42647.9
2930 -41997.0 7422.5 42647.9
2931 -41997.0 7422.5 42647.9
2932 -41997.0 7422.5 42647.9
2940 -41997.0 10391.6 43263.5
2941 -41997.0 10391.6 43263.5
2942 -41997.0 10391.6 43263.5
2943 -41997.0 10391.6 43263.5
2944 -41997.0 10391.6 43263.5
2945 -41997.0 10391.6 43263.5
2946 -41997.0 10391.6 43263.5
2975 -42854.1 17814.1 46409.2
2976 -42854.1 17814.1 46409.2
2977 -42854.1 17814.1 46409.2
2978 -42854.1 17814.1 46409.2
2979 -42854.1 17814.1 46409.2
2980 -42854.1 17814.1 46409.2
2981 -42854.1 17814.1 46409.2
2982 -41997.0 19298.6 46218.9
2983 -41997.0 19298.6 46218.9
2984 -41997.0 19298.6 46218.9
2985 -41997.0 19298.6 46218.9
2986 -41997.0 19298.6 46218.9
2987 -41997.0 19298.6 46218.9
2988 -41997.0 19298.6 46218.9
2996 -41997.0 22267.6 47535.2
2997 -41997.0 22267.6 47535.2
2998 -41997.0 22267.6 47535.2
2999 -41997.0 22267.6 47535.2
3000 -41997.0 22267.6 47535.2
3001 -41997.0 22267.6 47535.2
3002 -41997.0 22267.6 47535.2
3017 -42854.1 26721.2 50502.4
3018 -42854.1 26721.2 50502.4
3019 -42854.1 26721.2 50502.4
3020 -42854.1 26721.2 50502.4
3021 -42854.1 26721.2 50502.4
3022 -42854.1 26721.2 50502.4
3023 -42854.1 26721.2 50502.4
3024 -41997.0 28205.7 50589.6
3025 -41997.0 28205.7 50589.6
3026 -41997.0 28205.7 50589.6
3027 -41997.0 28205.7 50589.6
3028 -41997.0 28205.7 50589.6
3029 -41997.0 28205.7 50589.6
3030 -41997.0 28205.7 50589.6
3045 -42854.1 32659.2 53880.4
3046 -42854.1 32659.2 53880.4
3047 -42854.1 32659.2 53880.4
3048 -42854.1 32659.2 53880.4
3049 -42854.1 32659.2 53880.4
3050 -42854.1 32659.2 53880.4
3051 -42854.1 32659.2 53880.4
3052 -41997.0 34143.7 54125.2
3053 -41997.0 34143.7 54125.2
3054 -41997.0 34143.7 54125.2
3055 -41997.0 34143.7 54125.2
3056 -41997.0 34143.7 54125.2
3057 -41997.0 34143.7 54125.2
3058 -41997.0 34143.7 54125.2
3087 -42854.1 41566.2 59701.1
3088 -42854.1 41566.2 59701.1
3089 -42854.1 41566.2 59701.1
3090 -42854.1 41566.2 59701.1
3091 -42854.1 41566.2 59701.1
3092 -42854.1 41566.2 59701.1
3093 -42854.1 41566.2 59701.1
3094 -41997.0 43050.8 60142.5
3095 -41997.0 43050.8 60142.5
3096 -41997.0 43050.8 60142.5
3097 -41997.0 43050.8 60142.5
3098 -41997.0 43050.8 60142.5
3099 -41997.0 43050.8 60142.5
3100 -41997.0 43050.8 60142.5
3115 -40282.8 -40081.7 56826.5
3116 -40282.8 -40081.7 56826.5
3117 -40282.8 -40081.7 56826.5
3118 -40282.8 -40081.7 56826.5
3119 -40282.8 -40081.7 56826.5
3120 -40282.8 -40081.7 56826.5
3121 -40282.8 -40081.7 56826.5
3122 -41139.9 -38597.2 56411.3
3123 -41139.9 -38597.2 56411.3
3124 -41139.9 -38597.2 56411.3
3125 -41139.9 -38597.2 56411.3
3126 -41139.9 -38597.2 56411.3
3127 -41139.9 -38597.2 56411.3
3128 -41139.9 -38597.2 56411.3
3129 -40282.8 -37112.7 54772.8
3130 -40282.8 -37112.7 54772.8
3131 -40282.8 -37112.7 54772.8
3132 -40282.8 -37112.7 54772.8
3133 -40282.8 -37112.7 54772.8
3134 -40282.8 -37112.7 54772.8
3135 -40282.8 -37112.7 54772.8
3136 -41139.9 -35628.2 54423.0
3137 -41139.9 -35628.2 54423.0
3138 -41139.9 -35628.2 54423.0
3139 -41139.9 -35628.2 54423.0
3140 -41139.9 -35628.2 54423.0
3141 -41139.9 -35628.2 54423.0
3142 -41139.9 -35628.2 54423.0
3157 -40282.8 -31174.7 50936.9
3158 -40282.8 -31174.7 50936.9
3159 -40282.8 -31174.7 50936.9
3160 -40282.8 -31174.7 50936.9
3161 -40282.8 -31174.7 50936.9
3162 -40282.8 -31174.7 50936.9
3163 -40282.8 -31174.7 50936.9
3164 -41139.9 -29690.2 50734.6
3165 -41139.9 -29690.2 50734.6
3166 -41139.9 -29690.2 50734.6
3167 -41139.9 -29690.2 50734.6
3168 -41139.9 -29690.2 50734.6
3169 -41139.9 -29690.2 50734.6
3170 -41139.9 -29690.2 50734.6
3185 -40282.8 -25236.6 47535.2
3186 -40282.8 -25236.6 47535.2
3187 -40282.8 -25236.6 47535.2
3188 -40282.8 -25236.6 47535.2
3189 -40282.8 -25236.6 47535.2
3190 -40282.8 -25236.6 47535.2
3191 -40282.8 -25236.6 47535.2
3192 -41139.9 -23752.1 47504.3
3193 -41139.9 -23752.1 47504.3
3194 -41139.9 -23752.1 47504.3
3195 -41139.9 -23752.1 47504.3
3196 -41139.9 -23752.1 47504.3
3197 -41139.9 -23752.1 47504.3
3198 -41139.9 -23752.1 47504.3
3206 -41139.9 -20783.1 46091.5
3207 -41139.9 -20783.1 46091.5
3208 -41139.9 -20783.1 46091.5
3209 -41139.9 -20783.1 46091.5
3210 -41139.9 -20783.1 46091.5
3211 -41139.9 -20783.1 46091.5
3212 -41139.9 -20783.1 46091.5
3227 -40282.8 -16329.6 43466.8
3228 -40282.8 -16329.6 43466.8
3229 -40282.8 -16329.6 43466.8
3230 -40282.8 -16329.6 43466.8
3231 -40282.8 -16329.6 43466.8
3232 -40282.8 -16329.6 43466.8
3233 -40282.8 -16329.6 43466.8
3234 -41139.9 -14845.1 43736.4
3235 -41139.9 -14845.1 43736.4
3236 -41139.9 -14845.1 43736.4
3237 -41139.9 -14845.1 43736.4
3238 -41139.9 -14845.1 43736.4
3239 -41139.9 -14845.1 43736.4
3240 -41139.9 -14845.1 43736.4
3241 -40282.8 -13360.6 42440.7
3242 -40282.8 -13360.6 42440.7
3243 -40282.8 -13360.6 42440.7
3244 -40282.8 -13360.6 42440.7
3245 -40282.8 -13360.6 42440.7
3246 -40282.8 -13360.6 42440.7
3247 -40282.8 -13360.6 42440.7
3248 -41139.9 -11876.1 42819.8
3249 -41139.9 -11876.1 42819.8
3250 -41139.9 -11876.1 42819.8
3251 -41139.9 -11876.1 42819.8
3252 -41139.9 -11876.1 42819.8
3253 -41139.9 -11876.1 42819.8
3254 -41139.9 -11876.1 42819.8
3262 -41139.9 -8907.1 42093.1
3263 -41139.9 -8907.1 42093.1
3264 -41139.9 -8907.1 42093.1
3265 -41139.9 -8907.1 42093.1
3266 -41139.9 -8907.1 42093.1
3267 -41139.9 -8907.1 42093.1
3268 -41139.9 -8907.1 42093.1
3276 -41139.9 -5938.0 41566.2
3277 -41139.9 -5938.0 41566.2
3278 -41139.9 -5938.0 41566.2
3279 -41139.9 -5938.0 41566.2
3280 -41139.9 -5938.0 41566.2
3281 -41139.9 -5938.0 41566.2
3282 -41139.9 -5938.0 41566.2
3332 -41139.9 5938.0 41566.2
3333 -41139.9 5938.0 41566.2
3334 -41139.9 5938.0 41566.2
3335 -41139.9 5938.0 41566.2
3336 -41139.9 5938.0 41566.2
3337 -41139.9 5938.0 41566.2
3338 -41139.9 5938.0 41566.2
3346 -41139.9 8907.1 42093.1
3347 -41139.9 8907.1 42093.1
3348 -41139.9 8907.1 42093.1
3349 -41139.9 8907.1 42093.1
3350 -41139.9 8907.1 42093.1
3351 -41139.9 8907.1 42093.1
3352 -41139.9 8907.1 42093.1
3360 -41139.9 11876.1 42819.8
3361 -41139.9 11876.1 42819.8
3362 -41139.9 11876.1 42819.8
3363 -41139.9 11876.1 42819.8
3364 -41139.9 11876.1 42819.8
3365 -41139.9 11876.1 42819.8
3366 -41139.9 11876.1 42819.8
3367 -40282.8 13360.6 42440.7
3368 -40282.8 13360.6 42440.7
3369 -40282.8 13360.6 42440.7
3370 -40282.8 13360.6 42440.7
3371 -40282.8 13360.6 42440.7
3372 -40282.8 13360.6 42440.7
3373 -40282.8 13360.6 42440.7
3374 -41139.9 14845.1 43736.4
3375 -41139.9 14845.1 43736.4
3376 -41139.9 14845.1 43736.4
3377 -41139.9 14845.1 43736.4
3378 -41139.9 14845.1 43736.4
3379 -41139.9 14845.1 43736.4
3380 -41139.9 14845.1 43736.4
3381 -40282.8 16329.6 43466.8
3382 -40282.8 16329.6 43466.8
3383 -40282.8 16329.6 43466.8
3384 -40282.8 16329.6 43466.8
3385 -40282.8 16329.6 43466.8
3386 -40282.8 16329.6 43466.8
3387 -40282.8 16329.6 43466.8
3402 -41139.9 20783.1 46091.5
3403 -41139.9 20783.1 46091.5
3404 -41139.9 20783.1 46091.5
3405 -41139.9 20783.1 46091.5
3406 -41139.9 20783.1 46091.5
3407 -41139.9 20783.1 46091.5
3408 -41139.9 20783.1 46091.5
3416 -41139.9 23752.1 47504.3
3417 -41139.9 23752.1 47504.3
3418 -41139.9 23752.1 47504.3
3419 -41139.9 23752.1 47504.3
3420 -41139.9 23752.1 47504.3
3421 -41139.9 23752.1 47504.3
3422 -41139.9 23752.1 47504.3
3423 -40282.8 25236.6 47535.2
3424 -40282.8 25236.6 47535.2
3425 -40282.8 25236.6 47535.2
3426 -40282.8 25236.6 47535.2
3427 -40282.8 25236.6 47535.2
3428 -40282.8 25236.6 47535.2
3429 -40282.8 25236.6 47535.2
3444 -41139.9 29690.2 50734.6
3445 -41139.9 29690.2 50734.6
3446 -41139.9 29690.2 50734.6
3447 -41139.9 29690.2 50734.6
3448 -41139.9 29690.2 50734.6
3449 -41139.9 29690.2 50734.6
3450 -41139.9 29690.2 50734.6
3451 -40282.8 31174.7 50936.9
3452 -40282.8 31174.7 50936.9
3453 -40282.8 31174.7 50936.9
3454 -40282.8 31174.7 50936.9
3455 -40282.8 31174.7 50936.9
3456 -40282.8 31174.7 50936.9
3457 -40282.8 31174.7 50936.9
3472 -41139.9 35628.2 54423.0
3473 -41139.9 35628.2 54423.0
3474 -41139.9 35628.2 54423.0
3475 -41139.9 35628.2 54423.0
3476 -41139.9 35628.2 54423.0
3477 -41139.9 35628.2 54423.0
3478 -41139.9 35628.2 54423.0
3479 -40282.8 37112.7 54772.8
3480 -40282.8 37112.7 54772.8
3481 -40282.8 37112.7 54772.8
3482 -40282.8 37112.7 54772.8
3483 -40282.8 37112.7 54772.8
3484 -40282.8 37112.7 54772.8
3485 -40282.8 37112.7 54772.8
3486 -41139.9 38597.2 56411.3
3487 -41139.9 38597.2 56411.3
3488 -41139.9 38597.2 56411.3
3489 -41139.9 38597.2 56411.3
3490 -41139.9 38597.2 56411.3
3491 -41139.9 38597.2 56411.3
3492 -41139.9 38597.2 56411.3
3493 -40282.8 40081.7 56826.5
3494 -40282.8 40081.7 56826.5
3495 -40282.8 40081.7 56826.5
3496 -40282.8 40081.7 56826.5
3497 -40282.8 40081.7 56826.5
3498 -40282.8 40081.7 56826.5
3499 -40282.8 40081.7 56826.5
3514 -38568.7 -46019.8 60044.7
3515 -38568.7 -46019.8 60044.7
3516 -38568.7 -46019.8 60044.7
3517 -38568.7 -46019.8 60044.7
3518 -38568.7 -46019.8 60044.7
3519 -38568.7 -46019.8 60044.7
3520 -38568.7 -46019.8 60044.7
3521 -39425.8 -44535.3 59479.2
3522 -39425.8 -44535.3 59479.2
3523 -39425.8 -44535.3 59479.2
3524 -39425.8 -44535.3 59479.2
3525 -39425.8 -44535.3 59479.2
3526 -39425.8 -44535.3 59479.2
3527 -39425.8 -44535.3 59479.2
3528 -38568.7 -43050.8 57800.6
3529 -38568.7 -43050.8 57800.6
3530 -38568.7 -43050.8 57800.6
3531 -38568.7 -43050.8 57800.6
3532 -38568.7 -43050.8 57800.6
3533 -38568.7 -43050.8 57800.6
3534 -38568.7 -43050.8 57800.6
3535 -39425.8 -41566.2 57290.0
3536 -39425.8 -41566.2 57290.0
3537 -39425.8 -41566.2 57290.0
3538 -39425.8 -41566.2 57290.0
3539 -39425.8 -41566.2 57290.0
3540 -39425.8 -41566.2 57290.0
3541 -39425.8 -41566.2 57290.0
3570 -38568.7 -34143.7 51510.5
3571 -38568.7 -34143.7 51510.5
3572 -38568.7 -34143.7 51510.5
3573 -38568.7 -34143.7 51510.5
3574 -38568.7 -34143.7 51510.5
3575 -38568.7 -34143.7 51510.5
3576 -38568.7 -34143.7 51510.5
3577 -39425.8 -32659.2 51195.8
3578 -39425.8 -32659.2 51195.8
3579 -39425.8 -32659.2 51195.8
3580 -39425.8 -32659.2 51195.8
3581 -39425.8 -32659.2 51195.8
3582 -39425.8 -32659.2 51195.8
3583 -39425.8 -32659.2 51195.8
3598 -38568.7 -28205.7 47781.8
3599 -38568.7 -28205.7 47781.8
3600 -38568.7 -28205.7 47781.8
3601 -38568.7 -28205.7 47781.8
3602 -38568.7 -28205.7 47781.8
3603 -38568.7 -28205.7 47781.8
3604 -38568.7 -28205.7 47781.8
3605 -39425.8 -26721.2 47627.8
3606 -39425.8 -26721.2 47627.8
3607 -39425.8 -26721.2 47627.8
3608 -39425.8 -26721.2 47627.8
3609 -39425.8 -26721.2 47627.8
3610 -39425.8 -26721.2 47627.8
3611 -39425.8 -26721.2 47627.8
3626 -38568.7 -22267.6 44535.3
3627 -38568.7 -22267.6 44535.3
3628 -38568.7 -22267.6 44535.3
3629 -38568.7 -22267.6 44535.3
3630 -38568.7 -22267.6 44535.3
3631 -38568.7 -22267.6 44535.3
3632 -38568.7 -22267.6 44535.3
3640 -38568.7 -19298.6 43127.5
3641 -38568.7 -19298.6 43127.5
3642 -38568.7 -19298.6 43127.5
3643 -38568.7 -19298.6 43127.5
3644 -38568.7 -19298.6 43127.5
3645 -38568.7 -19298.6 43127.5
3646 -38568.7 -19298.6 43127.5
3647 -39425.8 -17814.1 43263.5
3648 -39425.8 -17814.1 43263.5
3649 -39425.8 -17814.1 43263.5
3650 -39425.8 -17814.1 43263.5
3651 -39425.8 -17814.1 43263.5
3652 -39425.8 -17814.1 43263.5
3653 -39425.8 -17814.1 43263.5
3682 -38568.7 -10391.6 39944.0
3683 -38568.7 -10391.6 39944.0
3684 -38568.7 -10391.6 39944.0
3685 -38568.7 -10391.6 39944.0
3686 -38568.7 -10391.6 39944.0
3687 -38568.7 -10391.6 39944.0
3688 -38568.7 -10391.6 39944.0
3696 -38568.7 -7422.5 39276.4
3697 -38568.7 -7422.5 39276.4
3698 -38568.7 -7422.5 39276.4
3699 -38568.7 -7422.5 39276.4
3700 -38568.7 -7422.5 39276.4
3701 -38568.7 -7422.5 39276.4
3702 -38568.7 -7422.5 39276.4
3710 -38568.7 -4453.5 38824.9
3711 -38568.7 -4453.5 38824.9
3712 -38568.7 -4453.5 38824.9
3713 -38568.7 -4453.5 38824.9
3714 -38568.7 -4453.5 38824.9
3715 -38568.7 -4453.5 38824.9
3716 -38568.7 -4453.5 38824.9
3717 -39425.8 -2969.0 39537.4
3718 -39425.8 -2969.0 39537.4
3719 -39425.8 -2969.0 39537.4
3720 -39425.8 -2969.0 39537.4
3721 -39425.8 -2969.0 39537.4
3722 -39425.8 -2969.0 39537.4
3723 -39425.8 -2969.0 39537.4
3724 -38568.7 -1484.5 38597.2
3725 -38568.7 -1484.5 38597.2
3726 -38568.7 -1484.5 38597.2
3727 -38568.7 -1484.5 38597.2
3728 -38568.7 -1484.5 38597.2
3729 -38568.7 -1484.5 38597.2
3730 -38568.7 -1484.5 38597.2
3731 -39425.8 0.0 39425.8
3732 -39425.8 0.0 39425.8
3733 -39425.8 0.0 39425.8
3734 -39425.8 0.0 39425.8
3735 -39425.8 0.0 39425.8
3736 -39425.8 0.0 39425.8
3737 -39425.8 0.0 39425.8
3738 -38568.7 1484.5 38597.2
3739 -38568.7 1484.5 38597.2
3740 -38568.7 1484.5 38597.2
3741 -38568.7 1484.5 38597.2
3742 -38568.7 1484.5 38597.2
3743 -38568.7 1484.5 38597.2
3744 -38568.7 1484.5 38597.2
3745 -39425.8 2969.0 39537.4
3746 -39425.8 2969.0 39537.4
3747 -39425.8 2969.0 39537.4
3748 -39425.8 2969.0 39537.4
3749 -39425.8 2969.0 39537.4
3750 -39425.8 2969.0 39537.4
3751 -39425.8 2969.0 39537.4
3752 -38568.7 4453.5 38824.9
3753 -38568.7 4453.5 38824.9
3754 -38568.7 4453.5 38824.9
3755 -38568.7 4453.5 38824.9
3756 -38568.7 4453.5 38824.9
3757 -38568.7 4453.5 38824.9
3758 -38568.7 4453.5 38824.9
3766 -38568.7 7422.5 39276.4
3767 -38568.7 7422.5 39276.4
3768 -38568.7 7422.5 39276.4
3769 -38568.7 7422.5 39276.4
3770 -38568.7 7422.5 39276.4
3771 -38568.7 7422.5 39276.4
3772 -38568.7 7422.5 39276.4
3780 -38568.7 10391.6 39944.0
3781 -38568.7 10391.6 39944.0
3782 -38568.7 10391.6 39944.0
3783 -38568.7 10391.6 39944.0
3784 -38568.7 10391.6 39944.0
3785 -38568.7 10391.6 39944.0
3786 -38568.7 10391.6 39944.0
3815 -39425.8 17814.1 43263.5
3816 -39425.8 17814.1 43263.5
3817 -39425.8 17814.1 43263.5
3818 -39425.8 17814.1 43263.5
3819 -39425.8 17814.1 43263.5
3820 -39425.8 17814.1 43263.5
3821 -39425.8 17814.1 43263.5
3822 -38568.7 19298.6 43127.5
3823 -38568.7 19298.6 43127.5
3824 -38568.7 19298.6 43127.5
3825 -38568.7 19298.6 43127.5
3826 -38568.7 19298.6 43127.5
3827 -38568.7 19298.6 43127.5
3828 -38568.7 19298.6 43127.5
3836 -38568.7 22267.6 44535.3
3837 -38568.7 22267.6 44535.3
3838 -38568.7 22267.6 44535.3
3839 -38568.7 22267.6 44535.3
3840 -38568.7 22267.6 44535.3
3841 -38568.7 22267.6 44535.3
3842 -38568.7 22267.6 44535.3
3857 -39425.8 26721.2 47627.8
3858 -39425.8 26721.2 47627.8
3859 -39425.8 26721.2 47627.8
3860 -39425.8 26721.2 47627.8
3861 -39425.8 26721.2 47627.8
3862 -39425.8 26721.2 47627.8
3863 -39425.8 26721.2 47627.8
3864 -38568.7 28205.7 47781.8
3865 -38568.7 28205.7 47781.8
3866 -38568.7 28205.7 47781.8
3867 -38568.7 28205.7 47781.8
3868 -38568.7 28205.7 47781.8
3869 -38568.7 28205.7 47781.8
3870 -38568.7 28205.7 47781.8
3885 -39425.8 32659.2 51195.8
3886 -39425.8 32659.2 51195.8
3887 -39425.8 32659.2 51195.8
3888 -39425.8 32659.2 51195.8
3889 -39425.8 32659.2 51195.8
3890 -39425.8 32659.2 51195.8
3891 -39425.8 32659.2 51195.8
3892 -38568.7 34143.7 51510.5
3893 -38568.7 34143.7 51510.5
3894 -38568.7 34143.7 51510.5
3895 -38568.7 34143.7 51510.5
3896 -38568.7 34143.7 51510.5
3897 -38568.7 34143.7 51510.5
3898 -38568.7 34143.7 51510.5
3927 -39425.8 41566.2 57290.0
3928 -39425.8 41566.2 57290.0
3929 -39425.8 41566.2 57290.0
3930 -39425.8 41566.2 57290.0
3931 -39425.8 41566.2 57290.0
3932 -39425.8 41566.2 57290.0
3933 -39425.8 41566.2 57290.0
3934 -38568.7 43050.8 57800.6
3935 -38568.7 43050.8 57800.6
3936 -38568.7 43050.8 57800.6
3937 -38568.7 43050.8 57800.6
3938 -38568.7 43050.8 57800.6
3939 -38568.7 43050.8 57800.6
3940 -38568.7 43050.8 57800.6
3941 -39425.8 44535.3 59479.2
3942 -39425.8 44535.3 59479.2
3943 -39425.8 44535.3 59479.2
3944 -39425.8 44535.3 59479.2
3945 -39425.8 44535.3 59479.2
3946 -39425.8 44535.3 59479.2
3947 -39425.8 44535.3 59479.2
3948 -38568.7 46019.8 60044.7
3949 -38568.7 46019.8 60044.7
3950 -38568.7 46019.8 60044.7
3951 -38568.7 46019.8 60044.7
3952 -38568.7 46019.8 60044.7
3953 -38568.7 46019.8 60044.7
3954 -38568.7 46019.8 60044.7
3983 -36854.5 -40081.7 54450.0
3984 -36854.5 -40081.7 54450.0
3985 -36854.5 -40081.7 54450.0
3986 -36854.5 -40081.7 54450.0
3987 -36854.5 -40081.7 54450.0
3988 -36854.5 -40081.7 54450.0
3989 -36854.5 -40081.7 54450.0
3990 -37711.6 -38597.2 53962.1
3991 -37711.6 -38597.2 53962.1
3992 -37711.6 -38597.2 53962.1
3993 -37711.6 -38597.2 53962.1
3994 -37711.6 -38597.2 53962.1
3995 -37711.6 -38597.2 53962.1
3996 -37711.6 -38597.2 53962.1
3997 -36854.5 -37112.7 52303.0
3998 -36854.5 -37112.7 52303.0
3999 -36854.5 -37112.7 52303.0
4000 -36854.5 -37112.7 52303.0
4001 -36854.5 -37112.7 52303.0
4002 -36854.5 -37112.7 52303.0
4003 -36854.5 -37112.7 52303.0
4004 -37711.6 -35628.2 51880.0
4005 -37711.6 -35628.2 51880.0
4006 -37711.6 -35628.2 51880.0
4007 -37711.6 -35628.2 51880.0
4008 -37711.6 -35628.2 51880.0
4009 -37711.6 -35628.2 51880.0
4010 -37711.6 -35628.2 51880.0
4025 -36854.5 -31174.7 48271.3
4026 -36854.5 -31174.7 48271.3
4027 -36854.5 -31174.7 48271.3
4028 -36854.5 -31174.7 48271.3
4029 -36854.5 -31174.7 48271.3
4030 -36854.5 -31174.7 48271.3
4031 -36854.5 -31174.7 48271.3
4032 -37711.6 -29690.2 47996.6
4033 -37711.6 -29690.2 47996.6
4034 -37711.6 -29690.2 47996.6
4035 -37711.6 -29690.2 47996.6
4036 -37711.6 -29690.2 47996.6
4037 -37711.6 -29690.2 47996.6
4038 -37711.6 -29690.2 47996.6
4053 -36854.5 -25236.6 44667.0
4054 -36854.5 -25236.6 44667.0
4055 -36854.5 -25236.6 44667.0
4056 -36854.5 -25236.6 44667.0
4057 -36854.5 -25236.6 44667.0
4058 -36854.5 -25236.6 44667.0
4059 -36854.5 -25236.6 44667.0
4060 -37711.6 -23752.1 44568.2
4061 -37711.6 -23752.1 44568.2
4062 -37711.6 -23752.1 44568.2
4063 -37711.6 -23752.1 44568.2
4064 -37711.6 -23752.1 44568.2
4065 -37711.6 -23752.1 44568.2
4066 -37711.6 -23752.1 44568.2
4074 -37711.6 -20783.1 43059.3
4075 -37711.6 -20783.1 43059.3
4076 -37711.6 -20783.1 43059.3
4077 -37711.6 -20783.1 43059.3
4078 -37711.6 -20783.1 43059.3
4079 -37711.6 -20783.1 43059.3
4080 -37711.6 -20783.1 43059.3
4095 -36854.5 -16329.6 40310.2
4096 -36854.5 -16329.6 40310.2
4097 -36854.5 -16329.6 40310.2
4098 -36854.5 -16329.6 40310.2
4099 -36854.5 -16329.6 40310.2
4100 -36854.5 -16329.6 40310.2
4101 -36854.5 -16329.6 40310.2
4102 -37711.6 -14845.1 40528.3
4103 -37711.6 -14845.1 40528.3
4104 -37711.6 -14845.1 40528.3
4105 -37711.6 -14845.1 40528.3
4106 -37711.6 -14845.1 40528.3
4107 -37711.6 -14845.1 40528.3
4108 -37711.6 -14845.1 40528.3
4109 -36854.5 -13360.6 39201.5
4110 -36854.5 -13360.6 39201.5
4111 -36854.5 -13360.6 39201.5
4112 -36854.5 -13360.6 39201.5
4113 -36854.5 -13360.6 39201.5
4114 -36854.5 -13360.6 39201.5
4115 -36854.5 -13360.6 39201.5
4116 -37711.6 -11876.1 39537.4
4117 -37711.6 -11876.1 39537.4
4118 -37711.6 -11876.1 39537.4
4119 -37711.6 -11876.1 39537.4
4120 -37711.6 -11876.1 39537.4
4121 -37711.6 -11876.1 39537.4
4122 -37711.6 -11876.1 39537.4
4130 -37711.6 -8907.1 38749.2
4131 -37711.6 -8907.1 38749.2
4132 -37711.6 -8907.1 38749.2
4133 -37711.6 -8907.1 38749.2
4134 -37711.6 -8907.1 38749.2
4135 -37711.6 -8907.1 38749.2
4136 -37711.6 -8907.1 38749.2
4144 -37711.6 -5938.0 38176.2
4145 -37711.6 -5938.0 38176.2
4146 -37711.6 -5938.0 38176.2
4147 -37711.6 -5938.0 38176.2
4148 -37711.6 -5938.0 38176.2
4149 -37711.6 -5938.0 38176.2
4150 -37711.6 -5938.0 38176.2
4200 -37711.6 5938.0 38176.2
4201 -37711.6 5938.0 38176.2
4202 -37711.6 5938.0 38176.2
4203 -37711.6 5938.0 38176.2
4204 -37711.6 5938.0 38176.2
4205 -37711.6 5938.0 38176.2
4206 -37711.6 5938.0 38176.2
4214 -37711.6 8907.1 38749.2
4215 -37711.6 8907.1 38749.2
4216 -37711.6 8907.1 38749.2
4217 -37711.6 8907.1 38749.2
4218 -37711.6 8907.1 38749.2
4219 -37711.6 8907.1 38749.2
4220 -37711.6 8907.1 38749.2
4228 -37711.6 11876.1 39537.4
4229 -37711.6 11876.1 39537.4
4230 -37711.6 11876.1 39537.4
4231 -37711.6 11876.1 39537.4
4232 -37711.6 11876.1 39537.4
4233 -37711.6 11876.1 39537.4
4234 -37711.6 11876.1 39537.4
4235 -36854.5 13360.6 39201.5
4236 -36854.5 13360.6 39201.5
4237 -36854.5 13360.6 39201.5
4238 -36854.5 13360.6 39201.5
4239 -36854.5 13360.6 39201.5
4240 -36854.5 13360.6 39201.5
4241 -36854.5 13360.6 39201.5
4242 -37711.6 14845.1 40528.3
4243 -37711.6 14845.1 40528.3
4244 -37711.6 14845.1 40528.3
4245 -37711.6 14845.1 40528.3
4246 -37711.6 14845.1 40528.3
4247 -37711.6 14845.1 40528.3
4248 -37711.6 14845.1 40528.3
4249 -36854.5 16329.6 40310.2
4250 -36854.5 16329.6 40310.2
4251 -36854.5 16329.6 40310.2
4252 -36854.5 16329.6 40310.2
4253 -36854.5 16329.6 40310.2
4254 -36854.5 16329.6 40310.2
4255 -36854.5 16329.6 40310.2
4270 -37711.6 20783.1 43059.3
4271 -37711.6 20783.1 43059.3
4272 -37711.6 20783.1 43059.3
4273 -37711.6 20783.1 43059.3
4274 -37711.6 20783.1 43059.3
4275 -37711.6 20783.1 43059.3
4276 -37711.6 20783.1 43059.3
4284 -37711.6 23752.1 44568.2
4285 -37711.6 23752.1 44568.2
4286 -37711.6 23752.1 44568.2
4287 -37711.6 23752.1 44568.2
4288 -37711.6 23752.1 44568.2
4289 -37711.6 23752.1 44568.2
4290 -37711.6 23752.1 44568.2
4291 -36854.5 25236.6 44667.0
4292 -36854.5 25236.6 44667.0
4293 -36854.5 25236.6 44667.0
4294 -36854.5 25236.6 44667.0
4295 -36854.5 25236.6 44667.0
4296 -36854.5 25236.6 44667.0
4297 -36854.5 25236.6 44667.0
4312 -37711.6 29690.2 47996.6
4313 -37711.6 29690.2 47996.6
4314 -37711.6 29690.2 47996.6
4315 -37711.6 29690.2 47996.6
4316 -37711.6 29690.2 47996.6
4317 -37711.6 29690.2 47996.6
4318 -37711.6 29690.2 47996.6
4319 -36854.5 31174.7 48271.3
4320 -36854.5 31174.7 48271.3
4321 -36854.5 31174.7 48271.3
4322 -36854.5 31174.7 48271.3
4323 -36854.5 31174.7 48271.3
4324 -36854.5 31174.7 48271.3
4325 -36854.5 31174.7 48271.3
4340 -37711.6 35628.2 51880.0
4341 -37711.6 35628.2 51880.0
4342 -37711.6 35628.2 51880.0
4343 -37711.6 35628.2 51880.0
4344 -37711.6 35628.2 51880.0
4345 -37711.6 35628.2 51880.0
4346 -37711.6 35628.2 51880.0
4347 -36854.5 37112.7 52303.0
4348 -36854.5 37112.7 52303.0
4349 -36854.5 37112.7 52303.0
4350 -36854.5 37112.7 52303.0
4351 -36854.5 37112.7 52303.0
4352 -36854.5 37112.7 52303.0
4353 -36854.5 37112.7 52303.0
4354 -37711.6 38597.2 53962.1
4355 -37711.6 38597.2 53962.1
4356 -37711.6 38597.2 53962.1
4357 -37711.6 38597.2 53962.1
4358 -37711.6 38597.2 53962.1
4359 -37711.6 38597.2 53962.1
4360 -37711.6 38597.2 53962.1
4361 -36854.5 40081.7 54450.0
4362 -36854.5 40081.7 54450.0
4363 -36854.5 40081.7 54450.0
4364 -36854.5 40081.7 54450.0
4365 -36854.5 40081.7 54450.0
4366 -36854.5 40081.7 54450.0
4367 -36854.5 40081.7 54450.0
4396 -35997.4 -47504.3 59602.6
4397 -35997.4 -47504.3 59602.6
4398 -35997.4 -47504.3 59602.6
4399 -35997.4 -47504.3 59602.6
4400 -35997.4 -47504.3 59602.6
4401 -35997.4 -47504.3 59602.6
4402 -35997.4 -47504.3 59602.6
4403 -35140.3 -46019.8 57902.2
4404 -35140.3 -46019.8 57902.2
4405 -35140.3 -46019.8 57902.2
4406 -35140.3 -46019.8 57902.2
4407 -35140.3 -46019.8 57902.2
4408 -35140.3 -46019.8 57902.2
4409 -35140.3 -46019.8 57902.2
4410 -35997.4 -44535.3 57264.3
4411 -35997.4 -44535.3 57264.3
4412 -35997.4 -44535.3 57264.3
4413 -35997.4 -44535.3 57264.3
4414 -35997.4 -44535.3 57264.3
4415 -35997.4 -44535.3 57264.3
4416 -35997.4 -44535.3 57264.3
4417 -35140.3 -43050.8 55571.7
4418 -35140.3 -43050.8 55571.7
4419 -35140.3 -43050.8 55571.7
4420 -35140.3 -43050.8 55571.7
4421 -35140.3 -43050.8 55571.7
4422 -35140.3 -43050.8 55571.7
4423 -35140.3 -43050.8 55571.7
4424 -35997.4 -41566.2 54987.0
4425 -35997.4 -41566.2 54987.0
4426 -35997.4 -41566.2 54987.0
4427 -35997.4 -41566.2 54987.0
4428 -35997.4 -41566.2 54987.0
4429 -35997.4 -41566.2 54987.0
4430 -35997.4 -41566.2 54987.0
4459 -35140.3 -34143.7 48996.3
4460 -35140.3 -34143.7 48996.3
4461 -35140.3 -34143.7 48996.3
4462 -35140.3 -34143.7 48996.3
4463 -35140.3 -34143.7 48996.3
4464 -35140.3 -34143.7 48996.3
4465 -35140.3 -34143.7 48996.3
4466 -35997.4 -32659.2 48604.9
4467 -35997.4 -32659.2 48604.9
4468 -35997.4 -32659.2 48604.9
4469 -35997.4 -32659.2 48604.9
4470 -35997.4 -32659.2 48604.9
4471 -35997.4 -32659.2 48604.9
4472 -35997.4 -32659.2 48604.9
4487 -35140.3 -28205.7 45060.0
4488 -35140.3 -28205.7 45060.0
4489 -35140.3 -28205.7 45060.0
4490 -35140.3 -28205.7 45060.0
4491 -35140.3 -28205.7 45060.0
4492 -35140.3 -28205.7 45060.0
4493 -35140.3 -28205.7 45060.0
4494 -35997.4 -26721.2 44831.2
4495 -35997.4 -26721.2 44831.2
4496 -35997.4 -26721.2 44831.2
4497 -35997.4 -26721.2 44831.2
4498 -35997.4 -26721.2 44831.2
4499 -35997.4 -26721.2 44831.2
4500 -35997.4 -26721.2 44831.2
4515 -35140.3 -22267.6 41601.6
4516 -35140.3 -22267.6 41601.6
4517 -35140.3 -22267.6 41601.6
4518 -35140.3 -22267.6 41601.6
4519 -35140.3 -22267.6 41601.6
4520 -35140.3 -22267.6 41601.6
4521 -35140.3 -22267.6 41601.6
4529 -35140.3 -19298.6 40090.9
4530 -35140.3 -19298.6 40090.9
4531 -35140.3 -19298.6 40090.9
4532 -35140.3 -19298.6 40090.9
4533 -35140.3 -19298.6 40090.9
4534 -35140.3 -19298.6 40090.9
4535 -35140.3 -19298.6 40090.9
4536 -35997.4 -17814.1 40164.1
4537 -35997.4 -17814.1 40164.1
4538 -35997.4 -17814.1 40164.1
4539 -35997.4 -17814.1 40164.1
4540 -35997.4 -17814.1 40164.1
4541 -35997.4 -17814.1 40164.1
4542 -35997.4 -17814.1 40164.1
4571 -35140.3 -10391.6 36644.6
4572 -35140.3 -10391.6 36644.6
4573 -35140.3 -10391.6 36644.6
4574 -35140.3 -10391.6 36644.6
4575 -35140.3 -10391.6 36644.6
4576 -35140.3 -10391.6 36644.6
4577 -35140.3 -10391.6 36644.6
4585 -35140.3 -7422.5 35915.7
4586 -35140.3 -7422.5 35915.7
4587 -35140.3 -7422.5 35915.7
4588 -35140.3 -7422.5 35915.7
4589 -35140.3 -7422.5 35915.7
4590 -35140.3 -7422.5 35915.7
4591 -35140.3 -7422.5 35915.7
4599 -35140.3 -4453.5 35421.4
4600 -35140.3 -4453.5 35421.4
4601 -35140.3 -4453.5 35421.4
4602 -35140.3 -4453.5 35421.4
4603 -35140.3 -4453.5 35421.4
4604 -35140.3 -4453.5 35421.4
4605 -35140.3 -4453.5 35421.4
4606 -35997.4 -2969.0 36119.7
4607 -35997.4 -2969.0 36119.7
4608 -35997.4 -2969.0 36119.7
4609 -35997.4 -2969.0 36119.7
4610 -35997.4 -2969.0 36119.7
4611 -35997.4 -2969.0 36119.7
4612 -35997.4 -2969.0 36119.7
4613 -35140.3 -1484.5 35171.7
4614 -35140.3 -1484.5 35171.7
4615 -35140.3 -1484.5 35171.7
4616 -35140.3 -1484.5 35171.7
4617 -35140.3 -1484.5 35171.7
4618 -35140.3 -1484.5 35171.7
4619 -35140.3 -1484.5 35171.7
4620 -35997.4 0.0 35997.4
4621 -35997.4 0.0 35997.4
4622 -35997.4 0.0 35997.4
4623 -35997.4 0.0 35997.4
4624 -35997.4 0.0 35997.4
4625 -35997.4 0.0 35997.4
4626 -35997.4 0.0 35997.4
4627 -35140.3 1484.5 35171.7
4628 -35140.3 1484.5 35171.7
4629 -35140.3 1484.5 35171.7
4630 -35140.3 1484.5 35171.7
4631 -35140.3 1484.5 35171.7
4632 -35140.3 1484.5 35171.7
4633 -35140.3 1484.5 35171.7
4634 -35997.4 2969.0 36119.7
4635 -35997.4 2969.0 36119.7
4636 -35997.4 2969.0 36119.7
4637 -35997.4 2969.0 36119.7
4638 -35997.4 2969.0 36119.7
4639 -35997.4 2969.0 36119.7
4640 -35997.4 2969.0 36119.7
4641 -35140.3 4453.5 35421.4
4642 -35140.3 4453.5 35421.4
4643 -35140.3 4453.5 35421.4
4644 -35140.3 4453.5 35421.4
4645 -35140.3 4453.5 35421.4
4646 -35140.3 4453.5 35421.4
4647 -35140.3 4453.5 35421.4
4655 -35140.3 7422.5 35915.7
4656 -35140.3 7422.5 35915.7
4657 -35140.3 7422.5 35915.7
4658 -35140.3 7422.5 35915.7
4659 -35140.3 7422.5 35915.7
4660 -35140.3 7422.5 35915.7
4661 -35140.3 7422.5 35915.7
4669 -35140.3 10391.6 36644.6
4670 -35140.3 10391.6 36644.6
4671 -35140.3 10391.6 36644.6
4672 -35140.3 10391.6 36644.6
4673 -35140.3 10391.6 36644.6
4674 -35140.3 10391.6 36644.6
4675 -35140.3 10391.6 36644.6
4704 -35997.4 17814.1 40164.1
4705 -35997.4 17814.1 40164.1
4706 -35997.4 17814.1 40164.1
4707 -35997.4 17814.1 40164.1
4708 -35997.4 17814.1 40164.1
4709 -35997.4 17814.1 40164.1
4710 -35997.4 17814.1 40164.1
4711 -35140.3 19298.6 40090.9
4712 -35140.3 19298.6 40090.9
4713 -35140.3 19298.6 40090.9
4714 -35140.3 19298.6 40090.9
4715 -35140.3 19298.6 40090.9
4716 -35140.3 19298.6 40090.9
4717 -35140.3 19298.6 40090.9
4725 -35140.3 22267.6 41601.6
4726 -35140.3 22267.6 41601.6
4727 -35140.3 22267.6 41601.6
4728 -35140.3 22267.6 41601.6
4729 -35140.3 22267.6 41601.6
4730 -35140.3 22267.6 41601.6
4731 -35140.3 22267.6 41601.6
4746 -35997.4 26721.2 44831.2
4747 -35997.4 26721.2 44831.2
4748 -35997.4 26721.2 44831.2
4749 -35997.4 26721.2 44831.2
4750 -35997.4 26721.2 44831.2
4751 -35997.4 26721.2 44831.2
4752 -35997.4 26721.2 44831.2
4753 -35140.3 28205.7 45060.0
4754 -35140.3 28205.7 45060.0
4755 -35140.3 28205.7 45060.0
4756 -35140.3 28205.7 45060.0
4757 -35140.3 28205.7 45060.0
4758 -35140.3 28205.7 45060.0
4759 -35140.3 28205.7 45060.0
4774 -35997.4 32659.2 48604.9
4775 -35997.4 32659.2 48604.9
4776 -35997.4 32659.2 48604.9
4777 -35997.4 32659.2 48604.9
4778 -35997.4 32659.2 48604.9
4779 -35997.4 32659.2 48604.9
4780 -35997.4 32659.2 48604.9
4781 -35140.3 34143.7 48996.3
4782 -35140.3 34143.7 48996.3
4783 -35140.3 34143.7 48996.3
4784 -35140.3 34143.7 48996.3
4785 -35140.3 34143.7 48996.3
4786 -35140.3 34143.7 48996.3
4787 -35140.3 34143.7 48996.3
4816 -35997.4 41566.2 54987.0
4817 -35997.4 41566.2 54987.0
4818 -35997.4 41566.2 54987.0
4819 -35997.4 41566.2 54987.0
4820 -35997.4 41566.2 54987.0
4821 -35997.4 41566.2 54987.0
4822 -35997.4 41566.2 54987.0
4823 -35140.3 43050.8 55571.7
4824 -35140.3 43050.8 55571.7
4825 -35140.3 43050.8 55571.7
4826 -35140.3 43050.8 55571.7
4827 -35140.3 43050.8 55571.7
4828 -35140.3 43050.8 55571.7
4829 -35140.3 43050.8 55571.7
4830 -35997.4 44535.3 57264.3
4831 -35997.4 44535.3 57264.3
4832 -35997.4 44535.3 57264.3
4833 -35997.4 44535.3 57264.3
4834 -35997.4 44535.3 57264.3
4835 -35997.4 44535.3 57264.3
4836 -35997.4 44535.3 57264.3
4837 -35140.3 46019.8 57902.2
4838 -35140.3 46019.8 57902.2
4839 -35140.3 46019.8 57902.2
4840 -35140.3 46019.8 57902.2
4841 -35140.3 46019.8 57902.2
4842 -35140.3 46019.8 57902.2
4843 -35140.3 46019.8 57902.2
4844 -35997.4 47504.3 59602.6
4845 -35997.4 47504.3 59602.6
4846 -35997.4 47504.3 59602.6
4847 -35997.4 47504.3 59602.6
4848 -35997.4 47504.3 59602.6
4849 -35997.4 47504.3 59602.6
4850 -35997.4 47504.3 59602.6
4851 -33426.2 -48988.8 59306.1
4852 -33426.2 -48988.8 59306.1
4853 -33426.2 -48988.8 59306.1
4854 -33426.2 -48988.8 59306.1
4855 -33426.2 -48988.8 59306.1
4856 -33426.2 -48988.8 59306.1
4857 -33426.2 -48988.8 59306.1
4893 -33426.2 -40081.7 52190.6
4894 -33426.2 -40081.7 52190.6
4895 -33426.2 -40081.7 52190.6
4896 -33426.2 -40081.7 52190.6
4897 -33426.2 -40081.7 52190.6
4898 -33426.2 -40081.7 52190.6
4899 -33426.2 -40081.7 52190.6
4900 -34283.3 -38597.2 51624.5
4901 -34283.3 -38597.2 51624.5
4902 -34283.3 -38597.2 51624.5
4903 -34283.3 -38597.2 51624.5
4904 -34283.3 -38597.2 51624.5
4905 -34283.3 -38597.2 51624.5
4906 -34283.3 -38597.2 51624.5
4907 -33426.2 -37112.7 49946.6
4908 -33426.2 -37112.7 49946.6
4909 -33426.2 -37112.7 49946.6
4910 -33426.2 -37112.7 49946.6
4911 -33426.2 -37112.7 49946.6
4912 -33426.2 -37112.7 49946.6
4913 -33426.2 -37112.7 49946.6
4914 -34283.3 -35628.2 49444.0
4915 -34283.3 -35628.2 49444.0
4916 -34283.3 -35628.2 49444.0
4917 -34283.3 -35628.2 49444.0
4918 -34283.3 -35628.2 49444.0
4919 -34283.3 -35628.2 49444.0
4920 -34283.3 -35628.2 49444.0
4935 -33426.2 -31174.7 45707.4
4936 -33426.2 -31174.7 45707.4
4937 -33426.2 -31174.7 45707.4
4938 -33426.2 -31174.7 45707.4
4939 -33426.2 -31174.7 45707.4
4940 -33426.2 -31174.7 45707.4
4941 -33426.2 -31174.7 45707.4
4942 -34283.3 -29690.2 45352.5
4943 -34283.3 -29690.2 45352.5
4944 -34283.3 -29690.2 45352.5
4945 -34283.3 -29690.2 45352.5
4946 -34283.3 -29690.2 45352.5
4947 -34283.3 -29690.2 45352.5
4948 -34283.3 -29690.2 45352.5
4963 -33426.2 -25236.6 41883.1
4964 -33426.2 -25236.6 41883.1
4965 -33426.2 -25236.6 41883.1
4966 -33426.2 -25236.6 41883.1
4967 -33426.2 -25236.6 41883.1
4968 -33426.2 -25236.6 41883.1
4969 -33426.2 -25236.6 41883.1
4970 -34283.3 -23752.1 41707.4
4971 -34283.3 -23752.1 41707.4
4972 -34283.3 -23752.1 41707.4
4973 -34283.3 -23752.1 41707.4
4974 -34283.3 -23752.1 41707.4
4975 -34283.3 -23752.1 41707.4
4976 -34283.3 -23752.1 41707.4
4984 -34283.3 -20783.1 40090.9
4985 -34283.3 -20783.1 40090.9
4986 -34283.3 -20783.1 40090.9
4987 -34283.3 -20783.1 40090.9
4988 -34283.3 -20783.1 40090.9
4989 -34283.3 -20783.1 40090.9
4990 -34283.3 -20783.1 40090.9
5005 -33426.2 -16329.6 37201.7
5006 -33426.2 -16329.6 37201.7
5007 -33426.2 -16329.6 37201.7
5008 -33426.2 -16329.6 37201.7
5009 -33426.2 -16329.6 37201.7
5010 -33426.2 -16329.6 37201.7
5011 -33426.2 -16329.6 37201.7
5012 -34283.3 -14845.1 37359.3
5013 -34283.3 -14845.1 37359.3
5014 -34283.3 -14845.1 37359.3
5015 -34283.3 -14845.1 37359.3
5016 -34283.3 -14845.1 37359.3
5017 -34283.3 -14845.1 37359.3
5018 -34283.3 -14845.1 37359.3
5019 -33426.2 -13360.6 35997.4
5020 -33426.2 -13360.6 35997.4
5021 -33426.2 -13360.6 35997.4
5022 -33426.2 -13360.6 35997.4
5023 -33426.2 -13360.6 35997.4
5024 -33426.2 -13360.6 35997.4
5025 -33426.2 -13360.6 35997.4
5026 -34283.3 -11876.1 36282.0
5027 -34283.3 -11876.1 36282.0
5028 -34283.3 -11876.1 36282.0
5029 -34283.3 -11876.1 36282.0
5030 -34283.3 -11876.1 36282.0
5031 -34283.3 -11876.1 36282.0
5032 -34283.3 -11876.1 36282.0
5040 -34283.3 -8907.1 35421.4
5041 -34283.3 -8907.1 35421.4
5042 -34283.3 -8907.1 35421.4
5043 -34283.3 -8907.1 35421.4
5044 -34283.3 -8907.1 35421.4
5045 -34283.3 -8907.1 35421.4
5046 -34283.3 -8907.1 35421.4
5054 -34283.3 -5938.0 34793.7
5055 -34283.3 -5938.0 34793.7
5056 -34283.3 -5938.0 34793.7
5057 -34283.3 -5938.0 34793.7
5058 -34283.3 -5938.0 34793.7
5059 -34283.3 -5938.0 34793.7
5060 -34283.3 -5938.0 34793.7
5110 -34283.3 5938.0 34793.7
5111 -34283.3 5938.0 34793.7
5112 -34283.3 5938.0 34793.7
5113 -34283.3 5938.0 34793.7
5114 -34283.3 5938.0 34793.7
5115 -34283.3 5938.0 34793.7
5116 -34283.3 5938.0 34793.7
5124 -34283.3 8907.1 35421.4
5125 -34283.3 8907.1 35421.4
5126 -34283.3 8907.1 35421.4
5127 -34283.3 8907.1 35421.4
5128 -34283.3 8907.1 35421.4
5129 -34283.3 8907.1 35421.4
5130 -34283.3 8907.1 35421.4
5138 -34283.3 11876.1 36282.0
5139 -34283.3 11876.1 36282.0
5140 -34283.3 11876.1 36282.0
5141 -34283.3 11876.1 36282.0
5142 -34283.3 11876.1 36282.0
5143 -34283.3 11876.1 36282.0
5144 -34283.3 11876.1 36282.0
5145 -33426.2 13360.6 35997.4
5146 -33426.2 13360.6 35997.4
5147 -33426.2 13360.6 35997.4
5148 -33426.2 13360.6 35997.4
5149 -33426.2 13360.6 35997.4
5150 -33426.2 13360.6 35997.4
5151 -33426.2 13360.6 35997.4
5152 -34283.3 14845.1 37359.3
5153 -34283.3 14845.1 37359.3
5154 -34283.3 14845.1 37359.3
5155 -34283.3 14845.1 37359.3
5156 -34283.3 14845.1 37359.3
5157 -34283.3 14845.1 37359.3
5158 -34283.3 14845.1 37359.3
5159 -33426.2 16329.6 37201.7
5160 -33426.2 16329.6 37201.7
5161 -33426.2 16329.6 37201.7
5162 -33426.2 16329.6 37201.7
5163 -33426.2 16329.6 37201.7
5164 -33426.2 16329.6 37201.7
5165 -33426.2 16329.6 37201.7
5180 -34283.3 20783.1 40090.9
5181 -34283.3 20783.1 40090.9
5182 -34283.3 20783.1 40090.9
5183 -34283.3 20783.1 40090.9
5184 -34283.3 20783.1 40090.9
5185 -34283.3 20783.1 40090.9
5186 -34283.3 20783.1 40090.9
5194 -34283.3 23752.1 41707.4
5195 -34283.3 23752.1 41707.4
5196 -34283.3 23752.1 41707.4
5197 -34283.3 23752.1 41707.4
5198 -34283.3 23752.1 41707.4
5199 -34283.3 23752.1 41707.4
5200 -34283.3 23752.1 41707.4
5201 -33426.2 25236.6 41883.1
5202 -33426.2 25236.6 41883.1
5203 -33426.2 25236.6 41883.1
5204 -33426.2 25236.6 41883.1
5205 -33426.2 25236.6 41883.1
5206 -33426.2 25236.6 41883.1
5207 -33426.2 25236.6 41883.1
5222 -34283.3 29690.2 45352.5
5223 -34283.3 29690.2 45352.5
5224 -34283.3 29690.2 45352.5
5225 -34283.3 29690.2 45352.5
5226 -34283.3 29690.2 45352.5
5227 -34283.3 29690.2 45352.5
5228 -34283.3 29690.2 45352.5
5229 -33426.2 31174.7 45707.4
5230 -33426.2 31174.7 45707.4
5231 -33426.2 31174.7 45707.4
5232 -33426.2 31174.7 45707.4
5233 -33426.2 31174.7 45707.4
5234 -33426.2 31174.7 45707.4
5235 -33426.2 31174.7 45707.4
5250 -34283.3 35628.2 49444.0
5251 -34283.3 35628.2 49444.0
5252 -34283.3 35628.2 49444.0
5253 -34283.3 35628.2 49444.0
5254 -34283.3 35628.2 49444.0
5255 -34283.3 35628.2 49444.0
5256 -34283.3 35628.2 49444.0
5257 -33426.2 37112.7 49946.6
5258 -33426.2 37112.7 49946.6
5259 -33426.2 37112.7 49946.6
5260 -33426.2 37112.7 49946.6
5261 -33426.2 37112.7 49946.6
5262 -33426.2 37112.7 49946.6
5263 -33426.2 37112.7 49946.6
5264 -34283.3 38597.2 51624.5
5265 -34283.3 38597.2 51624.5
5266 -34283.3 38597.2 51624.5
5267 -34283.3 38597.2 51624.5
5268 -34283.3 38597.2 51624.5
5269 -34283.3 38597.2 51624.5
5270 -34283.3 38597.2 51624.5
5271 -33426.2 40081.7 52190.6
5272 -33426.2 40081.7 52190.6
5273 -33426.2 40081.7 52190.6
5274 -33426.2 40081.7 52190.6
5275 -33426.2 40081.7 52190.6
5276 -33426.2 40081.7 52190.6
5277 -33426.2 40081.7 52190.6
5313 -33426.2 48988.8 59306.1
5314 -33426.2 48988.8 59306.1
5315 -33426.2 48988.8 59306.1
5316 -33426.2 48988.8 59306.1
5317 -33426.2 48988.8 59306.1
5318 -33426.2 48988.8 59306.1
5319 -33426.2 48988.8 59306.1
5320 -32569.1 -50473.3 60069.1
5321 -32569.1 -50473.3 60069.1
5322 -32569.1 -50473.3 60069.1
5323 -32569.1 -50473.3 60069.1
5324 -32569.1 -50473.3 60069.1
5325 -32569.1 -50473.3 60069.1
5326 -32569.1 -50473.3 60069.1
5334 -32569.1 -47504.3 57596.9
5335 -32569.1 -47504.3 57596.9
5336 -32569.1 -47504.3 57596.9
5337 -32569.1 -47504.3 57596.9
5338 -32569.1 -47504.3 57596.9
5339 -32569.1 -47504.3 57596.9
5340 -32569.1 -47504.3 57596.9
5341 -31712.0 -46019.8 55888.0
5342 -31712.0 -46019.8 55888.0
5343 -31712.0 -46019.8 55888.0
5344 -31712.0 -46019.8 55888.0
5345 -31712.0 -46019.8 55888.0
5346 -31712.0 -46019.8 55888.0
5347 -31712.0 -46019.8 55888.0
5348 -32569.1 -44535.3 55173.7
5349 -32569.1 -44535.3 55173.7
5350 -32569.1 -44535.3 55173.7
5351 -32569.1 -44535.3 55173.7
5352 -32569.1 -44535.3 55173.7
5353 -32569.1 -44535.3 55173.7
5354 -32569.1 -44535.3 55173.7
5355 -31712.0 -43050.8 53469.8
5356 -31712.0 -43050.8 53469.8
5357 -31712.0 -43050.8 53469.8
5358 -31712.0 -43050.8 53469.8
5359 -31712.0 -43050.8 53469.8
5360 -31712.0 -43050.8 53469.8
5361 -31712.0 -43050.8 53469.8
5362 -32569.1 -41566.2 52806.2
5363 -32569.1 -41566.2 52806.2
5364 -32569.1 -41566.2 52806.2
5365 -32569.1 -41566.2 52806.2
5366 -32569.1 -41566.2 52806.2
5367 -32569.1 -41566.2 52806.2
5368 -32569.1 -41566.2 52806.2
5397 -31712.0 -34143.7 46598.8
5398 -31712.0 -34143.7 46598.8
5399 -31712.0 -34143.7 46598.8
5400 -31712.0 -34143.7 46598.8
5401 -31712.0 -34143.7 46598.8
5402 -31712.0 -34143.7 46598.8
5403 -31712.0 -34143.7 46598.8
5404 -32569.1 -32659.2 46123.4
5405 -32569.1 -32659.2 46123.4
5406 -32569.1 -32659.2 46123.4
5407 -32569.1 -32659.2 46123.4
5408 -32569.1 -32659.2 46123.4
5409 -32569.1 -32659.2 46123.4
5410 -32569.1 -32659.2 46123.4
5425 -31712.0 -28205.7 42440.7
5426 -31712.0 -28205.7 42440.7
5427 -31712.0 -28205.7 42440.7
5428 -31712.0 -28205.7 42440.7
5429 -31712.0 -28205.7 42440.7
5430 -31712.0 -28205.7 42440.7
5431 -31712.0 -28205.7 42440.7
5432 -32569.1 -26721.2 42128.0
5433 -32569.1 -26721.2 42128.0
5434 -32569.1 -26721.2 42128.0
5435 -32569.1 -26721.2 42128.0
5436 -32569.1 -26721.2 42128.0
5437 -32569.1 -26721.2 42128.0
5438 -32569.1 -26721.2 42128.0
5453 -31712.0 -22267.6 38749.2
5454 -31712.0 -22267.6 38749.2
5455 -31712.0 -22267.6 38749.2
5456 -31712.0 -22267.6 38749.2
5457 -31712.0 -22267.6 38749.2
5458 -31712.0 -22267.6 38749.2
5459 -31712.0 -22267.6 38749.2
5467 -31712.0 -19298.6 37122.6
5468 -31712.0 -19298.6 37122.6
5469 -31712.0 -19298.6 37122.6
5470 -31712.0 -19298.6 37122.6
5471 -31712.0 -19298.6 37122.6
5472 -31712.0 -19298.6 37122.6
5473 -31712.0 -19298.6 37122.6
5474 -32569.1 -17814.1 37122.6
5475 -32569.1 -17814.1 37122.6
5476 -32569.1 -17814.1 37122.6
5477 -32569.1 -17814.1 37122.6
5478 -32569.1 -17814.1 37122.6
5479 -32569.1 -17814.1 37122.6
5480 -32569.1 -17814.1 37122.6
5509 -31712.0 -10391.6 33371.2
5510 -31712.0 -10391.6 33371.2
5511 -31712.0 -10391.6 33371.2
5512 -31712.0 -10391.6 33371.2
5513 -31712.0 -10391.6 33371.2
5514 -31712.0 -10391.6 33371.2
5515 -31712.0 -10391.6 33371.2
5523 -31712.0 -7422.5 32569.1
5524 -31712.0 -7422.5 32569.1
5525 -31712.0 -7422.5 32569.1
5526 -31712.0 -7422.5 32569.1
5527 -31712.0 -7422.5 32569.1
5528 -31712.0 -7422.5 32569.1
5529 -31712.0 -7422.5 32569.1
5537 -31712.0 -4453.5 32023.2
5538 -31712.0 -4453.5 32023.2
5539 -31712.0 -4453.5 32023.2
5540 -31712.0 -4453.5 32023.2
5541 -31712.0 -4453.5 32023.2
5542 -31712.0 -4453.5 32023.2
5543 -31712.0 -4453.5 32023.2
5544 -32569.1 -2969.0 32704.1
5545 -32569.1 -2969.0 32704.1
5546 -32569.1 -2969.0 32704.1
5547 -32569.1 -2969.0 32704.1
5548 -32569.1 -2969.0 32704.1
5549 -32569.1 -2969.0 32704.1
5550 -32569.1 -2969.0 32704.1
5551 -31712.0 -1484.5 31746.7
5552 -31712.0 -1484.5 31746.7
5553 -31712.0 -1484.5 31746.7
5554 -31712.0 -1484.5 31746.7
5555 -31712.0 -1484.5 31746.7
5556 -31712.0 -1484.5 31746.7
5557 -31712.0 -1484.5 31746.7
5558 -32569.1 0.0 32569.1
5559 -32569.1 0.0 32569.1
5560 -32569.1 0.0 32569.1
5561 -32569.1 0.0 32569.1
5562 -32569.1 0.0 32569.1
5563 -32569.1 0.0 32569.1
5564 -32569.1 0.0 32569.1
5565 -31712.0 1484.5 31746.7
5566 -31712.0 1484.5 31746.7
5567 -31712.0 1484.5 31746.7
5568 -31712.0 1484.5 31746.7
5569 -31712.0 1484.5 31746.7
5570 -31712.0 1484.5 31746.7
5571 -31712.0 1484.5 31746.7
5572 -32569.1 2969.0 32704.1
5573 -32569.1 2969.0 32704.1
5574 -32569.1 2969.0 32704.1
5575 -32569.1 2969.0 32704.1
5576 -32569.1 2969.0 32704.1
5577 -32569.1 2969.0 32704.1
5578 -32569.1 2969.0 32704.1
5579 -31712.0 4453.5 32023.2
5580 -31712.0 4453.5 32023.2
5581 -31712.0 4453.5 32023.2
5582 -31712.0 4453.5 32023.2
5583 -31712.0 4453.5 32023.2
5584 -31712.0 4453.5 32023.2
5585 -31712.0 4453.5 32023.2
5593 -31712.0 7422.5 32569.1
5594 -31712.0 7422.5 32569.1
5595 -31712.0 7422.5 32569.1
5596 -31712.0 7422.5 32569.1
5597 -31712.0 7422.5 32569.1
5598 -31712.0 7422.5 32569.1
5599 -31712.0 7422.5 32569.1
5607 -31712.0 10391.6 33371.2
5608 -31712.0 10391.6 33371.2
5609 -31712.0 10391.6 33371.2
5610 -31712.0 10391.6 33371.2
5611 -31712.0 10391.6 33371.2
5612 -31712.0 10391.6 33371.2
5613 -31712.0 10391.6 33371.2
5642 -32569.1 17814.1 37122.6
5643 -32569.1 17814.1 37122.6
5644 -32569.1 17814.1 37122.6
5645 -32569.1 17814.1 37122.6
5646 -32569.1 17814.1 37122.6
5647 -32569.1 17814.1 37122.6
5648 -32569.1 17814.1 37122.6
5649 -31712.0 19298.6 37122.6
5650 -31712.0 19298.6 37122.6
5651 -31712.0 19298.6 37122.6
5652 -31712.0 19298.6 37122.6
5653 -31712.0 19298.6 37122.6
5654 -31712.0 19298.6 37122.6
5655 -31712.0 19298.6 37122.6
5663 -31712.0 22267.6 38749.2
5664 -31712.0 22267.6 38749.2
5665 -31712.0 22267.6 38749.2
5666 -31712.0 22267.6 38749.2
5667 -31712.0 22267.6 38749.2
5668 -31712.0 22267.6 38749.2
5669 -31712.0 22267.6 38749.2
5684 -32569.1 26721.2 42128.0
5685 -32569.1 26721.2 42128.0
5686 -32569.1 26721.2 42128.0
5687 -32569.1 26721.2 42128.0
5688 -32569.1 26721.2 42128.0
5689 -32569.1 26721.2 42128.0
5690 -32569.1 26721.2 42128.0
5691 -31712.0 28205.7 42440.7
5692 -31712.0 28205.7 42440.7
5693 -31712.0 28205.7 42440.7
5694 -31712.0 28205.7 42440.7
5695 -31712.0 28205.7 42440.7
5696 -31712.0 28205.7 42440.7
5697 -31712.0 28205.7 42440.7
5712 -32569.1 32659.2 46123.4
5713 -32569.1 32659.2 46123.4
5714 -32569.1 32659.2 46123.4
5715 -32569.1 32659.2 46123.4
5716 -32569.1 32659.2 46123.4
5717 -32569.1 32659.2 46123.4
5718 -32569.1 32659.2 46123.4
5719 -31712.0 34143.7 46598.8
5720 -31712.0 34143.7 46598.8
5721 -31712.0 34143.7 46598.8
5722 -31712.0 34143.7 46598.8
5723 -31712.0 34143.7 46598.8
5724 -31712.0 34143.7 46598.8
5725 -31712.0 34143.7 46598.8
5754 -32569.1 41566.2 52806.2
5755 -32569.1 41566.2 52806.2
5756 -32569.1 41566.2 52806.2
5757 -32569.1 41566.2 52806.2
5758 -32569.1 41566.2 52806.2
5759 -32569.1 41566.2 52806.2
5760 -32569.1 41566.2 52806.2
5761 -31712.0 43050.8 53469.8
5762 -31712.0 43050.8 53469.8
5763 -31712.0 43050.8 53469.8
5764 -31712.0 43050.8 53469.8
5765 -31712.0 43050.8 53469.8
5766 -31712.0 43050.8 53469.8
5767 -31712.0 43050.8 53469.8
5768 -32569.1 44535.3 55173.7
5769 -32569.1 44535.3 55173.7
5770 -32569.1 44535.3 55173.7
5771 -32569.1 44535.3 55173.7
5772 -32569.1 44535.3 55173.7
5773 -32569.1 44535.3 55173.7
5774 -32569.1 44535.3 55173.7
5775 -31712.0 46019.8 55888.0
5776 -31712.0 46019.8 55888.0
5777 -31712.0 46019.8 55888.0
5778 -31712.0 46019.8 55888.0
5779 -31712.0 46019.8 55888.0
5780 -31712.0 46019.8 55888.0
5781 -31712.0 46019.8 55888.0
5782 -32569.1 47504.3 57596.9
5783 -32569.1 47504.3 57596.9
5784 -32569.1 47504.3 57596.9
5785 -32569.1 47504.3 57596.9
5786 -32569.1 47504.3 57596.9
5787 -32569.1 47504.3 57596.9
5788 -32569.1 47504.3 57596.9
5796 -32569.1 50473.3 60069.1
5797 -32569.1 50473.3 60069.1
5798 -32569.1 50473.3 60069.1
5799 -32569.1 50473.3 60069.1
5800 -32569.1 50473.3 60069.1
5801 -32569.1 50473.3 60069.1
5802 -32569.1 50473.3 60069.1
5803 -29997.9 -51957.8 59995.7
5804 -29997.9 -51957.8 59995.7
5805 -29997.9 -51957.8 59995.7
5806 -29997.9 -51957.8 59995.7
5807 -29997.9 -51957.8 59995.7
5808 -29997.9 -51957.8 59995.7
5809 -29997.9 -51957.8 59995.7
5817 -29997.9 -48988.8 57443.6
5818 -29997.9 -48988.8 57443.6
5819 -29997.9 -48988.8 57443.6
5820 -29997.9 -48988.8 57443.6
5821 -29997.9 -48988.8 57443.6
5822 -29997.9 -48988.8 57443.6
5823 -29997.9 -48988.8 57443.6
5859 -29997.9 -40081.7 50064.1
5860 -29997.9 -40081.7 50064.1
5861 -29997.9 -40081.7 50064.1
5862 -29997.9 -40081.7 50064.1
5863 -29997.9 -40081.7 50064.1
5864 -29997.9 -40081.7 50064.1
5865 -29997.9 -40081.7 50064.1
5866 -30854.9 -38597.2 49414.3
5867 -30854.9 -38597.2 49414.3
5868 -30854.9 -38597.2 49414.3
5869 -30854.9 -38597.2 49414.3
5870 -30854.9 -38597.2 49414.3
5871 -30854.9 -38597.2 49414.3
5872 -30854.9 -38597.2 49414.3
5873 -29997.9 -37112.7 47720.3
5874 -29997.9 -37112.7 47720.3
5875 -29997.9 -37112.7 47720.3
5876 -29997.9 -37112.7 47720.3
5877 -29997.9 -37112.7 47720.3
5878 -29997.9 -37112.7 47720.3
5879 -29997.9 -37112.7 47720.3
5880 -30854.9 -35628.2 47131.7
5881 -30854.9 -35628.2 47131.7
5882 -30854.9 -35628.2 47131.7
5883 -30854.9 -35628.2 47131.7
5884 -30854.9 -35628.2 47131.7
5885 -30854.9 -35628.2 47131.7
5886 -30854.9 -35628.2 47131.7
5901 -29997.9 -31174.7 43263.5
5902 -29997.9 -31174.7 43263.5
5903 -29997.9 -31174.7 43263.5
5904 -29997.9 -31174.7 43263.5
5905 -29997.9 -31174.7 43263.5
5906 -29997.9 -31174.7 43263.5
5907 -29997.9 -31174.7 43263.5
5908 -30854.9 -29690.2 42819.8
5909 -30854.9 -29690.2 42819.8
5910 -30854.9 -29690.2 42819.8
5911 -30854.9 -29690.2 42819.8
5912 -30854.9 -29690.2 42819.8
5913 -30854.9 -29690.2 42819.8
5914 -30854.9 -29690.2 42819.8
5929 -29997.9 -25236.6 39201.5
5930 -29997.9 -25236.6 39201.5
5931 -29997.9 -25236.6 39201.5
5932 -29997.9 -25236.6 39201.5
5933 -29997.9 -25236.6 39201.5
5934 -29997.9 -25236.6 39201.5
5935 -29997.9 -25236.6 39201.5
5936 -30854.9 -23752.1 38938.3
5937 -30854.9 -23752.1 38938.3
5938 -30854.9 -23752.1 38938.3
5939 -30854.9 -23752.1 38938.3
5940 -30854.9 -23752.1 38938.3
5941 -30854.9 -23752.1 38938.3
5942 -30854.9 -23752.1 38938.3
5950 -30854.9 -20783.1 37201.7
5951 -30854.9 -20783.1 37201.7
5952 -30854.9 -20783.1 37201.7
5953 -30854.9 -20783.1 37201.7
5954 -30854.9 -20783.1 37201.7
5955 -30854.9 -20783.1 37201.7
5956 -30854.9 -20783.1 37201.7
5971 -29997.9 -16329.6 34154.5
5972 -29997.9 -16329.6 34154.5
5973 -29997.9 -16329.6 34154.5
5974 -29997.9 -16329.6 34154.5
5975 -29997.9 -16329.6 34154.5
5976 -29997.9 -16329.6 34154.5
5977 -29997.9 -16329.6 34154.5
5978 -30854.9 -14845.1 34240.4
5979 -30854.9 -14845.1 34240.4
5980 -30854.9 -14845.1 34240.4
5981 -30854.9 -14845.1 34240.4
5982 -30854.9 -14845.1 34240.4
5983 -30854.9 -14845.1 34240.4
5984 -30854.9 -14845.1 34240.4
5985 -29997.9 -13360.6 32838.6
5986 -29997.9 -13360.6 32838.6
5987 -29997.9 -13360.6 32838.6
5988 -29997.9 -13360.6 32838.6
5989 -29997.9 -13360.6 32838.6
5990 -29997.9 -13360.6 32838.6
5991 -29997.9 -13360.6 32838.6
5992 -30854.9 -11876.1 33061.6
5993 -30854.9 -11876.1 33061.6
5994 -30854.9 -11876.1 33061.6
5995 -30854.9 -11876.1 33061.6
5996 -30854.9 -11876.1 33061.6
5997 -30854.9 -11876.1 33061.6
5998 -30854.9 -11876.1 33061.6
6006 -30854.9 -8907.1 32114.8
6007 -30854.9 -8907.1 32114.8
6008 -30854.9 -8907.1 32114.8
6009 -30854.9 -8907.1 32114.8
6010 -30854.9 -8907.1 32114.8
6011 -30854.9 -8907.1 32114.8
6012 -30854.9 -8907.1 32114.8
6020 -30854.9 -5938.0 31421.1
6021 -30854.9 -5938.0 31421.1
6022 -30854.9 -5938.0 31421.1
6023 -30854.9 -5938.0 31421.1
6024 -30854.9 -5938.0 31421.1
6025 -30854.9 -5938.0 31421.1
6026 -30854.9 -5938.0 31421.1
6076 -30854.9 5938.0 31421.1
6077 -30854.9 5938.0 31421.1
6078 -30854.9 5938.0 31421.1
6079 -30854.9 5938.0 31421.1
6080 -30854.9 5938.0 31421.1
6081 -30854.9 5938.0 31421.1
6082 -30854.9 5938.0 31421.1
6090 -30854.9 8907.1 32114.8
6091 -30854.9 8907.1 32114.8
6092 -30854.9 8907.1 32114.8
6093 -30854.9 8907.1 32114.8
6094 -30854.9 8907.1 32114.8
6095 -30854.9 8907.1 32114.8
6096 -30854.9 8907.1 32114.8
6104 -30854.9 11876.1 33061.6
6105 -30854.9 11876.1 33061.6
6106 -30854.9 11876.1 33061.6
6107 -30854.9 11876.1 33061.6
6108 -30854.9 11876.1 33061.6
6109 -30854.9 11876.1 33061.6
6110 -30854.9 11876.1 33061.6
6111 -29997.9 13360.6 32838.6
6112 -29997.9 13360.6 32838.6
6113 -29997.9 13360.6 32838.6
6114 -29997.9 13360.6 32838.6
6115 -29997.9 13360.6 32838.6
6116 -29997.9 13360.6 32838.6
6117 -29997.9 13360.6 32838.6
6118 -30854.9 14845.1 34240.4
6119 -30854.9 14845.1 34240.4
6120 -30854.9 14845.1 34240.4
6121 -30854.9 14845.1 34240.4
6122 -30854.9 14845.1 34240.4
6123 -30854.9 14845.1 34240.4
6124 -30854.9 14845.1 34240.4
6125 -29997.9 16329.6 34154.5
6126 -29997.9 16329.6 34154.5
6127 -29997.9 16329.6 34154.5
6128 -29997.9 16329.6 34154.5
6129 -29997.9 16329.6 34154.5
6130 -29997.9 16329.6 34154.5
6131 -29997.9 16329.6 34154.5
6146 -30854.9 20783.1 37201.7
6147 -30854.9 20783.1 37201.7
6148 -30854.9 20783.1 37201.7
6149 -30854.9 20783.1 37201.7
6150 -30854.9 20783.1 37201.7
6151 -30854.9 20783.1 37201.7
6152 -30854.9 20783.1 37201.7
6160 -30854.9 23752.1 38938.3
6161 -30854.9 23752.1 38938.3
6162 -30854.9 23752.1 38938.3
6163 -30854.9 23752.1 38938.3
6164 -30854.9 23752.1 38938.3
6165 -30854.9 23752.1 38938.3
6166 -30854.9 23752.1 38938.3
6167 -29997.9 25236.6 39201.5
6168 -29997.9 25236.6 39201.5
6169 -29997.9 25236.6 39201.5
6170 -29997.9 25236.6 39201.5
6171 -29997.9 25236.6 39201.5
6172 -29997.9 25236.6 39201.5
6173 -29997.9 25236.6 39201.5
6188 -30854.9 29690.2 42819.8
6189 -30854.9 29690.2 42819.8
6190 -30854.9 29690.2 42819.8
6191 -30854.9 29690.2 42819.8
6192 -30854.9 29690.2 42819.8
6193 -30854.9 29690.2 42819.8
6194 -30854.9 29690.2 42819.8
6195 -29997.9 31174.7 43263.5
6196 -29997.9 31174.7 43263.5
6197 -29997.9 31174.7 43263.5
6198 -29997.9 31174.7 43263.5
6199 -29997.9 31174.7 43263.5
6200 -29997.9 31174.7 43263.5
6201 -29997.9 31174.7 43263.5
6216 -30854.9 35628.2 47131.7
6217 -30854.9 35628.2 47131.7
6218 -30854.9 35628.2 47131.7
6219 -30854.9 35628.2 47131.7
6220 -30854.9 35628.2 47131.7
6221 -30854.9 35628.2 47131.7
6222 -30854.9 35628.2 47131.7
6223 -29997.9 37112.7 47720.3
6224 -29997.9 37112.7 47720.3
6225 -29997.9 37112.7 47720.3
6226 -29997.9 37112.7 47720.3
6227 -29997.9 37112.7 47720.3
6228 -29997.9 37112.7 47720.3
6229 -29997.9 37112.7 47720.3
6230 -30854.9 38597.2 49414.3
6231 -30854.9 38597.2 49414.3
6232 -30854.9 38597.2 49414.3
6233 -30854.9 38597.2 49414.3
6234 -30854.9 38597.2 49414.3
6235 -30854.9 38597.2 49414.3
6236 -30854.9 38597.2 49414.3
6237 -29997.9 40081.7 50064.1
6238 -29997.9 40081.7 50064.1
6239 -29997.9 40081.7 50064.1
6240 -29997.9 40081.7 50064.1
6241 -29997.9 40081.7 50064.1
6242 -29997.9 40081.7 50064.1
6243 -29997.9 40081.7 50064.1
6279 -29997.9 48988.8 57443.6
6280 -29997.9 48988.8 57443.6
6281 -29997.9 48988.8 57443.6
6282 -29997.9 48988.8 57443.6
6283 -29997.9 48988.8 57443.6
6284 -29997.9 48988.8 57443.6
6285 -29997.9 48988.8 57443.6
6293 -29997.9 51957.8 59995.7
6294 -29997.9 51957.8 59995.7
6295 -29997.9 51957.8 59995.7
6296 -29997.9 51957.8 59995.7
6297 -29997.9 51957.8 59995.7
6298 -29997.9 51957.8 59995.7
6299 -29997.9 51957.8 59995.7
6307 -29140.8 -50473.3 58281.5
6308 -29140.8 -50473.3 58281.5
6309 -29140.8 -50473.3 58281.5
6310 -29140.8 -50473.3 58281.5
6311 -29140.8 -50473.3 58281.5
6312 -29140.8 -50473.3 58281.5
6313 -29140.8 -50473.3 58281.5
6321 -29140.8 -47504.3 55730.1
6322 -29140.8 -47504.3 55730.1
6323 -29140.8 -47504.3 55730.1
6324 -29140.8 -47504.3 55730.1
6325 -29140.8 -47504.3 55730.1
6326 -29140.8 -47504.3 55730.1
6327 -29140.8 -47504.3 55730.1
6328 -28283.7 -46019.8 54016.5
6329 -28283.7 -46019.8 54016.5
6330 -28283.7 -46019.8 54016.5
6331 -28283.7 -46019.8 54016.5
6332 -28283.7 -46019.8 54016.5
6333 -28283.7 -46019.8 54016.5
6334 -28283.7 -46019.8 54016.5
6335 -29140.8 -44535.3 53221.9
6336 -29140.8 -44535.3 53221.9
6337 -29140.8 -44535.3 53221.9
6338 -29140.8 -44535.3 53221.9
6339 -29140.8 -44535.3 53221.9
6340 -29140.8 -44535.3 53221.9
6341 -29140.8 -44535.3 53221.9
6342 -28283.7 -43050.8 51510.5
6343 -28283.7 -43050.8 51510.5
6344 -28283.7 -43050.8 51510.5
6345 -28283.7 -43050.8 51510.5
6346 -28283.7 -43050.8 51510.5
6347 -28283.7 -43050.8 51510.5
6348 -28283.7 -43050.8 51510.5
6349 -29140.8 -41566.2 50763.5
6350 -29140.8 -41566.2 50763.5
6351 -29140.8 -41566.2 50763.5
6352 -29140.8 -41566.2 50763.5
6353 -29140.8 -41566.2 50763.5
6354 -29140.8 -41566.2 50763.5
6355 -29140.8 -41566.2 50763.5
6384 -28283.7 -34143.7 44336.9
6385 -28283.7 -34143.7 44336.9
6386 -28283.7 -34143.7 44336.9
6387 -28283.7 -34143.7 44336.9
6388 -28283.7 -34143.7 44336.9
6389 -28283.7 -34143.7 44336.9
6390 -28283.7 -34143.7 44336.9
6391 -29140.8 -32659.2 43769.9
6392 -29140.8 -32659.2 43769.9
6393 -29140.8 -32659.2 43769.9
6394 -29140.8 -32659.2 43769.9
6395 -29140.8 -32659.2 43769.9
6396 -29140.8 -32659.2 43769.9
6397 -29140.8 -32659.2 43769.9
6412 -28283.7 -28205.7 39944.0
6413 -28283.7 -28205.7 39944.0
6414 -28283.7 -28205.7 39944.0
6415 -28283.7 -28205.7 39944.0
6416 -28283.7 -28205.7 39944.0
6417 -28283.7 -28205.7 39944.0
6418 -28283.7 -28205.7 39944.0
6419 -29140.8 -26721.2 39537.4
6420 -29140.8 -26721.2 39537.4
6421 -29140.8 -26721.2 39537.4
6422 -29140.8 -26721.2 39537.4
6423 -29140.8 -26721.2 39537.4
6424 -29140.8 -26721.2 39537.4
6425 -29140.8 -26721.2 39537.4
6440 -28283.7 -22267.6 35997.4
6441 -28283.7 -22267.6 35997.4
6442 -28283.7 -22267.6 35997.4
6443 -28283.7 -22267.6 35997.4
6444 -28283.7 -22267.6 35997.4
6445 -28283.7 -22267.6 35997.4
6446 -28283.7 -22267.6 35997.4
6454 -28283.7 -19298.6 34240.4
6455 -28283.7 -19298.6 34240.4
6456 -28283.7 -19298.6 34240.4
6457 -28283.7 -19298.6 34240.4
6458 -28283.7 -19298.6 34240.4
6459 -28283.7 -19298.6 34240.4
6460 -28283.7 -19298.6 34240.4
6461 -29140.8 -17814.1 34154.5
6462 -29140.8 -17814.1 34154.5
6463 -29140.8 -17814.1 34154.5
6464 -29140.8 -17814.1 34154.5
6465 -29140.8 -17814.1 34154.5
6466 -29140.8 -17814.1 34154.5
6467 -29140.8 -17814.1 34154.5
6496 -28283.7 -10391.6 30132.2
6497 -28283.7 -10391.6 30132.2
6498 -28283.7 -10391.6 30132.2
6499 -28283.7 -10391.6 30132.2
6500 -28283.7 -10391.6 30132.2
6501 -28283.7 -10391.6 30132.2
6502 -28283.7 -10391.6 30132.2
6510 -28283.7 -7422.5 29241.4
6511 -28283.7 -7422.5 29241.4
6512 -28283.7 -7422.5 29241.4
6513 -28283.7 -7422.5 29241.4
6514 -28283.7 -7422.5 29241.4
6515 -28283.7 -7422.5 29241.4
6516 -28283.7 -7422.5 29241.4
6524 -28283.7 -4453.5 28632.2
6525 -28283.7 -4453.5 28632.2
6526 -28283.7 -4453.5 28632.2
6527 -28283.7 -4453.5 28632.2
6528 -28283.7 -4453.5 28632.2
6529 -28283.7 -4453.5 28632.2
6530 -28283.7 -4453.5 28632.2
6531 -29140.8 -2969.0 29291.6
6532 -29140.8 -2969.0 29291.6
6533 -29140.8 -2969.0 29291.6
6534 -29140.8 -2969.0 29291.6
6535 -29140.8 -2969.0 29291.6
6536 -29140.8 -2969.0 29291.6
6537 -29140.8 -2969.0 29291.6
6538 -28283.7 -1484.5 28322.6
6539 -28283.7 -1484.5 28322.6
6540 -28283.7 -1484.5 28322.6
6541 -28283.7 -1484.5 28322.6
6542 -28283.7 -1484.5 28322.6
6543 -28283.7 -1484.5 28322.6
6544 -28283.7 -1484.5 28322.6
6545 -29140.8 0.0 29140.8
6546 -29140.8 0.0 29140.8
6547 -29140.8 0.0 29140.8
6548 -29140.8 0.0 29140.8
6549 -29140.8 0.0 29140.8
6550 -29140.8 0.0 29140.8
6551 -29140.8 0.0 29140.8
6552 -28283.7 1484.5 28322.6
6553 -28283.7 1484.5 28322.6
6554 -28283.7 1484.5 28322.6
6555 -28283.7 1484.5 28322.6
6556 -28283.7 1484.5 28322.6
6557 -28283.7 1484.5 28322.6
6558 -28283.7 1484.5 28322.6
6559 -29140.8 2969.0 29291.6
6560 -29140.8 2969.0 29291.6
6561 -29140.8 2969.0 29291.6
6562 -29140.8 2969.0 29291.6
6563 -29140.8 2969.0 29291.6
6564 -29140.8 2969.0 29291.6
6565 -29140.8 2969.0 29291.6
6566 -28283.7 4453.5 28632.2
6567 -28283.7 4453.5 28632.2
6568 -28283.7 4453.5 28632.2
6569 -28283.7 4453.5 28632.2
6570 -28283.7 4453.5 28632.2
6571 -28283.7 4453.5 28632.2
6572 -28283.7 4453.5 28632.2
6580 -28283.7 7422.5 29241.4
6581 -28283.7 7422.5 29241.4
6582 -28283.7 7422.5 29241.4
6583 -28283.7 7422.5 29241.4
6584 -28283.7 7422.5 29241.4
6585 -28283.7 7422.5 29241.4
6586 -28283.7 7422.5 29241.4
6594 -28283.7 10391.6 30132.2
6595 -28283.7 10391.6 30132.2
6596 -28283.7 10391.6 30132.2
6597 -28283.7 10391.6 30132.2
6598 -28283.7 10391.6 30132.2
6599 -28283.7 10391.6 30132.2
6600 -28283.7 10391.6 30132.2
6629 -29140.8 17814.1 34154.5
6630 -29140.8 17814.1 34154.5
6631 -29140.8 17814.1 34154.5
6632 -29140.8 17814.1 34154.5
6633 -29140.8 17814.1 34154.5
6634 -29140.8 17814.1 34154.5
6635 -29140.8 17814.1 34154.5
6636 -28283.7 19298.6 34240.4
6637 -28283.7 19298.6 34240.4
6638 -28283.7 19298.6 34240.4
6639 -28283.7 19298.6 34240.4
6640 -28283.7 19298.6 34240.4
6641 -28283.7 19298.6 34240.4
6642 -28283.7 19298.6 34240.4
6650 -28283.7 22267.6 35997.4
6651 -28283.7 22267.6 35997.4
6652 -28283.7 22267.6 35997.4
6653 -28283.7 22267.6 35997.4
6654 -28283.7 22267.6 35997.4
6655 -28283.7 22267.6 35997.4
6656 -28283.7 22267.6 35997.4
6671 -29140.8 26721.2 39537.4
6672 -29140.8 26721.2 39537.4
6673 -29140.8 26721.2 39537.4
6674 -29140.8 26721.2 39537.4
6675 -29140.8 26721.2 39537.4
6676 -29140.8 26721.2 39537.4
6677 -29140.8 26721.2 39537.4
6678 -28283.7 28205.7 39944.0
6679 -28283.7 28205.7 39944.0
6680 -28283.7 28205.7 39944.0
6681 -28283.7 28205.7 39944.0
6682 -28283.7 28205.7 39944.0
6683 -28283.7 28205.7 39944.0
6684 -28283.7 28205.7 39944.0
6699 -29140.8 32659.2 43769.9
6700 -29140.8 32659.2 43769.9
6701 -29140.8 32659.2 43769.9
6702 -29140.8 32659.2 43769.9
6703 -29140.8 32659.2 43769.9
6704 -29140.8 32659.2 43769.9
6705 -29140.8 32659.2 43769.9
6706 -28283.7 34143.7 44336.9
6707 -28283.7 34143.7 44336.9
6708 -28283.7 34143.7 44336.9
6709 -28283.7 34143.7 44336.9
6710 -28283.7 34143.7 44336.9
6711 -28283.7 34143.7 44336.9
6712 -28283.7 34143.7 44336.9
6741 -29140.8 41566.2 50763.5
6742 -29140.8 41566.2 50763.5
6743 -29140.8 41566.2 50763.5
6744 -29140.8 41566.2 50763.5
6745 -29140.8 41566.2 50763.5
6746 -29140.8 41566.2 50763.5
6747 -29140.8 41566.2 50763.5
6748 -28283.7 43050.8 51510.5
6749 -28283.7 43050.8 51510.5
6750 -28283.7 43050.8 51510.5
6751 -28283.7 43050.8 51510.5
6752 -28283.7 43050.8 51510.5
6753 -28283.7 43050.8 51510.5
6754 -28283.7 43050.8 51510.5
6755 -29140.8 44535.3 53221.9
6756 -29140.8 44535.3 53221.9
6757 -29140.8 44535.3 53221.9
6758 -29140.8 44535.3 53221.9
6759 -29140.8 44535.3 53221.9
6760 -29140.8 44535.3 53221.9
6761 -29140.8 44535.3 53221.9
6762 -28283.7 46019.8 54016.5
6763 -28283.7 46019.8 54016.5
6764 -28283.7 46019.8 54016.5
6765 -28283.7 46019.8 54016.5
6766 -28283.7 46019.8 54016.5
6767 -28283.7 46019.8 54016.5
6768 -28283.7 46019.8 54016.5
6769 -29140.8 47504.3 55730.1
6770 -29140.8 47504.3 55730.1
6771 -29140.8 47504.3 55730.1
6772 -29140.8 47504.3 55730.1
6773 -29140.8 47504.3 55730.1
6774 -29140.8 47504.3 55730.1
6775 -29140.8 47504.3 55730.1
6783 -29140.8 50473.3 58281.5
6784 -29140.8 50473.3 58281.5
6785 -29140.8 50473.3 58281.5
6786 -29140.8 50473.3 58281.5
6787 -29140.8 50473.3 58281.5
6788 -29140.8 50473.3 58281.5
6789 -29140.8 50473.3 58281.5
6797 -27426.6 -53442.3 60069.1
6798 -27426.6 -53442.3 60069.1
6799 -27426.6 -53442.3 60069.1
6800 -27426.6 -53442.3 60069.1
6801 -27426.6 -53442.3 60069.1
6802 -27426.6 -53442.3 60069.1
6803 -27426.6 -53442.3 60069.1
6804 -26569.5 -51957.8 58357.1
6805 -26569.5 -51957.8 58357.1
6806 -26569.5 -51957.8 58357.1
6807 -26569.5 -51957.8 58357.1
6808 -26569.5 -51957.8 58357.1
6809 -26569.5 -51957.8 58357.1
6810 -26569.5 -51957.8 58357.1
6818 -26569.5 -48988.8 55730.1
6819 -26569.5 -48988.8 55730.1
6820 -26569.5 -48988.8 55730.1
6821 -26569.5 -48988.8 55730.1
6822 -26569.5 -48988.8 55730.1
6823 -26569.5 -48988.8 55730.1
6824 -26569.5 -48988.8 55730.1
6860 -26569.5 -40081.7 48088.3
6861 -26569.5 -40081.7 48088.3
6862 -26569.5 -40081.7 48088.3
6863 -26569.5 -40081.7 48088.3
6864 -26569.5 -40081.7 48088.3
6865 -26569.5 -40081.7 48088.3
6866 -26569.5 -40081.7 48088.3
6867 -27426.6 -38597.2 47349.4
6868 -27426.6 -38597.2 47349.4
6869 -27426.6 -38597.2 47349.4
6870 -27426.6 -38597.2 47349.4
6871 -27426.6 -38597.2 47349.4
6872 -27426.6 -38597.2 47349.4
6873 -27426.6 -38597.2 47349.4
6874 -26569.5 -37112.7 45643.1
6875 -26569.5 -37112.7 45643.1
6876 -26569.5 -37112.7 45643.1
6877 -26569.5 -37112.7 45643.1
6878 -26569.5 -37112.7 45643.1
6879 -26569.5 -37112.7 45643.1
6880 -26569.5 -37112.7 45643.1
6881 -27426.6 -35628.2 44962.1
6882 -27426.6 -35628.2 44962.1
6883 -27426.6 -35628.2 44962.1
6884 -27426.6 -35628.2 44962.1
6885 -27426.6 -35628.2 44962.1
6886 -27426.6 -35628.2 44962.1
6887 -27426.6 -35628.2 44962.1
6902 -26569.5 -31174.7 40961.0
6903 -26569.5 -31174.7 40961.0
6904 -26569.5 -31174.7 40961.0
6905 -26569.5 -31174.7 40961.0
6906 -26569.5 -31174.7 40961.0
6907 -26569.5 -31174.7 40961.0
6908 -26569.5 -31174.7 40961.0
6909 -27426.6 -29690.2 40419.4
6910 -27426.6 -29690.2 40419.4
6911 -27426.6 -29690.2 40419.4
6912 -27426.6 -29690.2 40419.4
6913 -27426.6 -29690.2 40419.4
6914 -27426.6 -29690.2 40419.4
6915 -27426.6 -29690.2 40419.4
6930 -26569.5 -25236.6 36644.6
6931 -26569.5 -25236.6 36644.6
6932 -26569.5 -25236.6 36644.6
6933 -26569.5 -25236.6 36644.6
6934 -26569.5 -25236.6 36644.6
6935 -26569.5 -25236.6 36644.6
6936 -26569.5 -25236.6 36644.6
6937 -27426.6 -23752.1 36282.0
6938 -27426.6 -23752.1 36282.0
6939 -27426.6 -23752.1 36282.0
6940 -27426.6 -23752.1 36282.0
6941 -27426.6 -23752.1 36282.0
6942 -27426.6 -23752.1 36282.0
6943 -27426.6 -23752.1 36282.0
6951 -27426.6 -20783.1 34411.6
6952 -27426.6 -20783.1 34411.6
6953 -27426.6 -20783.1 34411.6
6954 -27426.6 -20783.1 34411.6
6955 -27426.6 -20783.1 34411.6
6956 -27426.6 -20783.1 34411.6
6957 -27426.6 -20783.1 34411.6
6972 -26569.5 -16329.6 31186.5
6973 -26569.5 -16329.6 31186.5
6974 -26569.5 -16329.6 31186.5
6975 -26569.5 -16329.6 31186.5
6976 -26569.5 -16329.6 31186.5
6977 -26569.5 -16329.6 31186.5
6978 -26569.5 -16329.6 31186.5
6979 -27426.6 -14845.1 31186.5
6980 -27426.6 -14845.1 31186.5
6981 -27426.6 -14845.1 31186.5
6982 -27426.6 -14845.1 31186.5
6983 -27426.6 -14845.1 31186.5
6984 -27426.6 -14845.1 31186.5
6985 -27426.6 -14845.1 31186.5
6986 -26569.5 -13360.6 29739.6
6987 -26569.5 -13360.6 29739.6
6988 -26569.5 -13360.6 29739.6
6989 -26569.5 -13360.6 29739.6
6990 -26569.5 -13360.6 29739.6
6991 -26569.5 -13360.6 29739.6
6992 -26569.5 -13360.6 29739.6
6993 -27426.6 -11876.1 29887.5
6994 -27426.6 -11876.1 29887.5
6995 -27426.6 -11876.1 29887.5
6996 -27426.6 -11876.1 29887.5
6997 -27426.6 -11876.1 29887.5
6998 -27426.6 -11876.1 29887.5
6999 -27426.6 -11876.1 29887.5
7007 -27426.6 -8907.1 28836.7
7008 -27426.6 -8907.1 28836.7
7009 -27426.6 -8907.1 28836.7
7010 -27426.6 -8907.1 28836.7
7011 -27426.6 -8907.1 28836.7
7012 -27426.6 -8907.1 28836.7
7013 -27426.6 -8907.1 28836.7
7021 -27426.6 -5938.0 28062.1
7022 -27426.6 -5938.0 28062.1
7023 -27426.6 -5938.0 28062.1
7024 -27426.6 -5938.0 28062.1
7025 -27426.6 -5938.0 28062.1
7026 -27426.6 -5938.0 28062.1
7027 -27426.6 -5938.0 28062.1
7077 -27426.6 5938.0 28062.1
7078 -27426.6 5938.0 28062.1
7079 -27426.6 5938.0 28062.1
7080 -27426.6 5938.0 28062.1
7081 -27426.6 5938.0 28062.1
7082 -27426.6 5938.0 28062.1
7083 -27426.6 5938.0 28062.1
7091 -27426.6 8907.1 28836.7
7092 -27426.6 8907.1 28836.7
7093 -27426.6 8907.1 28836.7
7094 -27426.6 8907.1 28836.7
7095 -27426.6 8907.1 28836.7
7096 -27426.6 8907.1 28836.7
7097 -27426.6 8907.1 28836.7
7105 -27426.6 11876.1 29887.5
7106 -27426.6 11876.1 29887.5
7107 -27426.6 11876.1 29887.5
7108 -27426.6 11876.1 29887.5
7109 -27426.6 11876.1 29887.5
7110 -27426.6 11876.1 29887.5
7111 -27426.6 11876.1 29887.5
7112 -26569.5 13360.6 29739.6
7113 -26569.5 13360.6 29739.6
7114 -26569.5 13360.6 29739.6
7115 -26569.5 13360.6 29739.6
7116 -26569.5 13360.6 29739.6
7117 -26569.5 13360.6 29739.6
7118 -26569.5 13360.6 29739.6
7119 -27426.6 14845.1 31186.5
7120 -27426.6 14845.1 31186.5
7121 -27426.6 14845.1 31186.5
7122 -27426.6 14845.1 31186.5
7123 -27426.6 14845.1 31186.5
7124 -27426.6 14845.1 31186.5
7125 -27426.6 14845.1 31186.5
7126 -26569.5 16329.6 31186.5
7127 -26569.5 16329.6 31186.5
7128 -26569.5 16329.6 31186.5
7129 -26569.5 16329.6 31186.5
7130 -26569.5 16329.6 31186.5
7131 -26569.5 16329.6 31186.5
7132 -26569.5 16329.6 31186.5
7147 -27426.6 20783.1 34411.6
7148 -27426.6 20783.1 34411.6
7149 -27426.6 20783.1 34411.6
7150 -27426.6 20783.1 34411.6
7151 -27426.6 20783.1 34411.6
7152 -27426.6 20783.1 34411.6
7153 -27426.6 20783.1 34411.6
7161 -27426.6 23752.1 36282.0
7162 -27426.6 23752.1 36282.0
7163 -27426.6 23752.1 36282.0
7164 -27426.6 23752.1 36282.0
7165 -27426.6 23752.1 36282.0
7166 -27426.6 23752.1 36282.0
7167 -27426.6 23752.1 36282.0
7168 -26569.5 25236.6 36644.6
7169 -26569.5 25236.6 36644.6
7170 -26569.5 25236.6 36644.6
7171 -26569.5 25236.6 36644.6
7172 -26569.5 25236.6 36644.6
7173 -26569.5 25236.6 36644.6
7174 -26569.5 25236.6 36644.6
7189 -27426.6 29690.2 40419.4
7190 -27426.6 29690.2 40419.4
7191 -27426.6 29690.2 40419.4
7192 -27426.6 29690.2 40419.4
7193 -27426.6 29690.2 40419.4
7194 -27426.6 29690.2 40419.4
7195 -27426.6 29690.2 40419.4
7196 -26569.5 31174.7 40961.0
7197 -26569.5 31174.7 40961.0
7198 -26569.5 31174.7 40961.0
7199 -26569.5 31174.7 40961.0
7200 -26569.5 31174.7 40961.0
7201 -26569.5 31174.7 40961.0
7202 -26569.5 31174.7 40961.0
7217 -27426.6 35628.2 44962.1
7218 -27426.6 35628.2 44962.1
7219 -27426.6 35628.2 44962.1
7220 -27426.6 35628.2 44962.1
7221 -27426.6 35628.2 44962.1
7222 -27426.6 35628.2 44962.1
7223 -27426.6 35628.2 44962.1
7224 -26569.5 37112.7 45643.1
7225 -26569.5 37112.7 45643.1
7226 -26569.5 37112.7 45643.1
7227 -26569.5 37112.7 45643.1
7228 -26569.5 37112.7 45643.1
7229 -26569.5 37112.7 45643.1
7230 -26569.5 37112.7 45643.1
7231 -27426.6 38597.2 47349.4
7232 -27426.6 38597.2 47349.4
7233 -27426.6 38597.2 47349.4
7234 -27426.6 38597.2 47349.4
7235 -27426.6 38597.2 47349.4
7236 -27426.6 38597.2 47349.4
7237 -27426.6 38597.2 47349.4
7238 -26569.5 40081.7 48088.3
7239 -26569.5 40081.7 48088.3
7240 -26569.5 40081.7 48088.3
7241 -26569.5 40081.7 48088.3
7242 -26569.5 40081.7 48088.3
7243 -26569.5 40081.7 48088.3
7244 -26569.5 40081.7 48088.3
7280 -26569.5 48988.8 55730.1
7281 -26569.5 48988.8 55730.1
7282 -26569.5 48988.8 55730.1
7283 -26569.5 48988.8 55730.1
7284 -26569.5 48988.8 55730.1
7285 -26569.5 48988.8 55730.1
7286 -26569.5 48988.8 55730.1
7294 -26569.5 51957.8 58357.1
7295 -26569.5 51957.8 58357.1
7296 -26569.5 51957.8 58357.1
7297 -26569.5 51957.8 58357.1
7298 -26569.5 51957.8 58357.1
7299 -26569.5 51957.8 58357.1
7300 -26569.5 51957.8 58357.1
7301 -27426.6 53442.3 60069.1
7302 -27426.6 53442.3 60069.1
7303 -27426.6 53442.3 60069.1
7304 -27426.6 53442.3 60069.1
7305 -27426.6 53442.3 60069.1
7306 -27426.6 53442.3 60069.1
7307 -27426.6 53442.3 60069.1
7322 -25712.4 -50473.3 56645.2
7323 -25712.4 -50473.3 56645.2
7324 -25712.4 -50473.3 56645.2
7325 -25712.4 -50473.3 56645.2
7326 -25712.4 -50473.3 56645.2
7327 -25712.4 -50473.3 56645.2
7328 -25712.4 -50473.3 56645.2
7336 -25712.4 -47504.3 54016.5
7337 -25712.4 -47504.3 54016.5
7338 -25712.4 -47504.3 54016.5
7339 -25712.4 -47504.3 54016.5
7340 -25712.4 -47504.3 54016.5
7341 -25712.4 -47504.3 54016.5
7342 -25712.4 -47504.3 54016.5
7343 -24855.4 -46019.8 52303.0
7344 -24855.4 -46019.8 52303.0
7345 -24855.4 -46019.8 52303.0
7346 -24855.4 -46019.8 52303.0
7347 -24855.4 -46019.8 52303.0
7348 -24855.4 -46019.8 52303.0
7349 -24855.4 -46019.8 52303.0
7350 -25712.4 -44535.3 51424.9
7351 -25712.4 -44535.3 51424.9
7352 -25712.4 -44535.3 51424.9
7353 -25712.4 -44535.3 51424.9
7354 -25712.4 -44535.3 51424.9
7355 -25712.4 -44535.3 51424.9
7356 -25712.4 -44535.3 51424.9
7357 -24855.4 -43050.8 49710.7
7358 -24855.4 -43050.8 49710.7
7359 -24855.4 -43050.8 49710.7
7360 -24855.4 -43050.8 49710.7
7361 -24855.4 -43050.8 49710.7
7362 -24855.4 -43050.8 49710.7
7363 -24855.4 -43050.8 49710.7
7364 -25712.4 -41566.2 48876.2
7365 -25712.4 -41566.2 48876.2
7366 -25712.4 -41566.2 48876.2
7367 -25712.4 -41566.2 48876.2
7368 -25712.4 -41566.2 48876.2
7369 -25712.4 -41566.2 48876.2
7370 -25712.4 -41566.2 48876.2
7399 -24855.4 -34143.7 42232.5
7400 -24855.4 -34143.7 42232.5
7401 -24855.4 -34143.7 42232.5
7402 -24855.4 -34143.7 42232.5
7403 -24855.4 -34143.7 42232.5
7404 -24855.4 -34143.7 42232.5
7405 -24855.4 -34143.7 42232.5
7406 -25712.4 -32659.2 41566.2
7407 -25712.4 -32659.2 41566.2
7408 -25712.4 -32659.2 41566.2
7409 -25712.4 -32659.2 41566.2
7410 -25712.4 -32659.2 41566.2
7411 -25712.4 -32659.2 41566.2
7412 -25712.4 -32659.2 41566.2
7427 -24855.4 -28205.7 37594.5
7428 -24855.4 -28205.7 37594.5
7429 -24855.4 -28205.7 37594.5
7430 -24855.4 -28205.7 37594.5
7431 -24855.4 -28205.7 37594.5
7432 -24855.4 -28205.7 37594.5
7433 -24855.4 -28205.7 37594.5
7434 -25712.4 -26721.2 37083.0
7435 -25712.4 -26721.2 37083.0
7436 -25712.4 -26721.2 37083.0
7437 -25712.4 -26721.2 37083.0
7438 -25712.4 -26721.2 37083.0
7439 -25712.4 -26721.2 37083.0
7440 -25712.4 -26721.2 37083.0
7455 -24855.4 -22267.6 33371.2
7456 -24855.4 -22267.6 33371.2
7457 -24855.4 -22267.6 33371.2
7458 -24855.4 -22267.6 33371.2
7459 -24855.4 -22267.6 33371.2
7460 -24855.4 -22267.6 33371.2
7461 -24855.4 -22267.6 33371.2
7469 -24855.4 -19298.6 31467.9
7470 -24855.4 -19298.6 31467.9
7471 -24855.4 -19298.6 31467.9
7472 -24855.4 -19298.6 31467.9
7473 -24855.4 -19298.6 31467.9
7474 -24855.4 -19298.6 31467.9
7475 -24855.4 -19298.6 31467.9
7476 -25712.4 -17814.1 31280.5
7477 -25712.4 -17814.1 31280.5
7478 -25712.4 -17814.1 31280.5
7479 -25712.4 -17814.1 31280.5
7480 -25712.4 -17814.1 31280.5
7481 -25712.4 -17814.1 31280.5
7482 -25712.4 -17814.1 31280.5
7511 -24855.4 -10391.6 26940.2
7512 -24855.4 -10391.6 26940.2
7513 -24855.4 -10391.6 26940.2
7514 -24855.4 -10391.6 26940.2
7515 -24855.4 -10391.6 26940.2
7516 -24855.4 -10391.6 26940.2
7517 -24855.4 -10391.6 26940.2
7525 -24855.4 -7422.5 25940.0
7526 -24855.4 -7422.5 25940.0
7527 -24855.4 -7422.5 25940.0
7528 -24855.4 -7422.5 25940.0
7529 -24855.4 -7422.5 25940.0
7530 -24855.4 -7422.5 25940.0
7531 -24855.4 -7422.5 25940.0
7539 -24855.4 -4453.5 25251.2
7540 -24855.4 -4453.5 25251.2
7541 -24855.4 -4453.5 25251.2
7542 -24855.4 -4453.5 25251.2
7543 -24855.4 -4453.5 25251.2
7544 -24855.4 -4453.5 25251.2
7545 -24855.4 -4453.5 25251.2
7546 -25712.4 -2969.0 25883.3
7547 -25712.4 -2969.0 25883.3
7548 -25712.4 -2969.0 25883.3
7549 -25712.4 -2969.0 25883.3
7550 -25712.4 -2969.0 25883.3
7551 -25712.4 -2969.0 25883.3
7552 -25712.4 -2969.0 25883.3
7553 -24855.4 -1484.5 24899.7
7554 -24855.4 -1484.5 24899.7
7555 -24855.4 -1484.5 24899.7
7556 -24855.4 -1484.5 24899.7
7557 -24855.4 -1484.5 24899.7
7558 -24855.4 -1484.5 24899.7
7559 -24855.4 -1484.5 24899.7
7560 -25712.4 0.0 25712.4
7561 -25712.4 0.0 25712.4
7562 -25712.4 0.0 25712.4
7563 -25712.4 0.0 25712.4
7564 -25712.4 0.0 25712.4
7565 -25712.4 0.0 25712.4
7566 -25712.4 0.0 25712.4
7567 -24855.4 1484.5 24899.7
7568 -24855.4 1484.5 24899.7
7569 -24855.4 1484.5 24899.7
7570 -24855.4 1484.5 24899.7
7571 -24855.4 1484.5 24899.7
7572 -24855.4 1484.5 24899.7
7573 -24855.4 1484.5 24899.7
7574 -25712.4 2969.0 25883.3
7575 -25712.4 2969.0 25883.3
7576 -25712.4 2969.0 25883.3
7577 -25712.4 2969.0 25883.3
7578 -25712.4 2969.0 25883.3
7579 -25712.4 2969.0 25883.3
7580 -25712.4 2969.0 25883.3
7581 -24855.4 4453.5 25251.2
7582 -24855.4 4453.5 25251.2
7583 -24855.4 4453.5 25251.2
7584 -24855.4 4453.5 25251.2
7585 -24855.4 4453.5 25251.2
7586 -24855.4 4453.5 25251.2
7587 -24855.4 4453.5 25251.2
7595 -24855.4 7422.5 25940.0
7596 -24855.4 7422.5 25940.0
7597 -24855.4 7422.5 25940.0
7598 -24855.4 7422.5 25940.0
7599 -24855.4 7422.5 25940.0
7600 -24855.4 7422.5 25940.0
7601 -24855.4 7422.5 25940.0
7609 -24855.4 10391.6 26940.2
7610 -24855.4 10391.6 26940.2
7611 -24855.4 10391.6 26940.2
7612 -24855.4 10391.6 26940.2
7613 -24855.4 10391.6 26940.2
7614 -24855.4 10391.6 26940.2
7615 -24855.4 10391.6 26940.2
7644 -25712.4 17814.1 31280.5
7645 -25712.4 17814.1 31280.5
7646 -25712.4 17814.1 31280.5
7647 -25712.4 17814.1 31280.5
7648 -25712.4 17814.1 31280.5
7649 -25712.4 17814.1 31280.5
7650 -25712.4 17814.1 31280.5
7651 -24855.4 19298.6 31467.9
7652 -24855.4 19298.6 31467.9
7653 -24855.4 19298.6 31467.9
7654 -24855.4 19298.6 31467.9
7655 -24855.4 19298.6 31467.9
7656 -24855.4 19298.6 31467.9
7657 -24855.4 19298.6 31467.9
7665 -24855.4 22267.6 33371.2
7666 -24855.4 22267.6 33371.2
7667 -24855.4 22267.6 33371.2
7668 -24855.4 22267.6 33371.2
7669 -24855.4 22267.6 33371.2
7670 -24855.4 22267.6 33371.2
7671 -24855.4 22267.6 33371.2
7686 -25712.4 26721.2 37083.0
7687 -25712.4 26721.2 37083.0
7688 -25712.4 26721.2 37083.0
7689 -25712.4 26721.2 37083.0
7690 -25712.4 26721.2 37083.0
7691 -25712.4 26721.2 37083.0
7692 -25712.4 26721.2 37083.0
7693 -24855.4 28205.7 37594.5
7694 -24855.4 28205.7 37594.5
7695 -24855.4 28205.7 37594.5
7696 -24855.4 28205.7 37594.5
7697 -24855.4 28205.7 37594.5
7698 -24855.4 28205.7 37594.5
7699 -24855.4 28205.7 37594.5
7714 -25712.4 32659.2 41566.2
7715 -25712.4 32659.2 41566.2
7716 -25712.4 32659.2 41566.2
7717 -25712.4 32659.2 41566.2
7718 -25712.4 32659.2 41566.2
7719 -25712.4 32659.2 41566.2
7720 -25712.4 32659.2 41566.2
7721 -24855.4 34143.7 42232.5
7722 -24855.4 34143.7 42232.5
7723 -24855.4 34143.7 42232.5
7724 -24855.4 34143.7 42232.5
7725 -24855.4 34143.7 42232.5
7726 -24855.4 34143.7 42232.5
7727 -24855.4 34143.7 42232.5
7756 -25712.4 41566.2 48876.2
7757 -25712.4 41566.2 48876.2
7758 -25712.4 41566.2 48876.2
7759 -25712.4 41566.2 48876.2
7760 -25712.4 41566.2 48876.2
7761 -25712.4 41566.2 48876.2
7762 -25712.4 41566.2 48876.2
7763 -24855.4 43050.8 49710.7
7764 -24855.4 43050.8 49710.7
7765 -24855.4 43050.8 49710.7
7766 -24855.4 43050.8 49710.7
7767 -24855.4 43050.8 49710.7
7768 -24855.4 43050.8 49710.7
7769 -24855.4 43050.8 49710.7
7770 -25712.4 44535.3 51424.9
7771 -25712.4 44535.3 51424.9
7772 -25712.4 44535.3 51424.9
7773 -25712.4 44535.3 51424.9
7774 -25712.4 44535.3 51424.9
7775 -25712.4 44535.3 51424.9
7776 -25712.4 44535.3 51424.9
7777 -24855.4 46019.8 52303.0
7778 -24855.4 46019.8 52303.0
7779 -24855.4 46019.8 52303.0
7780 -24855.4 46019.8 52303.0
7781 -24855.4 46019.8 52303.0
7782 -24855.4 46019.8 52303.0
7783 -24855.4 46019.8 52303.0
7784 -25712.4 47504.3 54016.5
7785 -25712.4 47504.3 54016.5
7786 -25712.4 47504.3 54016.5
7787 -25712.4 47504.3 54016.5
7788 -25712.4 47504.3 54016.5
7789 -25712.4 47504.3 54016.5
7790 -25712.4 47504.3 54016.5
7798 -25712.4 50473.3 56645.2
7799 -25712.4 50473.3 56645.2
7800 -25712.4 50473.3 56645.2
7801 -25712.4 50473.3 56645.2
7802 -25712.4 50473.3 56645.2
7803 -25712.4 50473.3 56645.2
7804 -25712.4 50473.3 56645.2
7819 -23141.2 -54926.8 59602.6
7820 -23141.2 -54926.8 59602.6
7821 -23141.2 -54926.8 59602.6
7822 -23141.2 -54926.8 59602.6
7823 -23141.2 -54926.8 59602.6
7824 -23141.2 -54926.8 59602.6
7825 -23141.2 -54926.8 59602.6
7826 -23998.3 -53442.3 58583.3
7827 -23998.3 -53442.3 58583.3
7828 -23998.3 -53442.3 58583.3
7829 -23998.3 -53442.3 58583.3
7830 -23998.3 -53442.3 58583.3
7831 -23998.3 -53442.3 58583.3
7832 -23998.3 -53442.3 58583.3
7833 -23141.2 -51957.8 56878.2
7834 -23141.2 -51957.8 56878.2
7835 -23141.2 -51957.8 56878.2
7836 -23141.2 -51957.8 56878.2
7837 -23141.2 -51957.8 56878.2
7838 -23141.2 -51957.8 56878.2
7839 -23141.2 -51957.8 56878.2
7847 -23141.2 -48988.8 54179.5
7848 -23141.2 -48988.8 54179.5
7849 -23141.2 -48988.8 54179.5
7850 -23141.2 -48988.8 54179.5
7851 -23141.2 -48988.8 54179.5
7852 -23141.2 -48988.8 54179.5
7853 -23141.2 -48988.8 54179.5
7889 -23141.2 -40081.7 46282.4
7890 -23141.2 -40081.7 46282.4
7891 -23141.2 -40081.7 46282.4
7892 -23141.2 -40081.7 46282.4
7893 -23141.2 -40081.7 46282.4
7894 -23141.2 -40081.7 46282.4
7895 -23141.2 -40081.7 46282.4
7896 -23998.3 -38597.2 45449.6
7897 -23998.3 -38597.2 45449.6
7898 -23998.3 -38597.2 45449.6
7899 -23998.3 -38597.2 45449.6
7900 -23998.3 -38597.2 45449.6
7901 -23998.3 -38597.2 45449.6
7902 -23998.3 -38597.2 45449.6
7903 -23141.2 -37112.7 43736.4
7904 -23141.2 -37112.7 43736.4
7905 -23141.2 -37112.7 43736.4
7906 -23141.2 -37112.7 43736.4
7907 -23141.2 -37112.7 43736.4
7908 -23141.2 -37112.7 43736.4
7909 -23141.2 -37112.7 43736.4
7910 -23998.3 -35628.2 42956.8
7911 -23998.3 -35628.2 42956.8
7912 -23998.3 -35628.2 42956.8
7913 -23998.3 -35628.2 42956.8
7914 -23998.3 -35628.2 42956.8
7915 -23998.3 -35628.2 42956.8
7916 -23998.3 -35628.2 42956.8
7931 -23141.2 -31174.7 38824.9
7932 -23141.2 -31174.7 38824.9
7933 -23141.2 -31174.7 38824.9
7934 -23141.2 -31174.7 38824.9
7935 -23141.2 -31174.7 38824.9
7936 -23141.2 -31174.7 38824.9
7937 -23141.2 -31174.7 38824.9
7938 -23998.3 -29690.2 38176.2
7939 -23998.3 -29690.2 38176.2
7940 -23998.3 -29690.2 38176.2
7941 -23998.3 -29690.2 38176.2
7942 -23998.3 -29690.2 38176.2
7943 -23998.3 -29690.2 38176.2
7944 -23998.3 -29690.2 38176.2
7959 -23141.2 -25236.6 34240.4
7960 -23141.2 -25236.6 34240.4
7961 -23141.2 -25236.6 34240.4
7962 -23141.2 -25236.6 34240.4
7963 -23141.2 -25236.6 34240.4
7964 -23141.2 -25236.6 34240.4
7965 -23141.2 -25236.6 34240.4
7966 -23998.3 -23752.1 33765.1
7967 -23998.3 -23752.1 33765.1
7968 -23998.3 -23752.1 33765.1
7969 -23998.3 -23752.1 33765.1
7970 -23998.3 -23752.1 33765.1
7971 -23998.3 -23752.1 33765.1
7972 -23998.3 -23752.1 33765.1
7980 -23998.3 -20783.1 31746.7
7981 -23998.3 -20783.1 31746.7
7982 -23998.3 -20783.1 31746.7
7983 -23998.3 -20783.1 31746.7
7984 -23998.3 -20783.1 31746.7
7985 -23998.3 -20783.1 31746.7
7986 -23998.3 -20783.1 31746.7
8001 -23141.2 -16329.6 28322.6
8002 -23141.2 -16329.6 28322.6
8003 -23141.2 -16329.6 28322.6
8004 -23141.2 -16329.6 28322.6
8005 -23141.2 -16329.6 28322.6
8006 -23141.2 -16329.6 28322.6
8007 -23141.2 -16329.6 28322.6
8008 -23998.3 -14845.1 28218.7
8009 -23998.3 -14845.1 28218.7
8010 -23998.3 -14845.1 28218.7
8011 -23998.3 -14845.1 28218.7
8012 -23998.3 -14845.1 28218.7
8013 -23998.3 -14845.1 28218.7
8014 -23998.3 -14845.1 28218.7
8015 -23141.2 -13360.6 26721.2
8016 -23141.2 -13360.6 26721.2
8017 -23141.2 -13360.6 26721.2
8018 -23141.2 -13360.6 26721.2
8019 -23141.2 -13360.6 26721.2
8020 -23141.2 -13360.6 26721.2
8021 -23141.2 -13360.6 26721.2
8022 -23998.3 -11876.1 26776.1
8023 -23998.3 -11876.1 26776.1
8024 -23998.3 -11876.1 26776.1
8025 -23998.3 -11876.1 26776.1
8026 -23998.3 -11876.1 26776.1
8027 -23998.3 -11876.1 26776.1
8028 -23998.3 -11876.1 26776.1
8036 -23998.3 -8907.1 25597.9
8037 -23998.3 -8907.1 25597.9
8038 -23998.3 -8907.1 25597.9
8039 -23998.3 -8907.1 25597.9
8040 -23998.3 -8907.1 25597.9
8041 -23998.3 -8907.1 25597.9
8042 -23998.3 -8907.1 25597.9
8050 -23998.3 -5938.0 24722.0
8051 -23998.3 -5938.0 24722.0
8052 -23998.3 -5938.0 24722.0
8053 -23998.3 -5938.0 24722.0
8054 -23998.3 -5938.0 24722.0
8055 -23998.3 -5938.0 24722.0
8056 -23998.3 -5938.0 24722.0
8106 -23998.3 5938.0 24722.0
8107 -23998.3 5938.0 24722.0
8108 -23998.3 5938.0 24722.0
8109 -23998.3 5938.0 24722.0
8110 -23998.3 5938.0 24722.0
8111 -23998.3 5938.0 24722.0
8112 -23998.3 5938.0 24722.0
8120 -23998.3 8907.1 25597.9
8121 -23998.3 8907.1 25597.9
8122 -23998.3 8907.1 25597.9
8123 -23998.3 8907.1 25597.9
8124 -23998.3 8907.1 25597.9
8125 -23998.3 8907.1 25597.9
8126 -23998.3 8907.1 25597.9
8134 -23998.3 11876.1 26776.1
8135 -23998.3 11876.1 26776.1
8136 -23998.3 11876.1 26776.1
8137 -23998.3 11876.1 26776.1
8138 -23998.3 11876.1 26776.1
8139 -23998.3 11876.1 26776.1
8140 -23998.3 11876.1 26776.1
8141 -23141.2 13360.6 26721.2
8142 -23141.2 13360.6 26721.2
8143 -23141.2 13360.6 26721.2
8144 -23141.2 13360.6 26721.2
8145 -23141.2 13360.6 26721.2
8146 -23141.2 13360.6 26721.2
8147 -23141.2 13360.6 26721.2
8148 -23998.3 14845.1 28218.7
8149 -23998.3 14845.1 28218.7
8150 -23998.3 14845.1 28218.7
8151 -23998.3 14845.1 28218.7
8152 -23998.3 14845.1 28218.7
8153 -23998.3 14845.1 28218.7
8154 -23998.3 14845.1 28218.7
8155 -23141.2 16329.6 28322.6
8156 -23141.2 16329.6 28322.6
8157 -23141.2 16329.6 28322.6
8158 -23141.2 16329.6 28322.6
8159 -23141.2 16329.6 28322.6
8160 -23141.2 16329.6 28322.6
8161 -23141.2 16329.6 28322.6
8176 -23998.3 20783.1 31746.7
8177 -23998.3 20783.1 31746.7
8178 -23998.3 20783.1 31746.7
8179 -23998.3 20783.1 31746.7
8180 -23998.3 20783.1 31746.7
8181 -23998.3 20783.1 31746.7
8182 -23998.3 20783.1 31746.7
8190 -23998.3 23752.1 33765.1
8191 -23998.3 23752.1 33765.1
8192 -23998.3 23752.1 33765.1
8193 -23998.3 23752.1 33765.1
8194 -23998.3 23752.1 33765.1
8195 -23998.3 23752.1 33765.1
8196 -23998.3 23752.1 33765.1
8197 -23141.2 25236.6 34240.4
8198 -23141.2 25236.6 34240.4
8199 -23141.2 25236.6 34240.4
8200 -23141.2 25236.6 34240.4
8201 -23141.2 25236.6 34240.4
8202 -23141.2 25236.6 34240.4
8203 -23141.2 25236.6 34240.4
8218 -23998.3 29690.2 38176.2
8219 -23998.3 29690.2 38176.2
8220 -23998.3 29690.2 38176.2
8221 -23998.3 29690.2 38176.2
8222 -23998.3 29690.2 38176.2
8223 -23998.3 29690.2 38176.2
8224 -23998.3 29690.2 38176.2
8225 -23141.2 31174.7 38824.9
8226 -23141.2 31174.7 38824.9
8227 -23141.2 31174.7 38824.9
8228 -23141.2 31174.7 38824.9
8229 -23141.2 31174.7 38824.9
8230 -23141.2 31174.7 38824.9
8231 -23141.2 31174.7 38824.9
8246 -23998.3 35628.2 42956.8
8247 -23998.3 35628.2 42956.8
8248 -23998.3 35628.2 42956.8
8249 -23998.3 35628.2 42956.8
8250 -23998.3 35628.2 42956.8
8251 -23998.3 35628.2 42956.8
8252 -23998.3 35628.2 42956.8
8253 -23141.2 37112.7 43736.4
8254 -23141.2 37112.7 43736.4
8255 -23141.2 37112.7 43736.4
8256 -23141.2 37112.7 43736.4
8257 -23141.2 37112.7 43736.4
8258 -23141.2 37112.7 43736.4
8259 -23141.2 37112.7 43736.4
8260 -23998.3 38597.2 45449.6
8261 -23998.3 38597.2 45449.6
8262 -23998.3 38597.2 45449.6
8263 -23998.3 38597.2 45449.6
8264 -23998.3 38597.2 45449.6
8265 -23998.3 38597.2 45449.6
8266 -23998.3 38597.2 45449.6
8267 -23141.2 40081.7 46282.4
8268 -23141.2 40081.7 46282.4
8269 -23141.2 40081.7 46282.4
8270 -23141.2 40081.7 46282.4
8271 -23141.2 40081.7 46282.4
8272 -23141.2 40081.7 46282.4
8273 -23141.2 40081.7 46282.4
8309 -23141.2 48988.8 54179.5
8310 -23141.2 48988.8 54179.5
8311 -23141.2 48988.8 54179.5
8312 -23141.2 48988.8 54179.5
8313 -23141.2 48988.8 54179.5
8314 -23141.2 48988.8 54179.5
8315 -23141.2 48988.8 54179.5
8323 -23141.2 51957.8 56878.2
8324 -23141.2 51957.8 56878.2
8325 -23141.2 51957.8 56878.2
8326 -23141.2 51957.8 56878.2
8327 -23141.2 51957.8 56878.2
8328 -23141.2 51957.8 56878.2
8329 -23141.2 51957.8 56878.2
8330 -23998.3 53442.3 58583.3
8331 -23998.3 53442.3 58583.3
8332 -23998.3 53442.3 58583.3
8333 -23998.3 53442.3 58583.3
8334 -23998.3 53442.3 58583.3
8335 -23998.3 53442.3 58583.3
8336 -23998.3 53442.3 58583.3
8337 -23141.2 54926.8 59602.6
8338 -23141.2 54926.8 59602.6
8339 -23141.2 54926.8 59602.6
8340 -23141.2 54926.8 59602.6
8341 -23141.2 54926.8 59602.6
8342 -23141.2 54926.8 59602.6
8343 -23141.2 54926.8 59602.6
8365 -22284.1 -50473.3 55173.7
8366 -22284.1 -50473.3 55173.7
8367 -22284.1 -50473.3 55173.7
8368 -22284.1 -50473.3 55173.7
8369 -22284.1 -50473.3 55173.7
8370 -22284.1 -50473.3 55173.7
8371 -22284.1 -50473.3 55173.7
8379 -22284.1 -47504.3 52471.3
8380 -22284.1 -47504.3 52471.3
8381 -22284.1 -47504.3 52471.3
8382 -22284.1 -47504.3 52471.3
8383 -22284.1 -47504.3 52471.3
8384 -22284.1 -47504.3 52471.3
8385 -22284.1 -47504.3 52471.3
8386 -21427.0 -46019.8 50763.5
8387 -21427.0 -46019.8 50763.5
8388 -21427.0 -46019.8 50763.5
8389 -21427.0 -46019.8 50763.5
8390 -21427.0 -46019.8 50763.5
8391 -21427.0 -46019.8 50763.5
8392 -21427.0 -46019.8 50763.5
8393 -22284.1 -44535.3 49799.3
8394 -22284.1 -44535.3 49799.3
8395 -22284.1 -44535.3 49799.3
8396 -22284.1 -44535.3 49799.3
8397 -22284.1 -44535.3 49799.3
8398 -22284.1 -44535.3 49799.3
8399 -22284.1 -44535.3 49799.3
8400 -21427.0 -43050.8 48088.3
8401 -21427.0 -43050.8 48088.3
8402 -21427.0 -43050.8 48088.3
8403 -21427.0 -43050.8 48088.3
8404 -21427.0 -43050.8 48088.3
8405 -21427.0 -43050.8 48088.3
8406 -21427.0 -43050.8 48088.3
8407 -22284.1 -41566.2 47162.9
8408 -22284.1 -41566.2 47162.9
8409 -22284.1 -41566.2 47162.9
8410 -22284.1 -41566.2 47162.9
8411 -22284.1 -41566.2 47162.9
8412 -22284.1 -41566.2 47162.9
8413 -22284.1 -41566.2 47162.9
8442 -21427.0 -34143.7 40310.2
8443 -21427.0 -34143.7 40310.2
8444 -21427.0 -34143.7 40310.2
8445 -21427.0 -34143.7 40310.2
8446 -21427.0 -34143.7 40310.2
8447 -21427.0 -34143.7 40310.2
8448 -21427.0 -34143.7 40310.2
8449 -22284.1 -32659.2 39537.4
8450 -22284.1 -32659.2 39537.4
8451 -22284.1 -32659.2 39537.4
8452 -22284.1 -32659.2 39537.4
8453 -22284.1 -32659.2 39537.4
8454 -22284.1 -32659.2 39537.4
8455 -22284.1 -32659.2 39537.4
8470 -21427.0 -28205.7 35421.4
8471 -21427.0 -28205.7 35421.4
8472 -21427.0 -28205.7 35421.4
8473 -21427.0 -28205.7 35421.4
8474 -21427.0 -28205.7 35421.4
8475 -21427.0 -28205.7 35421.4
8476 -21427.0 -28205.7 35421.4
8477 -22284.1 -26721.2 34793.7
8478 -22284.1 -26721.2 34793.7
8479 -22284.1 -26721.2 34793.7
8480 -22284.1 -26721.2 34793.7
8481 -22284.1 -26721.2 34793.7
8482 -22284.1 -26721.2 34793.7
8483 -22284.1 -26721.2 34793.7
8498 -21427.0 -22267.6 30902.5
8499 -21427.0 -22267.6 30902.5
8500 -21427.0 -22267.6 30902.5
8501 -21427.0 -22267.6 30902.5
8502 -21427.0 -22267.6 30902.5
8503 -21427.0 -22267.6 30902.5
8504 -21427.0 -22267.6 30902.5
8512 -21427.0 -19298.6 28836.7
8513 -21427.0 -19298.6 28836.7
8514 -21427.0 -19298.6 28836.7
8515 -21427.0 -19298.6 28836.7
8516 -21427.0 -19298.6 28836.7
8517 -21427.0 -19298.6 28836.7
8518 -21427.0 -19298.6 28836.7
8519 -22284.1 -17814.1 28529.4
8520 -22284.1 -17814.1 28529.4
8521 -22284.1 -17814.1 28529.4
8522 -22284.1 -17814.1 28529.4
8523 -22284.1 -17814.1 28529.4
8524 -22284.1 -17814.1 28529.4
8525 -22284.1 -17814.1 28529.4
8554 -21427.0 -10391.6 23813.9
8555 -21427.0 -10391.6 23813.9
8556 -21427.0 -10391.6 23813.9
8557 -21427.0 -10391.6 23813.9
8558 -21427.0 -10391.6 23813.9
8559 -21427.0 -10391.6 23813.9
8560 -21427.0 -10391.6 23813.9
8568 -21427.0 -7422.5 22676.2
8569 -21427.0 -7422.5 22676.2
8570 -21427.0 -7422.5 22676.2
8571 -21427.0 -7422.5 22676.2
8572 -21427.0 -7422.5 22676.2
8573 -21427.0 -7422.5 22676.2
8574 -21427.0 -7422.5 22676.2
8582 -21427.0 -4453.5 21885.0
8583 -21427.0 -4453.5 21885.0
8584 -21427.0 -4453.5 21885.0
8585 -21427.0 -4453.5 21885.0
8586 -21427.0 -4453.5 21885.0
8587 -21427.0 -4453.5 21885.0
8588 -21427.0 -4453.5 21885.0
8589 -22284.1 -2969.0 22481.0
8590 -22284.1 -2969.0 22481.0
8591 -22284.1 -2969.0 22481.0
8592 -22284.1 -2969.0 22481.0
8593 -22284.1 -2969.0 22481.0
8594 -22284.1 -2969.0 22481.0
8595 -22284.1 -2969.0 22481.0
8596 -21427.0 -1484.5 21478.4
8597 -21427.0 -1484.5 21478.4
8598 -21427.0 -1484.5 21478.4
8599 -21427.0 -1484.5 21478.4
8600 -21427.0 -1484.5 21478.4
8601 -21427.0 -1484.5 21478.4
8602 -21427.0 -1484.5 21478.4
8603 -22284.1 0.0 22284.1
8604 -22284.1 0.0 22284.1
8605 -22284.1 0.0 22284.1
8606 -22284.1 0.0 22284.1
8607 -22284.1 0.0 22284.1
8608 -22284.1 0.0 22284.1
8609 -22284.1 0.0 22284.1
8610 -21427.0 1484.5 21478.4
8611 -21427.0 1484.5 21478.4
8612 -21427.0 1484.5 21478.4
8613 -21427.0 1484.5 21478.4
8614 -21427.0 1484.5 21478.4
8615 -21427.0 1484.5 21478.4
8616 -21427.0 1484.5 21478.4
8617 -22284.1 2969.0 22481.0
8618 -22284.1 2969.0 22481.0
8619 -22284.1 2969.0 22481.0
8620 -22284.1 2969.0 22481.0
8621 -22284.1 2969.0 22481.0
8622 -22284.1 2969.0 22481.0
8623 -22284.1 2969.0 22481.0
8624 -21427.0 4453.5 21885.0
8625 -21427.0 4453.5 21885.0
8626 -21427.0 4453.5 21885.0
8627 -21427.0 4453.5 21885.0
8628 -21427.0 4453.5 21885.0
8629 -21427.0 4453.5 21885.0
8630 -21427.0 4453.5 21885.0
8638 -21427.0 7422.5 22676.2
8639 -21427.0 7422.5 22676.2
8640 -21427.0 7422.5 22676.2
8641 -21427.0 7422.5 22676.2
8642 -21427.0 7422.5 22676.2
8643 -21427.0 7422.5 22676.2
8644 -21427.0 7422.5 22676.2
8652 -21427.0 10391.6 23813.9
8653 -21427.0 10391.6 23813.9
8654 -21427.0 10391.6 23813.9
8655 -21427.0 10391.6 23813.9
8656 -21427.0 10391.6 23813.9
8657 -21427.0 10391.6 23813.9
8658 -21427.0 10391.6 23813.9
8687 -22284.1 17814.1 28529.4
8688 -22284.1 17814.1 28529.4
8689 -22284.1 17814.1 28529.4
8690 -22284.1 17814.1 28529.4
8691 -22284.1 17814.1 28529.4
8692 -22284.1 17814.1 28529.4
8693 -22284.1 17814.1 28529.4
8694 -21427.0 19298.6 28836.7
8695 -21427.0 19298.6 28836.7
8696 -21427.0 19298.6 28836.7
8697 -21427.0 19298.6 28836.7
8698 -21427.0 19298.6 28836.7
8699 -21427.0 19298.6 28836.7
8700 -21427.0 19298.6 28836.7
8708 -21427.0 22267.6 30902.5
8709 -21427.0 22267.6 30902.5
8710 -21427.0 22267.6 30902.5
8711 -21427.0 22267.6 30902.5
8712 -21427.0 22267.6 30902.5
8713 -21427.0 22267.6 30902.5
8714 -21427.0 22267.6 30902.5
8729 -22284.1 26721.2 34793.7
8730 -22284.1 26721.2 34793.7
8731 -22284.1 26721.2 34793.7
8732 -22284.1 26721.2 34793.7
8733 -22284.1 26721.2 34793.7
8734 -22284.1 26721.2 34793.7
8735 -22284.1 26721.2 34793.7
8736 -21427.0 28205.7 35421.4
8737 -21427.0 28205.7 35421.4
8738 -21427.0 28205.7 35421.4
8739 -21427.0 28205.7 35421.4
8740 -21427.0 28205.7 35421.4
8741 -21427.0 28205.7 35421.4
8742 -21427.0 28205.7 35421.4
8757 -22284.1 32659.2 39537.4
8758 -22284.1 32659.2 39537.4
8759 -22284.1 32659.2 39537.4
8760 -22284.1 32659.2 39537.4
8761 -22284.1 32659.2 39537.4
8762 -22284.1 32659.2 39537.4
8763 -22284.1 32659.2 39537.4
8764 -21427.0 34143.7 40310.2
8765 -21427.0 34143.7 40310.2
8766 -21427.0 34143.7 40310.2
8767 -21427.0 34143.7 40310.2
8768 -21427.0 34143.7 40310.2
8769 -21427.0 34143.7 40310.2
8770 -21427.0 34143.7 40310.2
8799 -22284.1 41566.2 47162.9
8800 -22284.1 41566.2 47162.9
8801 -22284.1 41566.2 47162.9
8802 -22284.1 41566.2 47162.9
8803 -22284.1 41566.2 47162.9
8804 -22284.1 41566.2 47162.9
8805 -22284.1 41566.2 47162.9
8806 -21427.0 43050.8 48088.3
8807 -21427.0 43050.8 48088.3
8808 -21427.0 43050.8 48088.3
8809 -21427.0 43050.8 48088.3
8810 -21427.0 43050.8 48088.3
8811 -21427.0 43050.8 48088.3
8812 -21427.0 43050.8 48088.3
8813 -22284.1 44535.3 49799.3
8814 -22284.1 44535.3 49799.3
8815 -22284.1 44535.3 49799.3
8816 -22284.1 44535.3 49799.3
8817 -22284.1 44535.3 49799.3
8818 -22284.1 44535.3 49799.3
8819 -22284.1 44535.3 49799.3
8820 -21427.0 46019.8 50763.5
8821 -21427.0 46019.8 50763.5
8822 -21427.0 46019.8 50763.5
8823 -21427.0 46019.8 50763.5
8824 -21427.0 46019.8 50763.5
8825 -21427.0 46019.8 50763.5
8826 -21427.0 46019.8 50763.5
8827 -22284.1 47504.3 52471.3
8828 -22284.1 47504.3 52471.3
8829 -22284.1 47504.3 52471.3
8830 -22284.1 47504.3 52471.3
8831 -22284.1 47504.3 52471.3
8832 -22284.1 47504.3 52471.3
8833 -22284.1 47504.3 52471.3
8841 -22284.1 50473.3 55173.7
8842 -22284.1 50473.3 55173.7
8843 -22284.1 50473.3 55173.7
8844 -22284.1 50473.3 55173.7
8845 -22284.1 50473.3 55173.7
8846 -22284.1 50473.3 55173.7
8847 -22284.1 50473.3 55173.7
8869 -20570.0 -56411.3 60044.7
8870 -20570.0 -56411.3 60044.7
8871 -20570.0 -56411.3 60044.7
8872 -20570.0 -56411.3 60044.7
8873 -20570.0 -56411.3 60044.7
8874 -20570.0 -56411.3 60044.7
8875 -20570.0 -56411.3 60044.7
8876 -19712.9 -54926.8 58357.1
8877 -19712.9 -54926.8 58357.1
8878 -19712.9 -54926.8 58357.1
8879 -19712.9 -54926.8 58357.1
8880 -19712.9 -54926.8 58357.1
8881 -19712.9 -54926.8 58357.1
8882 -19712.9 -54926.8 58357.1
8883 -20570.0 -53442.3 57264.3
8884 -20570.0 -53442.3 57264.3
8885 -20570.0 -53442.3 57264.3
8886 -20570.0 -53442.3 57264.3
8887 -20570.0 -53442.3 57264.3
8888 -20570.0 -53442.3 57264.3
8889 -20570.0 -53442.3 57264.3
8890 -19712.9 -51957.8 55571.7
8891 -19712.9 -51957.8 55571.7
8892 -19712.9 -51957.8 55571.7
8893 -19712.9 -51957.8 55571.7
8894 -19712.9 -51957.8 55571.7
8895 -19712.9 -51957.8 55571.7
8896 -19712.9 -51957.8 55571.7
8904 -19712.9 -48988.8 52806.2
8905 -19712.9 -48988.8 52806.2
8906 -19712.9 -48988.8 52806.2
8907 -19712.9 -48988.8 52806.2
8908 -19712.9 -48988.8 52806.2
8909 -19712.9 -48988.8 52806.2
8910 -19712.9 -48988.8 52806.2
8946 -19712.9 -40081.7 44667.0
8947 -19712.9 -40081.7 44667.0
8948 -19712.9 -40081.7 44667.0
8949 -19712.9 -40081.7 44667.0
8950 -19712.9 -40081.7 44667.0
8951 -19712.9 -40081.7 44667.0
8952 -19712.9 -40081.7 44667.0
8953 -20570.0 -38597.2 43736.4
8954 -20570.0 -38597.2 43736.4
8955 -20570.0 -38597.2 43736.4
8956 -20570.0 -38597.2 43736.4
8957 -20570.0 -38597.2 43736.4
8958 -20570.0 -38597.2 43736.4
8959 -20570.0 -38597.2 43736.4
8960 -19712.9 -37112.7 42023.2
8961 -19712.9 -37112.7 42023.2
8962 -19712.9 -37112.7 42023.2
8963 -19712.9 -37112.7 42023.2
8964 -19712.9 -37112.7 42023.2
8965 -19712.9 -37112.7 42023.2
8966 -19712.9 -37112.7 42023.2
8967 -20570.0 -35628.2 41139.9
8968 -20570.0 -35628.2 41139.9
8969 -20570.0 -35628.2 41139.9
8970 -20570.0 -35628.2 41139.9
8971 -20570.0 -35628.2 41139.9
8972 -20570.0 -35628.2 41139.9
8973 -20570.0 -35628.2 41139.9
8988 -19712.9 -31174.7 36884.4
8989 -19712.9 -31174.7 36884.4
8990 -19712.9 -31174.7 36884.4
8991 -19712.9 -31174.7 36884.4
8992 -19712.9 -31174.7 36884.4
8993 -19712.9 -31174.7 36884.4
8994 -19712.9 -31174.7 36884.4
8995 -20570.0 -29690.2 36119.7
8996 -20570.0 -29690.2 36119.7
8997 -20570.0 -29690.2 36119.7
8998 -20570.0 -29690.2 36119.7
8999 -20570.0 -29690.2 36119.7
9000 -20570.0 -29690.2 36119.7
9001 -20570.0 -29690.2 36119.7
9016 -19712.9 -25236.6 32023.2
9017 -19712.9 -25236.6 32023.2
9018 -19712.9 -25236.6 32023.2
9019 -19712.9 -25236.6 32023.2
9020 -19712.9 -25236.6 32023.2
9021 -19712.9 -25236.6 32023.2
9022 -19712.9 -25236.6 32023.2
9023 -20570.0 -23752.1 31421.1
9024 -20570.0 -23752.1 31421.1
9025 -20570.0 -23752.1 31421.1
9026 -20570.0 -23752.1 31421.1
9027 -20570.0 -23752.1 31421.1
9028 -20570.0 -23752.1 31421.1
9029 -20570.0 -23752.1 31421.1
9037 -20570.0 -20783.1 29241.4
9038 -20570.0 -20783.1 29241.4
9039 -20570.0 -20783.1 29241.4
9040 -20570.0 -20783.1 29241.4
9041 -20570.0 -20783.1 29241.4
9042 -20570.0 -20783.1 29241.4
9043 -20570.0 -20783.1 29241.4
9058 -19712.9 -16329.6 25597.9
9059 -19712.9 -16329.6 25597.9
9060 -19712.9 -16329.6 25597.9
9061 -19712.9 -16329.6 25597.9
9062 -19712.9 -16329.6 25597.9
9063 -19712.9 -16329.6 25597.9
9064 -19712.9 -16329.6 25597.9
9065 -20570.0 -14845.1 25367.3
9066 -20570.0 -14845.1 25367.3
9067 -20570.0 -14845.1 25367.3
9068 -20570.0 -14845.1 25367.3
9069 -20570.0 -14845.1 25367.3
9070 -20570.0 -14845.1 25367.3
9071 -20570.0 -14845.1 25367.3
9072 -19712.9 -13360.6 23813.9
9073 -19712.9 -13360.6 23813.9
9074 -19712.9 -13360.6 23813.9
9075 -19712.9 -13360.6 23813.9
9076 -19712.9 -13360.6 23813.9
9077 -19712.9 -13360.6 23813.9
9078 -19712.9 -13360.6 23813.9
9079 -20570.0 -11876.1 23752.1
9080 -20570.0 -11876.1 23752.1
9081 -20570.0 -11876.1 23752.1
9082 -20570.0 -11876.1 23752.1
9083 -20570.0 -11876.1 23752.1
9084 -20570.0 -11876.1 23752.1
9085 -20570.0 -11876.1 23752.1
9093 -20570.0 -8907.1 22415.6
9094 -20570.0 -8907.1 22415.6
9095 -20570.0 -8907.1 22415.6
9096 -20570.0 -8907.1 22415.6
9097 -20570.0 -8907.1 22415.6
9098 -20570.0 -8907.1 22415.6
9099 -20570.0 -8907.1 22415.6
9107 -20570.0 -5938.0 21409.9
9108 -20570.0 -5938.0 21409.9
9109 -20570.0 -5938.0 21409.9
9110 -20570.0 -5938.0 21409.9
9111 -20570.0 -5938.0 21409.9
9112 -20570.0 -5938.0 21409.9
9113 -20570.0 -5938.0 21409.9
9163 -20570.0 5938.0 21409.9
9164 -20570.0 5938.0 21409.9
9165 -20570.0 5938.0 21409.9
9166 -20570.0 5938.0 21409.9
9167 -20570.0 5938.0 21409.9
9168 -20570.0 5938.0 21409.9
9169 -20570.0 5938.0 21409.9
9177 -20570.0 8907.1 22415.6
9178 -20570.0 8907.1 22415.6
9179 -20570.0 8907.1 22415.6
9180 -20570.0 8907.1 22415.6
9181 -20570.0 8907.1 22415.6
9182 -20570.0 8907.1 22415.6
9183 -20570.0 8907.1 22415.6
9191 -20570.0 11876.1 23752.1
9192 -20570.0 11876.1 23752.1
9193 -20570.0 11876.1 23752.1
9194 -20570.0 11876.1 23752.1
9195 -20570.0 11876.1 23752.1
9196 -20570.0 11876.1 23752.1
9197 -20570.0 11876.1 23752.1
9198 -19712.9 13360.6 23813.9
9199 -19712.9 13360.6 23813.9
9200 -19712.9 13360.6 23813.9
9201 -19712.9 13360.6 23813.9
9202 -19712.9 13360.6 23813.9
9203 -19712.9 13360.6 23813.9
9204 -19712.9 13360.6 23813.9
9205 -20570.0 14845.1 25367.3
9206 -20570.0 14845.1 25367.3
9207 -20570.0 14845.1 25367.3
9208 -20570.0 14845.1 25367.3
9209 -20570.0 14845.1 25367.3
9210 -20570.0 14845.1 25367.3
9211 -20570.0 14845.1 25367.3
9212 -19712.9 16329.6 25597.9
9213 -19712.9 16329.6 25597.9
9214 -19712.9 16329.6 25597.9
9215 -19712.9 16329.6 25597.9
9216 -19712.9 16329.6 25597.9
9217 -19712.9 16329.6 25597.9
9218 -19712.9 16329.6 25597.9
9233 -20570.0 20783.1 29241.4
9234 -20570.0 20783.1 29241.4
9235 -20570.0 20783.1 29241.4
9236 -20570.0 20783.1 29241.4
9237 -20570.0 20783.1 29241.4
9238 -20570.0 20783.1 29241.4
9239 -20570.0 20783.1 29241.4
9247 -20570.0 23752.1 31421.1
9248 -20570.0 23752.1 31421.1
9249 -20570.0 23752.1 31421.1
9250 -20570.0 23752.1 31421.1
9251 -20570.0 23752.1 31421.1
9252 -20570.0 23752.1 31421.1
9253 -20570.0 23752.1 31421.1
9254 -19712.9 25236.6 32023.2
9255 -19712.9 25236.6 32023.2
9256 -19712.9 25236.6 32023.2
9257 -19712.9 25236.6 32023.2
9258 -19712.9 25236.6 32023.2
9259 -19712.9 25236.6 32023.2
9260 -19712.9 25236.6 32023.2
9275 -20570.0 29690.2 36119.7
9276 -20570.0 29690.2 36119.7
9277 -20570.0 29690.2 36119.7
9278 -20570.0 29690.2 36119.7
9279 -20570.0 29690.2 36119.7
9280 -20570.0 29690.2 36119.7
9281 -20570.0 29690.2 36119.7
9282 -19712.9 31174.7 36884.4
9283 -19712.9 31174.7 36884.4
9284 -19712.9 31174.7 36884.4
9285 -19712.9 31174.7 36884.4
9286 -19712.9 31174.7 36884.4
9287 -19712.9 31174.7 36884.4
9288 -19712.9 31174.7 36884.4
9303 -20570.0 35628.2 41139.9
9304 -20570.0 35628.2 41139.9
9305 -20570.0 35628.2 41139.9
9306 -20570.0 35628.2 41139.9
9307 -20570.0 35628.2 41139.9
9308 -20570.0 35628.2 41139.9
9309 -20570.0 35628.2 41139.9
9310 -19712.9 37112.7 42023.2
9311 -19712.9 37112.7 42023.2
9312 -19712.9 37112.7 42023.2
9313 -19712.9 37112.7 42023.2
9314 -19712.9 37112.7 42023.2
9315 -19712.9 37112.7 42023.2
9316 -19712.9 37112.7 42023.2
9317 -20570.0 38597.2 43736.4
9318 -20570.0 38597.2 43736.4
9319 -20570.0 38597.2 43736.4
9320 -20570.0 38597.2 43736.4
9321 -20570.0 38597.2 43736.4
9322 -20570.0 38597.2 43736.4
9323 -20570.0 38597.2 43736.4
9324 -19712.9 40081.7 44667.0
9325 -19712.9 40081.7 44667.0
9326 -19712.9 40081.7 44667.0
9327 -19712.9 40081.7 44667.0
9328 -19712.9 40081.7 44667.0
9329 -19712.9 40081.7 44667.0
9330 -19712.9 40081.7 44667.0
9366 -19712.9 48988.8 52806.2
9367 -19712.9 48988.8 52806.2
9368 -19712.9 48988.8 52806.2
9369 -19712.9 48988.8 52806.2
9370 -19712.9 48988.8 52806.2
9371 -19712.9 48988.8 52806.2
9372 -19712.9 48988.8 52806.2
9380 -19712.9 51957.8 55571.7
9381 -19712.9 51957.8 55571.7
9382 -19712.9 51957.8 55571.7
9383 -19712.9 51957.8 55571.7
9384 -19712.9 51957.8 55571.7
9385 -19712.9 51957.8 55571.7
9386 -19712.9 51957.8 55571.7
9387 -20570.0 53442.3 57264.3
9388 -20570.0 53442.3 57264.3
9389 -20570.0 53442.3 57264.3
9390 -20570.0 53442.3 57264.3
9391 -20570.0 53442.3 57264.3
9392 -20570.0 53442.3 57264.3
9393 -20570.0 53442.3 57264.3
9394 -19712.9 54926.8 58357.1
9395 -19712.9 54926.8 58357.1
9396 -19712.9 54926.8 58357.1
9397 -19712.9 54926.8 58357.1
9398 -19712.9 54926.8 58357.1
9399 -19712.9 54926.8 58357.1
9400 -19712.9 54926.8 58357.1
9401 -20570.0 56411.3 60044.7
9402 -20570.0 56411.3 60044.7
9403 -20570.0 56411.3 60044.7
9404 -20570.0 56411.3 60044.7
9405 -20570.0 56411.3 60044.7
9406 -20570.0 56411.3 60044.7
9407 -20570.0 56411.3 60044.7
9436 -18855.8 -50473.3 53880.4
9437 -18855.8 -50473.3 53880.4
9438 -18855.8 -50473.3 53880.4
9439 -18855.8 -50473.3 53880.4
9440 -18855.8 -50473.3 53880.4
9441 -18855.8 -50473.3 53880.4
9442 -18855.8 -50473.3 53880.4
9450 -18855.8 -47504.3 51109.7
9451 -18855.8 -47504.3 51109.7
9452 -18855.8 -47504.3 51109.7
9453 -18855.8 -47504.3 51109.7
9454 -18855.8 -47504.3 51109.7
9455 -18855.8 -47504.3 51109.7
9456 -18855.8 -47504.3 51109.7
9457 -17998.7 -46019.8 49414.3
9458 -17998.7 -46019.8 49414.3
9459 -17998.7 -46019.8 49414.3
9460 -17998.7 -46019.8 49414.3
9461 -17998.7 -46019.8 49414.3
9462 -17998.7 -46019.8 49414.3
9463 -17998.7 -46019.8 49414.3
9464 -18855.8 -44535.3 48362.5
9465 -18855.8 -44535.3 48362.5
9466 -18855.8 -44535.3 48362.5
9467 -18855.8 -44535.3 48362.5
9468 -18855.8 -44535.3 48362.5
9469 -18855.8 -44535.3 48362.5
9470 -18855.8 -44535.3 48362.5
9471 -17998.7 -43050.8 46661.8
9472 -17998.7 -43050.8 46661.8
9473 -17998.7 -43050.8 46661.8
9474 -17998.7 -43050.8 46661.8
9475 -17998.7 -43050.8 46661.8
9476 -17998.7 -43050.8 46661.8
9477 -17998.7 -43050.8 46661.8
9478 -18855.8 -41566.2 45643.1
9479 -18855.8 -41566.2 45643.1
9480 -18855.8 -41566.2 45643.1
9481 -18855.8 -41566.2 45643.1
9482 -18855.8 -41566.2 45643.1
9483 -18855.8 -41566.2 45643.1
9484 -18855.8 -41566.2 45643.1
9513 -17998.7 -34143.7 38597.2
9514 -17998.7 -34143.7 38597.2
9515 -17998.7 -34143.7 38597.2
9516 -17998.7 -34143.7 38597.2
9517 -17998.7 -34143.7 38597.2
9518 -17998.7 -34143.7 38597.2
9519 -17998.7 -34143.7 38597.2
9520 -18855.8 -32659.2 37711.6
9521 -18855.8 -32659.2 37711.6
9522 -18855.8 -32659.2 37711.6
9523 -18855.8 -32659.2 37711.6
9524 -18855.8 -32659.2 37711.6
9525 -18855.8 -32659.2 37711.6
9526 -18855.8 -32659.2 37711.6
9541 -17998.7 -28205.7 33459.1
9542 -17998.7 -28205.7 33459.1
9543 -17998.7 -28205.7 33459.1
9544 -17998.7 -28205.7 33459.1
9545 -17998.7 -28205.7 33459.1
9546 -17998.7 -28205.7 33459.1
9547 -17998.7 -28205.7 33459.1
9548 -18855.8 -26721.2 32704.1
9549 -18855.8 -26721.2 32704.1
9550 -18855.8 -26721.2 32704.1
9551 -18855.8 -26721.2 32704.1
9552 -18855.8 -26721.2 32704.1
9553 -18855.8 -26721.2 32704.1
9554 -18855.8 -26721.2 32704.1
9569 -17998.7 -22267.6 28632.2
9570 -17998.7 -22267.6 28632.2
9571 -17998.7 -22267.6 28632.2
9572 -17998.7 -22267.6 28632.2
9573 -17998.7 -22267.6 28632.2
9574 -17998.7 -22267.6 28632.2
9575 -17998.7 -22267.6 28632.2
9583 -17998.7 -19298.6 26389.2
9584 -17998.7 -19298.6 26389.2
9585 -17998.7 -19298.6 26389.2
9586 -17998.7 -19298.6 26389.2
9587 -17998.7 -19298.6 26389.2
9588 -17998.7 -19298.6 26389.2
9589 -17998.7 -19298.6 26389.2
9590 -18855.8 -17814.1 25940.0
9591 -18855.8 -17814.1 25940.0
9592 -18855.8 -17814.1 25940.0
9593 -18855.8 -17814.1 25940.0
9594 -18855.8 -17814.1 25940.0
9595 -18855.8 -17814.1 25940.0
9596 -18855.8 -17814.1 25940.0
9625 -17998.7 -10391.6 20783.1
9626 -17998.7 -10391.6 20783.1
9627 -17998.7 -10391.6 20783.1
9628 -17998.7 -10391.6 20783.1
9629 -17998.7 -10391.6 20783.1
9630 -17998.7 -10391.6 20783.1
9631 -17998.7 -10391.6 20783.1
9639 -17998.7 -7422.5 19469.1
9640 -17998.7 -7422.5 19469.1
9641 -17998.7 -7422.5 19469.1
9642 -17998.7 -7422.5 19469.1
9643 -17998.7 -7422.5 19469.1
9644 -17998.7 -7422.5 19469.1
9645 -17998.7 -7422.5 19469.1
9653 -17998.7 -4453.5 18541.5
9654 -17998.7 -4453.5 18541.5
9655 -17998.7 -4453.5 18541.5
9656 -17998.7 -4453.5 18541.5
9657 -17998.7 -4453.5 18541.5
9658 -17998.7 -4453.5 18541.5
9659 -17998.7 -4453.5 18541.5
9660 -18855.8 -2969.0 19088.1
9661 -18855.8 -2969.0 19088.1
9662 -18855.8 -2969.0 19088.1
9663 -18855.8 -2969.0 19088.1
9664 -18855.8 -2969.0 19088.1
9665 -18855.8 -2969.0 19088.1
9666 -18855.8 -2969.0 19088.1
9667 -17998.7 -1484.5 18059.8
9668 -17998.7 -1484.5 18059.8
9669 -17998.7 -1484.5 18059.8
9670 -17998.7 -1484.5 18059.8
9671 -17998.7 -1484.5 18059.8
9672 -17998.7 -1484.5 18059.8
9673 -17998.7 -1484.5 18059.8
9674 -18855.8 0.0 18855.8
9675 -18855.8 0.0 18855.8
9676 -18855.8 0.0 18855.8
9677 -18855.8 0.0 18855.8
9678 -18855.8 0.0 18855.8
9679 -18855.8 0.0 18855.8
9680 -18855.8 0.0 18855.8
9681 -17998.7 1484.5 18059.8
9682 -17998.7 1484.5 18059.8
9683 -17998.7 1484.5 18059.8
9684 -17998.7 1484.5 18059.8
9685 -17998.7 1484.5 18059.8
9686 -17998.7 1484.5 18059.8
9687 -17998.7 1484.5 18059.8
9688 -18855.8 2969.0 19088.1
9689 -18855.8 2969.0 19088.1
9690 -18855.8 2969.0 19088.1
9691 -18855.8 2969.0 19088.1
9692 -18855.8 2969.0 19088.1
9693 -18855.8 2969.0 19088.1
9694 -18855.8 2969.0 19088.1
9695 -17998.7 4453.5 18541.5
9696 -17998.7 4453.5 18541.5
9697 -17998.7 4453.5 18541.5
9698 -17998.7 4453.5 18541.5
9699 -17998.7 4453.5 18541.5
9700 -17998.7 4453.5 18541.5
9701 -17998.7 4453.5 18541.5
9709 -17998.7 7422.5 19469.1
9710 -17998.7 7422.5 19469.1
9711 -17998.7 7422.5 19469.1
9712 -17998.7 7422.5 19469.1
9713 -17998.7 7422.5 19469.1
9714 -17998.7 7422.5 19469.1
9715 -17998.7 7422.5 19469.1
9723 -17998.7 10391.6 20783.1
9724 -17998.7 10391.6 20783.1
9725 -17998.7 10391.6 20783.1
9726 -17998.7 10391.6 20783.1
9727 -17998.7 10391.6 20783.1
9728 -17998.7 10391.6 20783.1
9729 -17998.7 10391.6 20783.1
9758 -18855.8 17814.1 25940.0
9759 -18855.8 17814.1 25940.0
9760 -18855.8 17814.1 25940.0
9761 -18855.8 17814.1 25940.0
9762 -18855.8 17814.1 25940.0
9763 -18855.8 17814.1 25940.0
9764 -18855.8 17814.1 25940.0
9765 -17998.7 19298.6 26389.2
9766 -17998.7 19298.6 26389.2
9767 -17998.7 19298.6 26389.2
9768 -17998.7 19298.6 26389.2
9769 -17998.7 19298.6 26389.2
9770 -17998.7 19298.6 26389.2
9771 -17998.7 19298.6 26389.2
9779 -17998.7 22267.6 28632.2
9780 -17998.7 22267.6 28632.2
9781 -17998.7 22267.6 28632.2
9782 -17998.7 22267.6 28632.2
9783 -17998.7 22267.6 28632.2
9784 -17998.7 22267.6 28632.2
9785 -17998.7 22267.6 28632.2
9800 -18855.8 26721.2 32704.1
9801 -18855.8 26721.2 32704.1
9802 -18855.8 26721.2 32704.1
9803 -18855.8 26721.2 32704.1
9804 -18855.8 26721.2 32704.1
9805 -18855.8 26721.2 32704.1
9806 -18855.8 26721.2 32704.1
9807 -17998.7 28205.7 33459.1
9808 -17998.7 28205.7 33459.1
9809 -17998.7 28205.7 33459.1
9810 -17998.7 28205.7 33459.1
9811 -17998.7 28205.7 33459.1
9812 -17998.7 28205.7 33459.1
9813 -17998.7 28205.7 33459.1
9828 -18855.8 32659.2 37711.6
9829 -18855.8 32659.2 37711.6
9830 -18855.8 32659.2 37711.6
9831 -18855.8 32659.2 37711.6
9832 -18855.8 32659.2 37711.6
9833 -18855.8 32659.2 37711.6
9834 -18855.8 32659.2 37711.6
9835 -17998.7 34143.7 38597.2
9836 -17998.7 34143.7 38597.2
9837 -17998.7 34143.7 38597.2
9838 -17998.7 34143.7 38597.2
9839 -17998.7 34143.7 38597.2
9840 -17998.7 34143.7 38597.2
9841 -17998.7 34143.7 38597.2
9870 -18855.8 41566.2 45643.1
9871 -18855.8 41566.2 45643.1
9872 -18855.8 41566.2 45643.1
9873 -18855.8 41566.2 45643.1
9874 -18855.8 41566.2 45643.1
9875 -18855.8 41566.2 45643.1
9876 -18855.8 41566.2 45643.1
9877 -17998.7 43050.8 46661.8
9878 -17998.7 43050.8 46661.8
9879 -17998.7 43050.8 46661.8
9880 -17998.7 43050.8 46661.8
9881 -17998.7 43050.8 46661.8
9882 -17998.7 43050.8 46661.8
9883 -17998.7 43050.8 46661.8
9884 -18855.8 44535.3 48362.5
9885 -18855.8 44535.3 48362.5
9886 -18855.8 44535.3 48362.5
9887 -18855.8 44535.3 48362.5
9888 -18855.8 44535.3 48362.5
9889 -18855.8 44535.3 48362.5
9890 -18855.8 44535.3 48362.5
9891 -17998.7 46019.8 49414.3
9892 -17998.7 46019.8 49414.3
9893 -17998.7 46019.8 49414.3
9894 -17998.7 46019.8 49414.3
9895 -17998.7 46019.8 49414.3
9896 -17998.7 46019.8 49414.3
9897 -17998.7 46019.8 49414.3
9898 -18855.8 47504.3 51109.7
9899 -18855.8 47504.3 51109.7
9900 -18855.8 47504.3 51109.7
9901 -18855.8 47504.3 51109.7
9902 -18855.8 47504.3 51109.7
9903 -18855.8 47504.3 51109.7
9904 -18855.8 47504.3 51109.7
9912 -18855.8 50473.3 53880.4
9913 -18855.8 50473.3 53880.4
9914 -18855.8 50473.3 53880.4
9915 -18855.8 50473.3 53880.4
9916 -18855.8 50473.3 53880.4
9917 -18855.8 50473.3 53880.4
9918 -18855.8 50473.3 53880.4
9947 -16284.5 -57895.8 60142.5
9948 -16284.5 -57895.8 60142.5
9949 -16284.5 -57895.8 60142.5
9950 -16284.5 -57895.8 60142.5
9951 -16284.5 -57895.8 60142.5
9952 -16284.5 -57895.8 60142.5
9953 -16284.5 -57895.8 60142.5
9954 -17141.6 -56411.3 58958.2
9955 -17141.6 -56411.3 58958.2
9956 -17141.6 -56411.3 58958.2
9957 -17141.6 -56411.3 58958.2
9958 -17141.6 -56411.3 58958.2
9959 -17141.6 -56411.3 58958.2
9960 -17141.6 -56411.3 58958.2
9961 -16284.5 -54926.8 57290.0
9962 -16284.5 -54926.8 57290.0
9963 -16284.5 -54926.8 57290.0
9964 -16284.5 -54926.8 57290.0
9965 -16284.5 -54926.8 57290.0
9966 -16284.5 -54926.8 57290.0
9967 -16284.5 -54926.8 57290.0
9968 -17141.6 -53442.3 56124.1
9969 -17141.6 -53442.3 56124.1
9970 -17141.6 -53442.3 56124.1
9971 -17141.6 -53442.3 56124.1
9972 -17141.6 -53442.3 56124.1
9973 -17141.6 -53442.3 56124.1
9974 -17141.6 -53442.3 56124.1
9975 -16284.5 -51957.8 54450.0
9976 -16284.5 -51957.8 54450.0
9977 -16284.5 -51957.8 54450.0
9978 -16284.5 -51957.8 54450.0
9979 -16284.5 -51957.8 54450.0
9980 -16284.5 -51957.8 54450.0
9981 -16284.5 -51957.8 54450.0
9989 -16284.5 -48988.8 51624.5
9990 -16284.5 -48988.8 51624.5
9991 -16284.5 -48988.8 51624.5
9992 -16284.5 -48988.8 51624.5
9993 -16284.5 -48988.8 51624.5
9994 -16284.5 -48988.8 51624.5
9995 -16284.5 -48988.8 51624.5
10031 -16284.5 -40081.7 43263.5
10032 -16284.5 -40081.7 43263.5
10033 -16284.5 -40081.7 43263.5
10034 -16284.5 -40081.7 43263.5
10035 -16284.5 -40081.7 43263.5
10036 -16284.5 -40081.7 43263.5
10037 -16284.5 -40081.7 43263.5
10038 -17141.6 -38597.2 42232.5
10039 -17141.6 -38597.2 42232.5
10040 -17141.6 -38597.2 42232.5
10041 -17141.6 -38597.2 42232.5
10042 -17141.6 -38597.2 42232.5
10043 -17141.6 -38597.2 42232.5
10044 -17141.6 -38597.2 42232.5
10045 -16284.5 -37112.7 40528.3
10046 -16284.5 -37112.7 40528.3
10047 -16284.5 -37112.7 40528.3
10048 -16284.5 -37112.7 40528.3
10049 -16284.5 -37112.7 40528.3
10050 -16284.5 -37112.7 40528.3
10051 -16284.5 -37112.7 40528.3
10052 -17141.6 -35628.2 39537.4
10053 -17141.6 -35628.2 39537.4
10054 -17141.6 -35628.2 39537.4
10055 -17141.6 -35628.2 39537.4
10056 -17141.6 -35628.2 39537.4
10057 -17141.6 -35628.2 39537.4
10058 -17141.6 -35628.2 39537.4
10073 -16284.5 -31174.7 35171.7
10074 -16284.5 -31174.7 35171.7
10075 -16284.5 -31174.7 35171.7
10076 -16284.5 -31174.7 35171.7
10077 -16284.5 -31174.7 35171.7
10078 -16284.5 -31174.7 35171.7
10079 -16284.5 -31174.7 35171.7
10080 -17141.6 -29690.2 34283.3
10081 -17141.6 -29690.2 34283.3
10082 -17141.6 -29690.2 34283.3
10083 -17141.6 -29690.2 34283.3
10084 -17141.6 -29690.2 34283.3
10085 -17141.6 -29690.2 34283.3
10086 -17141.6 -29690.2 34283.3
10101 -16284.5 -25236.6 30034.6
10102 -16284.5 -25236.6 30034.6
10103 -16284.5 -25236.6 30034.6
10104 -16284.5 -25236.6 30034.6
10105 -16284.5 -25236.6 30034.6
10106 -16284.5 -25236.6 30034.6
10107 -16284.5 -25236.6 30034.6
10108 -17141.6 -23752.1 29291.6
10109 -17141.6 -23752.1 29291.6
10110 -17141.6 -23752.1 29291.6
10111 -17141.6 -23752.1 29291.6
10112 -17141.6 -23752.1 29291.6
10113 -17141.6 -23752.1 29291.6
10114 -17141.6 -23752.1 29291.6
10122 -17141.6 -20783.1 26940.2
10123 -17141.6 -20783.1 26940.2
10124 -17141.6 -20783.1 26940.2
10125 -17141.6 -20783.1 26940.2
10126 -17141.6 -20783.1 26940.2
10127 -17141.6 -20783.1 26940.2
10128 -17141.6 -20783.1 26940.2
10143 -16284.5 -16329.6 23061.7
10144 -16284.5 -16329.6 23061.7
10145 -16284.5 -16329.6 23061.7
10146 -16284.5 -16329.6 23061.7
10147 -16284.5 -16329.6 23061.7
10148 -16284.5 -16329.6 23061.7
10149 -16284.5 -16329.6 23061.7
10150 -17141.6 -14845.1 22676.2
10151 -17141.6 -14845.1 22676.2
10152 -17141.6 -14845.1 22676.2
10153 -17141.6 -14845.1 22676.2
10154 -17141.6 -14845.1 22676.2
10155 -17141.6 -14845.1 22676.2
10156 -17141.6 -14845.1 22676.2
10157 -16284.5 -13360.6 21064.0
10158 -16284.5 -13360.6 21064.0
10159 -16284.5 -13360.6 21064.0
10160 -16284.5 -13360.6 21064.0
10161 -16284.5 -13360.6 21064.0
10162 -16284.5 -13360.6 21064.0
10163 -16284.5 -13360.6 21064.0
10164 -17141.6 -11876.1 20853.7
10165 -17141.6 -11876.1 20853.7
10166 -17141.6 -11876.1 20853.7
10167 -17141.6 -11876.1 20853.7
10168 -17141.6 -11876.1 20853.7
10169 -17141.6 -11876.1 20853.7
10170 -17141.6 -11876.1 20853.7
10178 -17141.6 -8907.1 19317.6
10179 -17141.6 -8907.1 19317.6
10180 -17141.6 -8907.1 19317.6
10181 -17141.6 -8907.1 19317.6
10182 -17141.6 -8907.1 19317.6
10183 -17141.6 -8907.1 19317.6
10184 -17141.6 -8907.1 19317.6
10192 -17141.6 -5938.0 18141.0
10193 -17141.6 -5938.0 18141.0
10194 -17141.6 -5938.0 18141.0
10195 -17141.6 -5938.0 18141.0
10196 -17141.6 -5938.0 18141.0
10197 -17141.6 -5938.0 18141.0
10198 -17141.6 -5938.0 18141.0
10248 -17141.6 5938.0 18141.0
10249 -17141.6 5938.0 18141.0
10250 -17141.6 5938.0 18141.0
10251 -17141.6 5938.0 18141.0
10252 -17141.6 5938.0 18141.0
10253 -17141.6 5938.0 18141.0
10254 -17141.6 5938.0 18141.0
10262 -17141.6 8907.1 19317.6
10263 -17141.6 8907.1 19317.6
10264 -17141.6 8907.1 19317.6
10265 -17141.6 8907.1 19317.6
10266 -17141.6 8907.1 19317.6
10267 -17141.6 8907.1 19317.6
10268 -17141.6 8907.1 19317.6
10276 -17141.6 11876.1 20853.7
10277 -17141.6 11876.1 20853.7
10278 -17141.6 11876.1 20853.7
10279 -17141.6 11876.1 20853.7
10280 -17141.6 11876.1 20853.7
10281 -17141.6 11876.1 20853.7
10282 -17141.6 11876.1 20853.7
10283 -16284.5 13360.6 21064.0
10284 -16284.5 13360.6 21064.0
10285 -16284.5 13360.6 21064.0
10286 -16284.5 13360.6 21064.0
10287 -16284.5 13360.6 21064.0
10288 -16284.5 13360.6 21064.0
10289 -16284.5 13360.6 21064.0
10290 -17141.6 14845.1 22676.2
10291 -17141.6 14845.1 22676.2
10292 -17141.6 14845.1 22676.2
10293 -17141.6 14845.1 22676.2
10294 -17141.6 14845.1 22676.2
10295 -17141.6 14845.1 22676.2
10296 -17141.6 14845.1 22676.2
10297 -16284.5 16329.6 23061.7
10298 -16284.5 16329.6 23061.7
10299 -16284.5 16329.6 23061.7
10300 -16284.5 16329.6 23061.7
10301 -16284.5 16329.6 23061.7
10302 -16284.5 16329.6 23061.7
10303 -16284.5 16329.6 23061.7
10318 -17141.6 20783.1 26940.2
10319 -17141.6 20783.1 26940.2
10320 -17141.6 20783.1 26940.2
10321 -17141.6 20783.1 26940.2
10322 -17141.6 20783.1 26940.2
10323 -17141.6 20783.1 26940.2
10324 -17141.6 20783.1 26940.2
10332 -17141.6 23752.1 29291.6
10333 -17141.6 23752.1 29291.6
10334 -17141.6 23752.1 29291.6
10335 -17141.6 23752.1 29291.6
10336 -17141.6 23752.1 29291.6
10337 -17141.6 23752.1 29291.6
10338 -17141.6 23752.1 29291.6
10339 -16284.5 25236.6 30034.6
10340 -16284.5 25236.6 30034.6
10341 -16284.5 25236.6 30034.6
10342 -16284.5 25236.6 30034.6
10343 -16284.5 25236.6 30034.6
10344 -16284.5 25236.6 30034.6
10345 -16284.5 25236.6 30034.6
10360 -17141.6 29690.2 34283.3
10361 -17141.6 29690.2 34283.3
10362 -17141.6 29690.2 34283.3
10363 -17141.6 29690.2 34283.3
10364 -17141.6 29690.2 34283.3
10365 -17141.6 29690.2 34283.3
10366 -17141.6 29690.2 34283.3
10367 -16284.5 31174.7 35171.7
10368 -16284.5 31174.7 35171.7
10369 -16284.5 31174.7 35171.7
10370 -16284.5 31174.7 35171.7
10371 -16284.5 31174.7 35171.7
10372 -16284.5 31174.7 35171.7
10373 -16284.5 31174.7 35171.7
10388 -17141.6 35628.2 39537.4
10389 -17141.6 35628.2 39537.4
10390 -17141.6 35628.2 39537.4
10391 -17141.6 35628.2 39537.4
10392 -17141.6 35628.2 39537.4
10393 -17141.6 35628.2 39537.4
10394 -17141.6 35628.2 39537.4
10395 -16284.5 37112.7 40528.3
10396 -16284.5 37112.7 40528.3
10397 -16284.5 37112.7 40528.3
10398 -16284.5 37112.7 40528.3
10399 -16284.5 37112.7 40528.3
10400 -16284.5 37112.7 40528.3
10401 -16284.5 37112.7 40528.3
10402 -17141.6 38597.2 42232.5
10403 -17141.6 38597.2 42232.5
10404 -17141.6 38597.2 42232.5
10405 -17141.6 38597.2 42232.5
10406 -17141.6 38597.2 42232.5
10407 -17141.6 38597.2 42232.5
10408 -17141.6 38597.2 42232.5
10409 -16284.5 40081.7 43263.5
10410 -16284.5 40081.7 43263.5
10411 -16284.5 40081.7 43263.5
10412 -16284.5 40081.7 43263.5
10413 -16284.5 40081.7 43263.5
10414 -16284.5 40081.7 43263.5
10415 -16284.5 40081.7 43263.5
10451 -16284.5 48988.8 51624.5
10452 -16284.5 48988.8 51624.5
10453 -16284.5 48988.8 51624.5
10454 -16284.5 48988.8 51624.5
10455 -16284.5 48988.8 51624.5
10456 -16284.5 48988.8 51624.5
10457 -16284.5 48988.8 51624.5
10465 -16284.5 51957.8 54450.0
10466 -16284.5 51957.8 54450.0
10467 -16284.5 51957.8 54450.0
10468 -16284.5 51957.8 54450.0
10469 -16284.5 51957.8 54450.0
10470 -16284.5 51957.8 54450.0
10471 -16284.5 51957.8 54450.0
10472 -17141.6 53442.3 56124.1
10473 -17141.6 53442.3 56124.1
10474 -17141.6 53442.3 56124.1
10475 -17141.6 53442.3 56124.1
10476 -17141.6 53442.3 56124.1
10477 -17141.6 53442.3 56124.1
10478 -17141.6 53442.3 56124.1
10479 -16284.5 54926.8 57290.0
10480 -16284.5 54926.8 57290.0
10481 -16284.5 54926.8 57290.0
10482 -16284.5 54926.8 57290.0
10483 -16284.5 54926.8 57290.0
10484 -16284.5 54926.8 57290.0
10485 -16284.5 54926.8 57290.0
10486 -17141.6 56411.3 58958.2
10487 -17141.6 56411.3 58958.2
10488 -17141.6 56411.3 58958.2
10489 -17141.6 56411.3 58958.2
10490 -17141.6 56411.3 58958.2
10491 -17141.6 56411.3 58958.2
10492 -17141.6 56411.3 58958.2
10493 -16284.5 57895.8 60142.5
10494 -16284.5 57895.8 60142.5
10495 -16284.5 57895.8 60142.5
10496 -16284.5 57895.8 60142.5
10497 -16284.5 57895.8 60142.5
10498 -16284.5 57895.8 60142.5
10499 -16284.5 57895.8 60142.5
10535 -15427.5 -50473.3 52778.4
10536 -15427.5 -50473.3 52778.4
10537 -15427.5 -50473.3 52778.4
10538 -15427.5 -50473.3 52778.4
10539 -15427.5 -50473.3 52778.4
10540 -15427.5 -50473.3 52778.4
10541 -15427.5 -50473.3 52778.4
10549 -15427.5 -47504.3 49946.6
10550 -15427.5 -47504.3 49946.6
10551 -15427.5 -47504.3 49946.6
10552 -15427.5 -47504.3 49946.6
10553 -15427.5 -47504.3 49946.6
10554 -15427.5 -47504.3 49946.6
10555 -15427.5 -47504.3 49946.6
10556 -14570.4 -46019.8 48271.3
10557 -14570.4 -46019.8 48271.3
10558 -14570.4 -46019.8 48271.3
10559 -14570.4 -46019.8 48271.3
10560 -14570.4 -46019.8 48271.3
10561 -14570.4 -46019.8 48271.3
10562 -14570.4 -46019.8 48271.3
10563 -15427.5 -44535.3 47131.7
10564 -15427.5 -44535.3 47131.7
10565 -15427.5 -44535.3 47131.7
10566 -15427.5 -44535.3 47131.7
10567 -15427.5 -44535.3 47131.7
10568 -15427.5 -44535.3 47131.7
10569 -15427.5 -44535.3 47131.7
10570 -14570.4 -43050.8 45449.6
10571 -14570.4 -43050.8 45449.6
10572 -14570.4 -43050.8 45449.6
10573 -14570.4 -43050.8 45449.6
10574 -14570.4 -43050.8 45449.6
10575 -14570.4 -43050.8 45449.6
10576 -14570.4 -43050.8 45449.6
10577 -15427.5 -41566.2 44336.9
10578 -15427.5 -41566.2 44336.9
10579 -15427.5 -41566.2 44336.9
10580 -15427.5 -41566.2 44336.9
10581 -15427.5 -41566.2 44336.9
10582 -15427.5 -41566.2 44336.9
10583 -15427.5 -41566.2 44336.9
10612 -14570.4 -34143.7 37122.6
10613 -14570.4 -34143.7 37122.6
10614 -14570.4 -34143.7 37122.6
10615 -14570.4 -34143.7 37122.6
10616 -14570.4 -34143.7 37122.6
10617 -14570.4 -34143.7 37122.6
10618 -14570.4 -34143.7 37122.6
10619 -15427.5 -32659.2 36119.7
10620 -15427.5 -32659.2 36119.7
10621 -15427.5 -32659.2 36119.7
10622 -15427.5 -32659.2 36119.7
10623 -15427.5 -32659.2 36119.7
10624 -15427.5 -32659.2 36119.7
10625 -15427.5 -32659.2 36119.7
10640 -14570.4 -28205.7 31746.7
10641 -14570.4 -28205.7 31746.7
10642 -14570.4 -28205.7 31746.7
10643 -14570.4 -28205.7 31746.7
10644 -14570.4 -28205.7 31746.7
10645 -14570.4 -28205.7 31746.7
10646 -14570.4 -28205.7 31746.7
10647 -15427.5 -26721.2 30854.9
10648 -15427.5 -26721.2 30854.9
10649 -15427.5 -26721.2 30854.9
10650 -15427.5 -26721.2 30854.9
10651 -15427.5 -26721.2 30854.9
10652 -15427.5 -26721.2 30854.9
10653 -15427.5 -26721.2 30854.9
10668 -14570.4 -22267.6 26611.0
10669 -14570.4 -22267.6 26611.0
10670 -14570.4 -22267.6 26611.0
10671 -14570.4 -22267.6 26611.0
10672 -14570.4 -22267.6 26611.0
10673 -14570.4 -22267.6 26611.0
10674 -14570.4 -22267.6 26611.0
10682 -14570.4 -19298.6 24181.2
10683 -14570.4 -19298.6 24181.2
10684 -14570.4 -19298.6 24181.2
10685 -14570.4 -19298.6 24181.2
10686 -14570.4 -19298.6 24181.2
10687 -14570.4 -19298.6 24181.2
10688 -14570.4 -19298.6 24181.2
10689 -15427.5 -17814.1 23565.8
10690 -15427.5 -17814.1 23565.8
10691 -15427.5 -17814.1 23565.8
10692 -15427.5 -17814.1 23565.8
10693 -15427.5 -17814.1 23565.8
10694 -15427.5 -17814.1 23565.8
10695 -15427.5 -17814.1 23565.8
10724 -14570.4 -10391.6 17896.4
10725 -14570.4 -10391.6 17896.4
10726 -14570.4 -10391.6 17896.4
10727 -14570.4 -10391.6 17896.4
10728 -14570.4 -10391.6 17896.4
10729 -14570.4 -10391.6 17896.4
10730 -14570.4 -10391.6 17896.4
10738 -14570.4 -7422.5 16352.1
10739 -14570.4 -7422.5 16352.1
10740 -14570.4 -7422.5 16352.1
10741 -14570.4 -7422.5 16352.1
10742 -14570.4 -7422.5 16352.1
10743 -14570.4 -7422.5 16352.1
10744 -14570.4 -7422.5 16352.1
10752 -14570.4 -4453.5 15235.8
10753 -14570.4 -4453.5 15235.8
10754 -14570.4 -4453.5 15235.8
10755 -14570.4 -4453.5 15235.8
10756 -14570.4 -4453.5 15235.8
10757 -14570.4 -4453.5 15235.8
10758 -14570.4 -4453.5 15235.8
10759 -15427.5 -2969.0 15710.6
10760 -15427.5 -2969.0 15710.6
10761 -15427.5 -2969.0 15710.6
10762 -15427.5 -2969.0 15710.6
10763 -15427.5 -2969.0 15710.6
10764 -15427.5 -2969.0 15710.6
10765 -15427.5 -2969.0 15710.6
10766 -14570.4 -1484.5 14645.8
10767 -14570.4 -1484.5 14645.8
10768 -14570.4 -1484.5 14645.8
10769 -14570.4 -1484.5 14645.8
10770 -14570.4 -1484.5 14645.8
10771 -14570.4 -1484.5 14645.8
10772 -14570.4 -1484.5 14645.8
10773 -15427.5 0.0 15427.5
10774 -15427.5 0.0 15427.5
10775 -15427.5 0.0 15427.5
10776 -15427.5 0.0 15427.5
10777 -15427.5 0.0 15427.5
10778 -15427.5 0.0 15427.5
10779 -15427.5 0.0 15427.5
10780 -14570.4 1484.5 14645.8
10781 -14570.4 1484.5 14645.8
10782 -14570.4 1484.5 14645.8
10783 -14570.4 1484.5 14645.8
10784 -14570.4 1484.5 14645.8
10785 -14570.4 1484.5 14645.8
10786 -14570.4 1484.5 14645.8
10787 -15427.5 2969.0 15710.6
10788 -15427.5 2969.0 15710.6
10789 -15427.5 2969.0 15710.6
10790 -15427.5 2969.0 15710.6
10791 -15427.5 2969.0 15710.6
10792 -15427.5 2969.0 15710.6
10793 -15427.5 2969.0 15710.6
10794 -14570.4 4453.5 15235.8
10795 -14570.4 4453.5 15235.8
10796 -14570.4 4453.5 15235.8
10797 -14570.4 4453.5 15235.8
10798 -14570.4 4453.5 15235.8
10799 -14570.4 4453.5 15235.8
10800 -14570.4 4453.5 15235.8
10808 -14570.4 7422.5 16352.1
10809 -14570.4 7422.5 16352.1
10810 -14570.4 7422.5 16352.1
10811 -14570.4 7422.5 16352.1
10812 -14570.4 7422.5 16352.1
10813 -14570.4 7422.5 16352.1
10814 -14570.4 7422.5 16352.1
10822 -14570.4 10391.6 17896.4
10823 -14570.4 10391.6 17896.4
10824 -14570.4 10391.6 17896.4
10825 -14570.4 10391.6 17896.4
10826 -14570.4 10391.6 17896.4
10827 -14570.4 10391.6 17896.4
10828 -14570.4 10391.6 17896.4
10857 -15427.5 17814.1 23565.8
10858 -15427.5 17814.1 23565.8
10859 -15427.5 17814.1 23565.8
10860 -15427.5 17814.1 23565.8
10861 -15427.5 17814.1 23565.8
10862 -15427.5 17814.1 23565.8
10863 -15427.5 17814.1 23565.8
10864 -14570.4 19298.6 24181.2
10865 -14570.4 19298.6 24181.2
10866 -14570.4 19298.6 24181.2
10867 -14570.4 19298.6 24181.2
10868 -14570.4 19298.6 24181.2
10869 -14570.4 19298.6 24181.2
10870 -14570.4 19298.6 24181.2
10878 -14570.4 22267.6 26611.0
10879 -14570.4 22267.6 26611.0
10880 -14570.4 22267.6 26611.0
10881 -14570.4 22267.6 26611.0
10882 -14570.4 22267.6 26611.0
10883 -14570.4 22267.6 26611.0
10884 -14570.4 22267.6 26611.0
10899 -15427.5 26721.2 30854.9
10900 -15427.5 26721.2 30854.9
10901 -15427.5 26721.2 30854.9
10902 -15427.5 26721.2 30854.9
10903 -15427.5 26721.2 30854.9
10904 -15427.5 26721.2 30854.9
10905 -15427.5 26721.2 30854.9
10906 -14570.4 28205.7 31746.7
10907 -14570.4 28205.7 31746.7
10908 -14570.4 28205.7 31746.7
10909 -14570.4 28205.7 31746.7
10910 -14570.4 28205.7 31746.7
10911 -14570.4 28205.7 31746.7
10912 -14570.4 28205.7 31746.7
10927 -15427.5 32659.2 36119.7
10928 -15427.5 32659.2 36119.7
10929 -15427.5 32659.2 36119.7
10930 -15427.5 32659.2 36119.7
10931 -15427.5 32659.2 36119.7
10932 -15427.5 32659.2 36119.7
10933 -15427.5 32659.2 36119.7
10934 -14570.4 34143.7 37122.6
10935 -14570.4 34143.7 37122.6
10936 -14570.4 34143.7 37122.6
10937 -14570.4 34143.7 37122.6
10938 -14570.4 34143.7 37122.6
10939 -14570.4 34143.7 37122.6
10940 -14570.4 34143.7 37122.6
10969 -15427.5 41566.2 44336.9
10970 -15427.5 41566.2 44336.9
10971 -15427.5 41566.2 44336.9
10972 -15427.5 41566.2 44336.9
10973 -15427.5 41566.2 44336.9
10974 -15427.5 41566.2 44336.9
10975 -15427.5 41566.2 44336.9
10976 -14570.4 43050.8 45449.6
10977 -14570.4 43050.8 45449.6
10978 -14570.4 43050.8 45449.6
10979 -14570.4 43050.8 45449.6
10980 -14570.4 43050.8 45449.6
10981 -14570.4 43050.8 45449.6
10982 -14570.4 43050.8 45449.6
10983 -15427.5 44535.3 47131.7
10984 -15427.5 44535.3 47131.7
10985 -15427.5 44535.3 47131.7
10986 -15427.5 44535.3 47131.7
10987 -15427.5 44535.3 47131.7
10988 -15427.5 44535.3 47131.7
10989 -15427.5 44535.3 47131.7
10990 -14570.4 46019.8 48271.3
10991 -14570.4 46019.8 48271.3
10992 -14570.4 46019.8 48271.3
10993 -14570.4 46019.8 48271.3
10994 -14570.4 46019.8 48271.3
10995 -14570.4 46019.8 48271.3
10996 -14570.4 46019.8 48271.3
10997 -15427.5 47504.3 49946.6
10998 -15427.5 47504.3 49946.6
10999 -15427.5 47504.3 49946.6
11000 -15427.5 47504.3 49946.6
11001 -15427.5 47504.3 49946.6
11002 -15427.5 47504.3 49946.6
11003 -15427.5 47504.3 49946.6
11011 -15427.5 50473.3 52778.4
11012 -15427.5 50473.3 52778.4
11013 -15427.5 50473.3 52778.4
11014 -15427.5 50473.3 52778.4
11015 -15427.5 50473.3 52778.4
11016 -15427.5 50473.3 52778.4
11017 -15427.5 50473.3 52778.4
11053 -12856.2 -57895.8 59306.1
11054 -12856.2 -57895.8 59306.1
11055 -12856.2 -57895.8 59306.1
11056 -12856.2 -57895.8 59306.1
11057 -12856.2 -57895.8 59306.1
11058 -12856.2 -57895.8 59306.1
11059 -12856.2 -57895.8 59306.1
11060 -13713.3 -56411.3 58054.2
11061 -13713.3 -56411.3 58054.2
11062 -13713.3 -56411.3 58054.2
11063 -13713.3 -56411.3 58054.2
11064 -13713.3 -56411.3 58054.2
11065 -13713.3 -56411.3 58054.2
11066 -13713.3 -56411.3 58054.2
11067 -12856.2 -54926.8 56411.3
11068 -12856.2 -54926.8 56411.3
11069 -12856.2 -54926.8 56411.3
11070 -12856.2 -54926.8 56411.3
11071 -12856.2 -54926.8 56411.3
11072 -12856.2 -54926.8 56411.3
11073 -12856.2 -54926.8 56411.3
11074 -13713.3 -53442.3 55173.7
11075 -13713.3 -53442.3 55173.7
11076 -13713.3 -53442.3 55173.7
11077 -13713.3 -53442.3 55173.7
11078 -13713.3 -53442.3 55173.7
11079 -13713.3 -53442.3 55173.7
11080 -13713.3 -53442.3 55173.7
11081 -12856.2 -51957.8 53524.7
11082 -12856.2 -51957.8 53524.7
11083 -12856.2 -51957.8 53524.7
11084 -12856.2 -51957.8 53524.7
11085 -12856.2 -51957.8 53524.7
11086 -12856.2 -51957.8 53524.7
11087 -12856.2 -51957.8 53524.7
11095 -12856.2 -48988.8 50647.6
11096 -12856.2 -48988.8 50647.6
11097 -12856.2 -48988.8 50647.6
11098 -12856.2 -48988.8 50647.6
11099 -12856.2 -48988.8 50647.6
11100 -12856.2 -48988.8 50647.6
11101 -12856.2 -48988.8 50647.6
11137 -12856.2 -40081.7 42093.1
11138 -12856.2 -40081.7 42093.1
11139 -12856.2 -40081.7 42093.1
11140 -12856.2 -40081.7 42093.1
11141 -12856.2 -40081.7 42093.1
11142 -12856.2 -40081.7 42093.1
11143 -12856.2 -40081.7 42093.1
11144 -13713.3 -38597.2 40961.0
11145 -13713.3 -38597.2 40961.0
11146 -13713.3 -38597.2 40961.0
11147 -13713.3 -38597.2 40961.0
11148 -13713.3 -38597.2 40961.0
11149 -13713.3 -38597.2 40961.0
11150 -13713.3 -38597.2 40961.0
11151 -12856.2 -37112.7 39276.4
11152 -12856.2 -37112.7 39276.4
11153 -12856.2 -37112.7 39276.4
11154 -12856.2 -37112.7 39276.4
11155 -12856.2 -37112.7 39276.4
11156 -12856.2 -37112.7 39276.4
11157 -12856.2 -37112.7 39276.4
11158 -13713.3 -35628.2 38176.2
11159 -13713.3 -35628.2 38176.2
11160 -13713.3 -35628.2 38176.2
11161 -13713.3 -35628.2 38176.2
11162 -13713.3 -35628.2 38176.2
11163 -13713.3 -35628.2 38176.2
11164 -13713.3 -35628.2 38176.2
11179 -12856.2 -31174.7 33721.6
11180 -12856.2 -31174.7 33721.6
11181 -12856.2 -31174.7 33721.6
11182 -12856.2 -31174.7 33721.6
11183 -12856.2 -31174.7 33721.6
11184 -12856.2 -31174.7 33721.6
11185 -12856.2 -31174.7 33721.6
11186 -13713.3 -29690.2 32704.1
11187 -13713.3 -29690.2 32704.1
11188 -13713.3 -29690.2 32704.1
11189 -13713.3 -29690.2 32704.1
11190 -13713.3 -29690.2 32704.1
11191 -13713.3 -29690.2 32704.1
11192 -13713.3 -29690.2 32704.1
11207 -12856.2 -25236.6 28322.6
11208 -12856.2 -25236.6 28322.6
11209 -12856.2 -25236.6 28322.6
11210 -12856.2 -25236.6 28322.6
11211 -12856.2 -25236.6 28322.6
11212 -12856.2 -25236.6 28322.6
11213 -12856.2 -25236.6 28322.6
11214 -13713.3 -23752.1 27426.6
11215 -13713.3 -23752.1 27426.6
11216 -13713.3 -23752.1 27426.6
11217 -13713.3 -23752.1 27426.6
11218 -13713.3 -23752.1 27426.6
11219 -13713.3 -23752.1 27426.6
11220 -13713.3 -23752.1 27426.6
11228 -13713.3 -20783.1 24899.7
11229 -13713.3 -20783.1 24899.7
11230 -13713.3 -20783.1 24899.7
11231 -13713.3 -20783.1 24899.7
11232 -13713.3 -20783.1 24899.7
11233 -13713.3 -20783.1 24899.7
11234 -13713.3 -20783.1 24899.7
11249 -12856.2 -16329.6 20783.1
11250 -12856.2 -16329.6 20783.1
11251 -12856.2 -16329.6 20783.1
11252 -12856.2 -16329.6 20783.1
11253 -12856.2 -16329.6 20783.1
11254 -12856.2 -16329.6 20783.1
11255 -12856.2 -16329.6 20783.1
11256 -13713.3 -14845.1 20209.7
11257 -13713.3 -14845.1 20209.7
11258 -13713.3 -14845.1 20209.7
11259 -13713.3 -14845.1 20209.7
11260 -13713.3 -14845.1 20209.7
11261 -13713.3 -14845.1 20209.7
11262 -13713.3 -14845.1 20209.7
11263 -12856.2 -13360.6 18541.5
11264 -12856.2 -13360.6 18541.5
11265 -12856.2 -13360.6 18541.5
11266 -12856.2 -13360.6 18541.5
11267 -12856.2 -13360.6 18541.5
11268 -12856.2 -13360.6 18541.5
11269 -12856.2 -13360.6 18541.5
11270 -13713.3 -11876.1 18141.0
11271 -13713.3 -11876.1 18141.0
11272 -13713.3 -11876.1 18141.0
11273 -13713.3 -11876.1 18141.0
11274 -13713.3 -11876.1 18141.0
11275 -13713.3 -11876.1 18141.0
11276 -13713.3 -11876.1 18141.0
11284 -13713.3 -8907.1 16352.1
11285 -13713.3 -8907.1 16352.1
11286 -13713.3 -8907.1 16352.1
11287 -13713.3 -8907.1 16352.1
11288 -13713.3 -8907.1 16352.1
11289 -13713.3 -8907.1 16352.1
11290 -13713.3 -8907.1 16352.1
11298 -13713.3 -5938.0 14943.7
11299 -13713.3 -5938.0 14943.7
11300 -13713.3 -5938.0 14943.7
11301 -13713.3 -5938.0 14943.7
11302 -13713.3 -5938.0 14943.7
11303 -13713.3 -5938.0 14943.7
11304 -13713.3 -5938.0 14943.7
11354 -13713.3 5938.0 14943.7
11355 -13713.3 5938.0 14943.7
11356 -13713.3 5938.0 14943.7
11357 -13713.3 5938.0 14943.7
11358 -13713.3 5938.0 14943.7
11359 -13713.3 5938.0 14943.7
11360 -13713.3 5938.0 14943.7
11368 -13713.3 8907.1 16352.1
11369 -13713.3 8907.1 16352.1
11370 -13713.3 8907.1 16352.1
11371 -13713.3 8907.1 16352.1
11372 -13713.3 8907.1 16352.1
11373 -13713.3 8907.1 16352.1
11374 -13713.3 8907.1 16352.1
11382 -13713.3 11876.1 18141.0
11383 -13713.3 11876.1 18141.0
11384 -13713.3 11876.1 18141.0
11385 -13713.3 11876.1 18141.0
11386 -13713.3 11876.1 18141.0
11387 -13713.3 11876.1 18141.0
11388 -13713.3 11876.1 18141.0
11389 -12856.2 13360.6 18541.5
11390 -12856.2 13360.6 18541.5
11391 -12856.2 13360.6 18541.5
11392 -12856.2 13360.6 18541.5
11393 -12856.2 13360.6 18541.5
11394 -12856.2 13360.6 18541.5
11395 -12856.2 13360.6 18541.5
11396 -13713.3 14845.1 20209.7
11397 -13713.3 14845.1 20209.7
11398 -13713.3 14845.1 20209.7
11399 -13713.3 14845.1 20209.7
11400 -13713.3 14845.1 20209.7
11401 -13713.3 14845.1 20209.7
11402 -13713.3 14845.1 20209.7
11403 -12856.2 16329.6 20783.1
11404 -12856.2 16329.6 20783.1
11405 -12856.2 16329.6 20783.1
11406 -12856.2 16329.6 20783.1
11407 -12856.2 16329.6 20783.1
11408 -12856.2 16329.6 20783.1
11409 -12856.2 16329.6 20783.1
11424 -13713.3 20783.1 24899.7
11425 -13713.3 20783.1 24899.7
11426 -13713.3 20783.1 24899.7
11427 -13713.3 20783.1 24899.7
11428 -13713.3 20783.1 24899.7
11429 -13713.3 20783.1 24899.7
11430 -13713.3 20783.1 24899.7
11438 -13713.3 23752.1 27426.6
11439 -13713.3 23752.1 27426.6
11440 -13713.3 23752.1 27426.6
11441 -13713.3 23752.1 27426.6
11442 -13713.3 23752.1 27426.6
11443 -13713.3 23752.1 27426.6
11444 -13713.3 23752.1 27426.6
11445 -12856.2 25236.6 28322.6
11446 -12856.2 25236.6 28322.6
11447 -12856.2 25236.6 28322.6
11448 -12856.2 25236.6 28322.6
11449 -12856.2 25236.6 28322.6
11450 -12856.2 25236.6 28322.6
11451 -12856.2 25236.6 28322.6
11466 -13713.3 29690.2 32704.1
11467 -13713.3 29690.2 32704.1
11468 -13713.3 29690.2 32704.1
11469 -13713.3 29690.2 32704.1
11470 -13713.3 29690.2 32704.1
11471 -13713.3 29690.2 32704.1
11472 -13713.3 29690.2 32704.1
11473 -12856.2 31174.7 33721.6
11474 -12856.2 31174.7 33721.6
11475 -12856.2 31174.7 33721.6
11476 -12856.2 31174.7 33721.6
11477 -12856.2 31174.7 33721.6
11478 -12856.2 31174.7 33721.6
11479 -12856.2 31174.7 33721.6
11494 -13713.3 35628.2 38176.2
11495 -13713.3 35628.2 38176.2
11496 -13713.3 35628.2 38176.2
11497 -13713.3 35628.2 38176.2
11498 -13713.3 35628.2 38176.2
11499 -13713.3 35628.2 38176.2
11500 -13713.3 35628.2 38176.2
11501 -12856.2 37112.7 39276.4
11502 -12856.2 37112.7 39276.4
11503 -12856.2 37112.7 39276.4
11504 -12856.2 37112.7 39276.4
11505 -12856.2 37112.7 39276.4
11506 -12856.2 37112.7 39276.4
11507 -12856.2 37112.7 39276.4
11508 -13713.3 38597.2 40961.0
11509 -13713.3 38597.2 40961.0
11510 -13713.3 38597.2 40961.0
11511 -13713.3 38597.2 40961.0
11512 -13713.3 38597.2 40961.0
11513 -13713.3 38597.2 40961.0
11514 -13713.3 38597.2 40961.0
11515 -12856.2 40081.7 42093.1
11516 -12856.2 40081.7 42093.1
11517 -12856.2 40081.7 42093.1
11518 -12856.2 40081.7 42093.1
11519 -12856.2 40081.7 42093.1
11520 -12856.2 40081.7 42093.1
11521 -12856.2 40081.7 42093.1
11557 -12856.2 48988.8 50647.6
11558 -12856.2 48988.8 50647.6
11559 -12856.2 48988.8 50647.6
11560 -12856.2 48988.8 50647.6
11561 -12856.2 48988.8 50647.6
11562 -12856.2 48988.8 50647.6
11563 -12856.2 48988.8 50647.6
11571 -12856.2 51957.8 53524.7
11572 -12856.2 51957.8 53524.7
11573 -12856.2 51957.8 53524.7
11574 -12856.2 51957.8 53524.7
11575 -12856.2 51957.8 53524.7
11576 -12856.2 51957.8 53524.7
11577 -12856.2 51957.8 53524.7
11578 -13713.3 53442.3 55173.7
11579 -13713.3 53442.3 55173.7
11580 -13713.3 53442.3 55173.7
11581 -13713.3 53442.3 55173.7
11582 -13713.3 53442.3 55173.7
11583 -13713.3 53442.3 55173.7
11584 -13713.3 53442.3 55173.7
11585 -12856.2 54926.8 56411.3
11586 -12856.2 54926.8 56411.3
11587 -12856.2 54926.8 56411.3
11588 -12856.2 54926.8 56411.3
11589 -12856.2 54926.8 56411.3
11590 -12856.2 54926.8 56411.3
11591 -12856.2 54926.8 56411.3
11592 -13713.3 56411.3 58054.2
11593 -13713.3 56411.3 58054.2
11594 -13713.3 56411.3 58054.2
11595 -13713.3 56411.3 58054.2
11596 -13713.3 56411.3 58054.2
11597 -13713.3 56411.3 58054.2
11598 -13713.3 56411.3 58054.2
11599 -12856.2 57895.8 59306.1
11600 -12856.2 57895.8 59306.1
11601 -12856.2 57895.8 59306.1
11602 -12856.2 57895.8 59306.1
11603 -12856.2 57895.8 59306.1
11604 -12856.2 57895.8 59306.1
11605 -12856.2 57895.8 59306.1
11641 -11999.1 -50473.3 51880.0
11642 -11999.1 -50473.3 51880.0
11643 -11999.1 -50473.3 51880.0
11644 -11999.1 -50473.3 51880.0
11645 -11999.1 -50473.3 51880.0
11646 -11999.1 -50473.3 51880.0
11647 -11999.1 -50473.3 51880.0
11655 -11999.1 -47504.3 48996.3
11656 -11999.1 -47504.3 48996.3
11657 -11999.1 -47504.3 48996.3
11658 -11999.1 -47504.3 48996.3
11659 -11999.1 -47504.3 48996.3
11660 -11999.1 -47504.3 48996.3
11661 -11999.1 -47504.3 48996.3
11662 -11142.1 -46019.8 47349.4
11663 -11142.1 -46019.8 47349.4
11664 -11142.1 -46019.8 47349.4
11665 -11142.1 -46019.8 47349.4
11666 -11142.1 -46019.8 47349.4
11667 -11142.1 -46019.8 47349.4
11668 -11142.1 -46019.8 47349.4
11669 -11999.1 -44535.3 46123.4
11670 -11999.1 -44535.3 46123.4
11671 -11999.1 -44535.3 46123.4
11672 -11999.1 -44535.3 46123.4
11673 -11999.1 -44535.3 46123.4
11674 -11999.1 -44535.3 46123.4
11675 -11999.1 -44535.3 46123.4
11676 -11142.1 -43050.8 44469.2
11677 -11142.1 -43050.8 44469.2
11678 -11142.1 -43050.8 44469.2
11679 -11142.1 -43050.8 44469.2
11680 -11142.1 -43050.8 44469.2
11681 -11142.1 -43050.8 44469.2
11682 -11142.1 -43050.8 44469.2
11683 -11999.1 -41566.2 43263.5
11684 -11999.1 -41566.2 43263.5
11685 -11999.1 -41566.2 43263.5
11686 -11999.1 -41566.2 43263.5
11687 -11999.1 -41566.2 43263.5
11688 -11999.1 -41566.2 43263.5
11689 -11999.1 -41566.2 43263.5
11718 -11142.1 -34143.7 35915.7
11719 -11142.1 -34143.7 35915.7
11720 -11142.1 -34143.7 35915.7
11721 -11142.1 -34143.7 35915.7
11722 -11142.1 -34143.7 35915.7
11723 -11142.1 -34143.7 35915.7
11724 -11142.1 -34143.7 35915.7
11725 -11999.1 -32659.2 34793.7
11726 -11999.1 -32659.2 34793.7
11727 -11999.1 -32659.2 34793.7
11728 -11999.1 -32659.2 34793.7
11729 -11999.1 -32659.2 34793.7
11730 -11999.1 -32659.2 34793.7
11731 -11999.1 -32659.2 34793.7
11746 -11142.1 -28205.7 30326.6
11747 -11142.1 -28205.7 30326.6
11748 -11142.1 -28205.7 30326.6
11749 -11142.1 -28205.7 30326.6
11750 -11142.1 -28205.7 30326.6
11751 -11142.1 -28205.7 30326.6
11752 -11142.1 -28205.7 30326.6
11753 -11999.1 -26721.2 29291.6
11754 -11999.1 -26721.2 29291.6
11755 -11999.1 -26721.2 29291.6
11756 -11999.1 -26721.2 29291.6
11757 -11999.1 -26721.2 29291.6
11758 -11999.1 -26721.2 29291.6
11759 -11999.1 -26721.2 29291.6
11774 -11142.1 -22267.6 24899.7
11775 -11142.1 -22267.6 24899.7
11776 -11142.1 -22267.6 24899.7
11777 -11142.1 -22267.6 24899.7
11778 -11142.1 -22267.6 24899.7
11779 -11142.1 -22267.6 24899.7
11780 -11142.1 -22267.6 24899.7
11788 -11142.1 -19298.6 22284.1
11789 -11142.1 -19298.6 22284.1
11790 -11142.1 -19298.6 22284.1
11791 -11142.1 -19298.6 22284.1
11792 -11142.1 -19298.6 22284.1
11793 -11142.1 -19298.6 22284.1
11794 -11142.1 -19298.6 22284.1
11795 -11999.1 -17814.1 21478.4
11796 -11999.1 -17814.1 21478.4
11797 -11999.1 -17814.1 21478.4
11798 -11999.1 -17814.1 21478.4
11799 -11999.1 -17814.1 21478.4
11800 -11999.1 -17814.1 21478.4
11801 -11999.1 -17814.1 21478.4
11830 -11142.1 -10391.6 15235.8
11831 -11142.1 -10391.6 15235.8
11832 -11142.1 -10391.6 15235.8
11833 -11142.1 -10391.6 15235.8
11834 -11142.1 -10391.6 15235.8
11835 -11142.1 -10391.6 15235.8
11836 -11142.1 -10391.6 15235.8
11844 -11142.1 -7422.5 13388.0
11845 -11142.1 -7422.5 13388.0
11846 -11142.1 -7422.5 13388.0
11847 -11142.1 -7422.5 13388.0
11848 -11142.1 -7422.5 13388.0
11849 -11142.1 -7422.5 13388.0
11850 -11142.1 -7422.5 13388.0
11858 -11142.1 -4453.5 11999.1
11859 -11142.1 -4453.5 11999.1
11860 -11142.1 -4453.5 11999.1
11861 -11142.1 -4453.5 11999.1
11862 -11142.1 -4453.5 11999.1
11863 -11142.1 -4453.5 11999.1
11864 -11142.1 -4453.5 11999.1
11865 -11999.1 -2969.0 12361.0
11866 -11999.1 -2969.0 12361.0
11867 -11999.1 -2969.0 12361.0
11868 -11999.1 -2969.0 12361.0
11869 -11999.1 -2969.0 12361.0
11870 -11999.1 -2969.0 12361.0
11871 -11999.1 -2969.0 12361.0
11872 -11142.1 -1484.5 11240.5
11873 -11142.1 -1484.5 11240.5
11874 -11142.1 -1484.5 11240.5
11875 -11142.1 -1484.5 11240.5
11876 -11142.1 -1484.5 11240.5
11877 -11142.1 -1484.5 11240.5
11878 -11142.1 -1484.5 11240.5
11879 -11999.1 0.0 11999.1
11880 -11999.1 0.0 11999.1
11881 -11999.1 0.0 11999.1
11882 -11999.1 0.0 11999.1
11883 -11999.1 0.0 11999.1
11884 -11999.1 0.0 11999.1
11885 -11999.1 0.0 11999.1
11886 -11142.1 1484.5 11240.5
11887 -11142.1 1484.5 11240.5
11888 -11142.1 1484.5 11240.5
11889 -11142.1 1484.5 11240.5
11890 -11142.1 1484.5 11240.5
11891 -11142.1 1484.5 11240.5
11892 -11142.1 1484.5 11240.5
11893 -11999.1 2969.0 12361.0
11894 -11999.1 2969.0 12361.0
11895 -11999.1 2969.0 12361.0
11896 -11999.1 2969.0 12361.0
11897 -11999.1 2969.0 12361.0
11898 -11999.1 2969.0 12361.0
11899 -11999.1 2969.0 12361.0
11900 -11142.1 4453.5 11999.1
11901 -11142.1 4453.5 11999.1
11902 -11142.1 4453.5 11999.1
11903 -11142.1 4453.5 11999.1
11904 -11142.1 4453.5 11999.1
11905 -11142.1 4453.5 11999.1
11906 -11142.1 4453.5 11999.1
11914 -11142.1 7422.5 13388.0
11915 -11142.1 7422.5 13388.0
11916 -11142.1 7422.5 13388.0
11917 -11142.1 7422.5 13388.0
11918 -11142.1 7422.5 13388.0
11919 -11142.1 7422.5 13388.0
11920 -11142.1 7422.5 13388.0
11928 -11142.1 10391.6 15235.8
11929 -11142.1 10391.6 15235.8
11930 -11142.1 10391.6 15235.8
11931 -11142.1 10391.6 15235.8
11932 -11142.1 10391.6 15235.8
11933 -11142.1 10391.6 15235.8
11934 -11142.1 10391.6 15235.8
11963 -11999.1 17814.1 21478.4
11964 -11999.1 17814.1 21478.4
11965 -11999.1 17814.1 21478.4
11966 -11999.1 17814.1 21478.4
11967 -11999.1 17814.1 21478.4
11968 -11999.1 17814.1 21478.4
11969 -11999.1 17814.1 21478.4
11970 -11142.1 19298.6 22284.1
11971 -11142.1 19298.6 22284.1
11972 -11142.1 19298.6 22284.1
11973 -11142.1 19298.6 22284.1
11974 -11142.1 19298.6 22284.1
11975 -11142.1 19298.6 22284.1
11976 -11142.1 19298.6 22284.1
11984 -11142.1 22267.6 24899.7
11985 -11142.1 22267.6 24899.7
11986 -11142.1 22267.6 24899.7
11987 -11142.1 22267.6 24899.7
11988 -11142.1 22267.6 24899.7
11989 -11142.1 22267.6 24899.7
11990 -11142.1 22267.6 24899.7
12005 -11999.1 26721.2 29291.6
12006 -11999.1 26721.2 29291.6
12007 -11999.1 26721.2 29291.6
12008 -11999.1 26721.2 29291.6
12009 -11999.1 26721.2 29291.6
12010 -11999.1 26721.2 29291.6
12011 -11999.1 26721.2 29291.6
12012 -11142.1 28205.7 30326.6
12013 -11142.1 28205.7 30326.6
12014 -11142.1 28205.7 30326.6
12015 -11142.1 28205.7 30326.6
12016 -11142.1 28205.7 30326.6
12017 -11142.1 28205.7 30326.6
12018 -11142.1 28205.7 30326.6
12033 -11999.1 32659.2 34793.7
12034 -11999.1 32659.2 34793.7
12035 -11999.1 32659.2 34793.7
12036 -11999.1 32659.2 34793.7
12037 -11999.1 32659.2 34793.7
12038 -11999.1 32659.2 34793.7
12039 -11999.1 32659.2 34793.7
12040 -11142.1 34143.7 35915.7
12041 -11142.1 34143.7 35915.7
12042 -11142.1 34143.7 35915.7
12043 -11142.1 34143.7 35915.7
12044 -11142.1 34143.7 35915.7
12045 -11142.1 34143.7 35915.7
12046 -11142.1 34143.7 35915.7
12075 -11999.1 41566.2 43263.5
12076 -11999.1 41566.2 43263.5
12077 -11999.1 41566.2 43263.5
12078 -11999.1 41566.2 43263.5
12079 -11999.1 41566.2 43263.5
12080 -11999.1 41566.2 43263.5
12081 -11999.1 41566.2 43263.5
12082 -11142.1 43050.8 44469.2
12083 -11142.1 43050.8 44469.2
12084 -11142.1 43050.8 44469.2
12085 -11142.1 43050.8 44469.2
12086 -11142.1 43050.8 44469.2
12087 -11142.1 43050.8 44469.2
12088 -11142.1 43050.8 44469.2
12089 -11999.1 44535.3 46123.4
12090 -11999.1 44535.3 46123.4
12091 -11999.1 44535.3 46123.4
12092 -11999.1 44535.3 46123.4
12093 -11999.1 44535.3 46123.4
12094 -11999.1 44535.3 46123.4
12095 -11999.1 44535.3 46123.4
12096 -11142.1 46019.8 47349.4
12097 -11142.1 46019.8 47349.4
12098 -11142.1 46019.8 47349.4
12099 -11142.1 46019.8 47349.4
12100 -11142.1 46019.8 47349.4
12101 -11142.1 46019.8 47349.4
12102 -11142.1 46019.8 47349.4
12103 -11999.1 47504.3 48996.3
12104 -11999.1 47504.3 48996.3
12105 -11999.1 47504.3 48996.3
12106 -11999.1 47504.3 48996.3
12107 -11999.1 47504.3 48996.3
12108 -11999.1 47504.3 48996.3
12109 -11999.1 47504.3 48996.3
12117 -11999.1 50473.3 51880.0
12118 -11999.1 50473.3 51880.0
12119 -11999.1 50473.3 51880.0
12120 -11999.1 50473.3 51880.0
12121 -11999.1 50473.3 51880.0
12122 -11999.1 50473.3 51880.0
12123 -11999.1 50473.3 51880.0
12159 -9427.9 -57895.8 58658.4
12160 -9427.9 -57895.8 58658.4
12161 -9427.9 -57895.8 58658.4
12162 -9427.9 -57895.8 58658.4
12163 -9427.9 -57895.8 58658.4
12164 -9427.9 -57895.8 58658.4
12165 -9427.9 -57895.8 58658.4
12166 -10285.0 -56411.3 57341.3
12167 -10285.0 -56411.3 57341.3
12168 -10285.0 -56411.3 57341.3
12169 -10285.0 -56411.3 57341.3
12170 -10285.0 -56411.3 57341.3
12171 -10285.0 -56411.3 57341.3
12172 -10285.0 -56411.3 57341.3
12173 -9427.9 -54926.8 55730.1
12174 -9427.9 -54926.8 55730.1
12175 -9427.9 -54926.8 55730.1
12176 -9427.9 -54926.8 55730.1
12177 -9427.9 -54926.8 55730.1
12178 -9427.9 -54926.8 55730.1
12179 -9427.9 -54926.8 55730.1
12180 -10285.0 -53442.3 54423.0
12181 -10285.0 -53442.3 54423.0
12182 -10285.0 -53442.3 54423.0
12183 -10285.0 -53442.3 54423.0
12184 -10285.0 -53442.3 54423.0
12185 -10285.0 -53442.3 54423.0
12186 -10285.0 -53442.3 54423.0
12187 -9427.9 -51957.8 52806.2
12188 -9427.9 -51957.8 52806.2
12189 -9427.9 -51957.8 52806.2
12190 -9427.9 -51957.8 52806.2
12191 -9427.9 -51957.8 52806.2
12192 -9427.9 -51957.8 52806.2
12193 -9427.9 -51957.8 52806.2
12201 -9427.9 -48988.8 49887.7
12202 -9427.9 -48988.8 49887.7
12203 -9427.9 -48988.8 49887.7
12204 -9427.9 -48988.8 49887.7
12205 -9427.9 -48988.8 49887.7
12206 -9427.9 -48988.8 49887.7
12207 -9427.9 -48988.8 49887.7
12243 -9427.9 -40081.7 41175.6
12244 -9427.9 -40081.7 41175.6
12245 -9427.9 -40081.7 41175.6
12246 -9427.9 -40081.7 41175.6
12247 -9427.9 -40081.7 41175.6
12248 -9427.9 -40081.7 41175.6
12249 -9427.9 -40081.7 41175.6
12250 -10285.0 -38597.2 39944.0
12251 -10285.0 -38597.2 39944.0
12252 -10285.0 -38597.2 39944.0
12253 -10285.0 -38597.2 39944.0
12254 -10285.0 -38597.2 39944.0
12255 -10285.0 -38597.2 39944.0
12256 -10285.0 -38597.2 39944.0
12257 -9427.9 -37112.7 38291.5
12258 -9427.9 -37112.7 38291.5
12259 -9427.9 -37112.7 38291.5
12260 -9427.9 -37112.7 38291.5
12261 -9427.9 -37112.7 38291.5
12262 -9427.9 -37112.7 38291.5
12263 -9427.9 -37112.7 38291.5
12264 -10285.0 -35628.2 37083.0
12265 -10285.0 -35628.2 37083.0
12266 -10285.0 -35628.2 37083.0
12267 -10285.0 -35628.2 37083.0
12268 -10285.0 -35628.2 37083.0
12269 -10285.0 -35628.2 37083.0
12270 -10285.0 -35628.2 37083.0
12285 -9427.9 -31174.7 32569.1
12286 -9427.9 -31174.7 32569.1
12287 -9427.9 -31174.7 32569.1
12288 -9427.9 -31174.7 32569.1
12289 -9427.9 -31174.7 32569.1
12290 -9427.9 -31174.7 32569.1
12291 -9427.9 -31174.7 32569.1
12292 -10285.0 -29690.2 31421.1
12293 -10285.0 -29690.2 31421.1
12294 -10285.0 -29690.2 31421.1
12295 -10285.0 -29690.2 31421.1
12296 -10285.0 -29690.2 31421.1
12297 -10285.0 -29690.2 31421.1
12298 -10285.0 -29690.2 31421.1
12313 -9427.9 -25236.6 26940.2
12314 -9427.9 -25236.6 26940.2
12315 -9427.9 -25236.6 26940.2
12316 -9427.9 -25236.6 26940.2
12317 -9427.9 -25236.6 26940.2
12318 -9427.9 -25236.6 26940.2
12319 -9427.9 -25236.6 26940.2
12320 -10285.0 -23752.1 25883.3
12321 -10285.0 -23752.1 25883.3
12322 -10285.0 -23752.1 25883.3
12323 -10285.0 -23752.1 25883.3
12324 -10285.0 -23752.1 25883.3
12325 -10285.0 -23752.1 25883.3
12326 -10285.0 -23752.1 25883.3
12334 -10285.0 -20783.1 23188.8
12335 -10285.0 -20783.1 23188.8
12336 -10285.0 -20783.1 23188.8
12337 -10285.0 -20783.1 23188.8
12338 -10285.0 -20783.1 23188.8
12339 -10285.0 -20783.1 23188.8
12340 -10285.0 -20783.1 23188.8
12355 -9427.9 -16329.6 18855.8
12356 -9427.9 -16329.6 18855.8
12357 -9427.9 -16329.6 18855.8
12358 -9427.9 -16329.6 18855.8
12359 -9427.9 -16329.6 18855.8
12360 -9427.9 -16329.6 18855.8
12361 -9427.9 -16329.6 18855.8
12362 -10285.0 -14845.1 18059.8
12363 -10285.0 -14845.1 18059.8
12364 -10285.0 -14845.1 18059.8
12365 -10285.0 -14845.1 18059.8
12366 -10285.0 -14845.1 18059.8
12367 -10285.0 -14845.1 18059.8
12368 -10285.0 -14845.1 18059.8
12369 -9427.9 -13360.6 16352.1
12370 -9427.9 -13360.6 16352.1
12371 -9427.9 -13360.6 16352.1
12372 -9427.9 -13360.6 16352.1
12373 -9427.9 -13360.6 16352.1
12374 -9427.9 -13360.6 16352.1
12375 -9427.9 -13360.6 16352.1
12376 -10285.0 -11876.1 15710.6
12377 -10285.0 -11876.1 15710.6
12378 -10285.0 -11876.1 15710.6
12379 -10285.0 -11876.1 15710.6
12380 -10285.0 -11876.1 15710.6
12381 -10285.0 -11876.1 15710.6
12382 -10285.0 -11876.1 15710.6
12390 -10285.0 -8907.1 13605.7
12391 -10285.0 -8907.1 13605.7
12392 -10285.0 -8907.1 13605.7
12393 -10285.0 -8907.1 13605.7
12394 -10285.0 -8907.1 13605.7
12395 -10285.0 -8907.1 13605.7
12396 -10285.0 -8907.1 13605.7
12404 -10285.0 -5938.0 11876.1
12405 -10285.0 -5938.0 11876.1
12406 -10285.0 -5938.0 11876.1
12407 -10285.0 -5938.0 11876.1
12408 -10285.0 -5938.0 11876.1
12409 -10285.0 -5938.0 11876.1
12410 -10285.0 -5938.0 11876.1
12460 -10285.0 5938.0 11876.1
12461 -10285.0 5938.0 11876.1
12462 -10285.0 5938.0 11876.1
12463 -10285.0 5938.0 11876.1
12464 -10285.0 5938.0 11876.1
12465 -10285.0 5938.0 11876.1
12466 -10285.0 5938.0 11876.1
12474 -10285.0 8907.1 13605.7
12475 -10285.0 8907.1 13605.7
12476 -10285.0 8907.1 13605.7
12477 -10285.0 8907.1 13605.7
12478 -10285.0 8907.1 13605.7
12479 -10285.0 8907.1 13605.7
12480 -10285.0 8907.1 13605.7
12488 -10285.0 11876.1 15710.6
12489 -10285.0 11876.1 15710.6
12490 -10285.0 11876.1 15710.6
12491 -10285.0 11876.1 15710.6
12492 -10285.0 11876.1 15710.6
12493 -10285.0 11876.1 15710.6
12494 -10285.0 11876.1 15710.6
12495 -9427.9 13360.6 16352.1
12496 -9427.9 13360.6 16352.1
12497 -9427.9 13360.6 16352.1
12498 -9427.9 13360.6 16352.1
12499 -9427.9 13360.6 16352.1
12500 -9427.9 13360.6 16352.1
12501 -9427.9 13360.6 16352.1
12502 -10285.0 14845.1 18059.8
12503 -10285.0 14845.1 18059.8
12504 -10285.0 14845.1 18059.8
12505 -10285.0 14845.1 18059.8
12506 -10285.0 14845.1 18059.8
12507 -10285.0 14845.1 18059.8
12508 -10285.0 14845.1 18059.8
12509 -9427.9 16329.6 18855.8
12510 -9427.9 16329.6 18855.8
12511 -9427.9 16329.6 18855.8
12512 -9427.9 16329.6 18855.8
12513 -9427.9 16329.6 18855.8
12514 -9427.9 16329.6 18855.8
12515 -9427.9 16329.6 18855.8
12530 -10285.0 20783.1 23188.8
12531 -10285.0 20783.1 23188.8
12532 -10285.0 20783.1 23188.8
12533 -10285.0 20783.1 23188.8
12534 -10285.0 20783.1 23188.8
12535 -10285.0 20783.1 23188.8
12536 -10285.0 20783.1 23188.8
12544 -10285.0 23752.1 25883.3
12545 -10285.0 23752.1 25883.3
12546 -10285.0 23752.1 25883.3
12547 -10285.0 23752.1 25883.3
12548 -10285.0 23752.1 25883.3
12549 -10285.0 23752.1 25883.3
12550 -10285.0 23752.1 25883.3
12551 -9427.9 25236.6 26940.2
12552 -9427.9 25236.6 26940.2
12553 -9427.9 25236.6 26940.2
12554 -9427.9 25236.6 26940.2
12555 -9427.9 25236.6 26940.2
12556 -9427.9 25236.6 26940.2
12557 -9427.9 25236.6 26940.2
12572 -10285.0 29690.2 31421.1
12573 -10285.0 29690.2 31421.1
12574 -10285.0 29690.2 31421.1
12575 -10285.0 29690.2 31421.1
12576 -10285.0 29690.2 31421.1
12577 -10285.0 29690.2 31421.1
12578 -10285.0 29690.2 31421.1
12579 -9427.9 31174.7 32569.1
12580 -9427.9 31174.7 32569.1
12581 -9427.9 31174.7 32569.1
12582 -9427.9 31174.7 32569.1
12583 -9427.9 31174.7 32569.1
12584 -9427.9 31174.7 32569.1
12585 -9427.9 31174.7 32569.1
12600 -10285.0 35628.2 37083.0
12601 -10285.0 35628.2 37083.0
12602 -10285.0 35628.2 37083.0
12603 -10285.0 35628.2 37083.0
12604 -10285.0 35628.2 37083.0
12605 -10285.0 35628.2 37083.0
12606 -10285.0 35628.2 37083.0
12607 -9427.9 37112.7 38291.5
12608 -9427.9 37112.7 38291.5
12609 -9427.9 37112.7 38291.5
12610 -9427.9 37112.7 38291.5
12611 -9427.9 37112.7 38291.5
12612 -9427.9 37112.7 38291.5
12613 -9427.9 37112.7 38291.5
12614 -10285.0 38597.2 39944.0
12615 -10285.0 38597.2 39944.0
12616 -10285.0 38597.2 39944.0
12617 -10285.0 38597.2 39944.0
12618 -10285.0 38597.2 39944.0
12619 -10285.0 38597.2 39944.0
12620 -10285.0 38597.2 39944.0
12621 -9427.9 40081.7 41175.6
12622 -9427.9 40081.7 41175.6
12623 -9427.9 40081.7 41175.6
12624 -9427.9 40081.7 41175.6
12625 -9427.9 40081.7 41175.6
12626 -9427.9 40081.7 41175.6
12627 -9427.9 40081.7 41175.6
12663 -9427.9 48988.8 49887.7
12664 -9427.9 48988.8 49887.7
12665 -9427.9 48988.8 49887.7
12666 -9427.9 48988.8 49887.7
12667 -9427.9 48988.8 49887.7
12668 -9427.9 48988.8 49887.7
12669 -9427.9 48988.8 49887.7
12677 -9427.9 51957.8 52806.2
12678 -9427.9 51957.8 52806.2
12679 -9427.9 51957.8 52806.2
12680 -9427.9 51957.8 52806.2
12681 -9427.9 51957.8 52806.2
12682 -9427.9 51957.8 52806.2
12683 -9427.9 51957.8 52806.2
12684 -10285.0 53442.3 54423.0
12685 -10285.0 53442.3 54423.0
12686 -10285.0 53442.3 54423.0
12687 -10285.0 53442.3 54423.0
12688 -10285.0 53442.3 54423.0
12689 -10285.0 53442.3 54423.0
12690 -10285.0 53442.3 54423.0
12691 -9427.9 54926.8 55730.1
12692 -9427.9 54926.8 55730.1
12693 -9427.9 54926.8 55730.1
12694 -9427.9 54926.8 55730.1
12695 -9427.9 54926.8 55730.1
12696 -9427.9 54926.8 55730.1
12697 -9427.9 54926.8 55730.1
12698 -10285.0 56411.3 57341.3
12699 -10285.0 56411.3 57341.3
12700 -10285.0 56411.3 57341.3
12701 -10285.0 56411.3 57341.3
12702 -10285.0 56411.3 57341.3
12703 -10285.0 56411.3 57341.3
12704 -10285.0 56411.3 57341.3
12705 -9427.9 57895.8 58658.4
12706 -9427.9 57895.8 58658.4
12707 -9427.9 57895.8 58658.4
12708 -9427.9 57895.8 58658.4
12709 -9427.9 57895.8 58658.4
12710 -9427.9 57895.8 58658.4
12711 -9427.9 57895.8 58658.4
12712 -8570.8 -59380.3 59995.7
12713 -8570.8 -59380.3 59995.7
12714 -8570.8 -59380.3 59995.7
12715 -8570.8 -59380.3 59995.7
12716 -8570.8 -59380.3 59995.7
12717 -8570.8 -59380.3 59995.7
12718 -8570.8 -59380.3 59995.7
12754 -8570.8 -50473.3 51195.8
12755 -8570.8 -50473.3 51195.8
12756 -8570.8 -50473.3 51195.8
12757 -8570.8 -50473.3 51195.8
12758 -8570.8 -50473.3 51195.8
12759 -8570.8 -50473.3 51195.8
12760 -8570.8 -50473.3 51195.8
12768 -8570.8 -47504.3 48271.3
12769 -8570.8 -47504.3 48271.3
12770 -8570.8 -47504.3 48271.3
12771 -8570.8 -47504.3 48271.3
12772 -8570.8 -47504.3 48271.3
12773 -8570.8 -47504.3 48271.3
12774 -8570.8 -47504.3 48271.3
12775 -7713.7 -46019.8 46661.8
12776 -7713.7 -46019.8 46661.8
12777 -7713.7 -46019.8 46661.8
12778 -7713.7 -46019.8 46661.8
12779 -7713.7 -46019.8 46661.8
12780 -7713.7 -46019.8 46661.8
12781 -7713.7 -46019.8 46661.8
12782 -8570.8 -44535.3 45352.5
12783 -8570.8 -44535.3 45352.5
12784 -8570.8 -44535.3 45352.5
12785 -8570.8 -44535.3 45352.5
12786 -8570.8 -44535.3 45352.5
12787 -8570.8 -44535.3 45352.5
12788 -8570.8 -44535.3 45352.5
12789 -7713.7 -43050.8 43736.4
12790 -7713.7 -43050.8 43736.4
12791 -7713.7 -43050.8 43736.4
12792 -7713.7 -43050.8 43736.4
12793 -7713.7 -43050.8 43736.4
12794 -7713.7 -43050.8 43736.4
12795 -7713.7 -43050.8 43736.4
12796 -8570.8 -41566.2 42440.7
12797 -8570.8 -41566.2 42440.7
12798 -8570.8 -41566.2 42440.7
12799 -8570.8 -41566.2 42440.7
12800 -8570.8 -41566.2 42440.7
12801 -8570.8 -41566.2 42440.7
12802 -8570.8 -41566.2 42440.7
12831 -7713.7 -34143.7 35004.2
12832 -7713.7 -34143.7 35004.2
12833 -7713.7 -34143.7 35004.2
12834 -7713.7 -34143.7 35004.2
12835 -7713.7 -34143.7 35004.2
12836 -7713.7 -34143.7 35004.2
12837 -7713.7 -34143.7 35004.2
12838 -8570.8 -32659.2 33765.1
12839 -8570.8 -32659.2 33765.1
12840 -8570.8 -32659.2 33765.1
12841 -8570.8 -32659.2 33765.1
12842 -8570.8 -32659.2 33765.1
12843 -8570.8 -32659.2 33765.1
12844 -8570.8 -32659.2 33765.1
12859 -7713.7 -28205.7 29241.4
12860 -7713.7 -28205.7 29241.4
12861 -7713.7 -28205.7 29241.4
12862 -7713.7 -28205.7 29241.4
12863 -7713.7 -28205.7 29241.4
12864 -7713.7 -28205.7 29241.4
12865 -7713.7 -28205.7 29241.4
12866 -8570.8 -26721.2 28062.1
12867 -8570.8 -26721.2 28062.1
12868 -8570.8 -26721.2 28062.1
12869 -8570.8 -26721.2 28062.1
12870 -8570.8 -26721.2 28062.1
12871 -8570.8 -26721.2 28062.1
12872 -8570.8 -26721.2 28062.1
12887 -7713.7 -22267.6 23565.8
12888 -7713.7 -22267.6 23565.8
12889 -7713.7 -22267.6 23565.8
12890 -7713.7 -22267.6 23565.8
12891 -7713.7 -22267.6 23565.8
12892 -7713.7 -22267.6 23565.8
12893 -7713.7 -22267.6 23565.8
12901 -7713.7 -19298.6 20783.1
12902 -7713.7 -19298.6 20783.1
12903 -7713.7 -19298.6 20783.1
12904 -7713.7 -19298.6 20783.1
12905 -7713.7 -19298.6 20783.1
12906 -7713.7 -19298.6 20783.1
12907 -7713.7 -19298.6 20783.1
12908 -8570.8 -17814.1 19768.7
12909 -8570.8 -17814.1 19768.7
12910 -8570.8 -17814.1 19768.7
12911 -8570.8 -17814.1 19768.7
12912 -8570.8 -17814.1 19768.7
12913 -8570.8 -17814.1 19768.7
12914 -8570.8 -17814.1 19768.7
12943 -7713.7 -10391.6 12941.6
12944 -7713.7 -10391.6 12941.6
12945 -7713.7 -10391.6 12941.6
12946 -7713.7 -10391.6 12941.6
12947 -7713.7 -10391.6 12941.6
12948 -7713.7 -10391.6 12941.6
12949 -7713.7 -10391.6 12941.6
12957 -7713.7 -7422.5 10704.9
12958 -7713.7 -7422.5 10704.9
12959 -7713.7 -7422.5 10704.9
12960 -7713.7 -7422.5 10704.9
12961 -7713.7 -7422.5 10704.9
12962 -7713.7 -7422.5 10704.9
12963 -7713.7 -7422.5 10704.9
12971 -7713.7 -4453.5 8907.1
12972 -7713.7 -4453.5 8907.1
12973 -7713.7 -4453.5 8907.1
12974 -7713.7 -4453.5 8907.1
12975 -7713.7 -4453.5 8907.1
12976 -7713.7 -4453.5 8907.1
12977 -7713.7 -4453.5 8907.1
12978 -8570.8 -2969.0 9070.5
12979 -8570.8 -2969.0 9070.5
12980 -8570.8 -2969.0 9070.5
12981 -8570.8 -2969.0 9070.5
12982 -8570.8 -2969.0 9070.5
12983 -8570.8 -2969.0 9070.5
12984 -8570.8 -2969.0 9070.5
12985 -7713.7 -1484.5 7855.3
12986 -7713.7 -1484.5 7855.3
12987 -7713.7 -1484.5 7855.3
12988 -7713.7 -1484.5 7855.3
12989 -7713.7 -1484.5 7855.3
12990 -7713.7 -1484.5 7855.3
12991 -7713.7 -1484.5 7855.3
12992 -8570.8 0.0 8570.8
12993 -8570.8 0.0 8570.8
12994 -8570.8 0.0 8570.8
12995 -8570.8 0.0 8570.8
12996 -8570.8 0.0 8570.8
12997 -8570.8 0.0 8570.8
12998 -8570.8 0.0 8570.8
12999 -7713.7 1484.5 7855.3
13000 -7713.7 1484.5 7855.3
13001 -7713.7 1484.5 7855.3
13002 -7713.7 1484.5 7855.3
13003 -7713.7 1484.5 7855.3
13004 -7713.7 1484.5 7855.3
13005 -7713.7 1484.5 7855.3
13006 -8570.8 2969.0 9070.5
13007 -8570.8 2969.0 9070.5
13008 -8570.8 2969.0 9070.5
13009 -8570.8 2969.0 9070.5
13010 -8570.8 2969.0 9070.5
13011 -8570.8 2969.0 9070.5
13012 -8570.8 2969.0 9070.5
13013 -7713.7 4453.5 8907.1
13014 -7713.7 4453.5 8907.1
13015 -7713.7 4453.5 8907.1
13016 -7713.7 4453.5 8907.1
13017 -7713.7 4453.5 8907.1
13018 -7713.7 4453.5 8907.1
13019 -7713.7 4453.5 8907.1
13027 -7713.7 7422.5 10704.9
13028 -7713.7 7422.5 10704.9
13029 -7713.7 7422.5 10704.9
13030 -7713.7 7422.5 10704.9
13031 -7713.7 7422.5 10704.9
13032 -7713.7 7422.5 10704.9
13033 -7713.7 7422.5 10704.9
13041 -7713.7 10391.6 12941.6
13042 -7713.7 10391.6 12941.6
13043 -7713.7 10391.6 12941.6
13044 -7713.7 10391.6 12941.6
13045 -7713.7 10391.6 12941.6
13046 -7713.7 10391.6 12941.6
13047 -7713.7 10391.6 12941.6
13076 -8570.8 17814.1 19768.7
13077 -8570.8 17814.1 19768.7
13078 -8570.8 17814.1 19768.7
13079 -8570.8 17814.1 19768.7
13080 -8570.8 17814.1 19768.7
13081 -8570.8 17814.1 19768.7
13082 -8570.8 17814.1 19768.7
13083 -7713.7 19298.6 20783.1
13084 -7713.7 19298.6 20783.1
13085 -7713.7 19298.6 20783.1
13086 -7713.7 19298.6 20783.1
13087 -7713.7 19298.6 20783.1
13088 -7713.7 19298.6 20783.1
13089 -7713.7 19298.6 20783.1
13097 -7713.7 22267.6 23565.8
13098 -7713.7 22267.6 23565.8
13099 -7713.7 22267.6 23565.8
13100 -7713.7 22267.6 23565.8
13101 -7713.7 22267.6 23565.8
13102 -7713.7 22267.6 23565.8
13103 -7713.7 22267.6 23565.8
13118 -8570.8 26721.2 28062.1
13119 -8570.8 26721.2 28062.1
13120 -8570.8 26721.2 28062.1
13121 -8570.8 26721.2 28062.1
13122 -8570.8 26721.2 28062.1
13123 -8570.8 26721.2 28062.1
13124 -8570.8 26721.2 28062.1
13125 -7713.7 28205.7 29241.4
13126 -7713.7 28205.7 29241.4
13127 -7713.7 28205.7 29241.4
13128 -7713.7 28205.7 29241.4
13129 -7713.7 28205.7 29241.4
13130 -7713.7 28205.7 29241.4
13131 -7713.7 28205.7 29241.4
13146 -8570.8 32659.2 33765.1
13147 -8570.8 32659.2 33765.1
13148 -8570.8 32659.2 33765.1
13149 -8570.8 32659.2 33765.1
13150 -8570.8 32659.2 33765.1
13151 -8570.8 32659.2 33765.1
13152 -8570.8 32659.2 33765.1
13153 -7713.7 34143.7 35004.2
13154 -7713.7 34143.7 35004.2
13155 -7713.7 34143.7 35004.2
13156 -7713.7 34143.7 35004.2
13157 -7713.7 34143.7 35004.2
13158 -7713.7 34143.7 35004.2
13159 -7713.7 34143.7 35004.2
13188 -8570.8 41566.2 42440.7
13189 -8570.8 41566.2 42440.7
13190 -8570.8 41566.2 42440.7
13191 -8570.8 41566.2 42440.7
13192 -8570.8 41566.2 42440.7
13193 -8570.8 41566.2 42440.7
13194 -8570.8 41566.2 42440.7
13195 -7713.7 43050.8 43736.4
13196 -7713.7 43050.8 43736.4
13197 -7713.7 43050.8 43736.4
13198 -7713.7 43050.8 43736.4
13199 -7713.7 43050.8 43736.4
13200 -7713.7 43050.8 43736.4
13201 -7713.7 43050.8 43736.4
13202 -8570.8 44535.3 45352.5
13203 -8570.8 44535.3 45352.5
13204 -8570.8 44535.3 45352.5
13205 -8570.8 44535.3 45352.5
13206 -8570.8 44535.3 45352.5
13207 -8570.8 44535.3 45352.5
13208 -8570.8 44535.3 45352.5
13209 -7713.7 46019.8 46661.8
13210 -7713.7 46019.8 46661.8
13211 -7713.7 46019.8 46661.8
13212 -7713.7 46019.8 46661.8
13213 -7713.7 46019.8 46661.8
13214 -7713.7 46019.8 46661.8
13215 -7713.7 46019.8 46661.8
13216 -8570.8 47504.3 48271.3
13217 -8570.8 47504.3 48271.3
13218 -8570.8 47504.3 48271.3
13219 -8570.8 47504.3 48271.3
13220 -8570.8 47504.3 48271.3
13221 -8570.8 47504.3 48271.3
13222 -8570.8 47504.3 48271.3
13230 -8570.8 50473.3 51195.8
13231 -8570.8 50473.3 51195.8
13232 -8570.8 50473.3 51195.8
13233 -8570.8 50473.3 51195.8
13234 -8570.8 50473.3 51195.8
13235 -8570.8 50473.3 51195.8
13236 -8570.8 50473.3 51195.8
13272 -8570.8 59380.3 59995.7
13273 -8570.8 59380.3 59995.7
13274 -8570.8 59380.3 59995.7
13275 -8570.8 59380.3 59995.7
13276 -8570.8 59380.3 59995.7
13277 -8570.8 59380.3 59995.7
13278 -8570.8 59380.3 59995.7
13286 -5999.6 -57895.8 58205.9
13287 -5999.6 -57895.8 58205.9
13288 -5999.6 -57895.8 58205.9
13289 -5999.6 -57895.8 58205.9
13290 -5999.6 -57895.8 58205.9
13291 -5999.6 -57895.8 58205.9
13292 -5999.6 -57895.8 58205.9
13293 -6856.7 -56411.3 56826.5
13294 -6856.7 -56411.3 56826.5
13295 -6856.7 -56411.3 56826.5
13296 -6856.7 -56411.3 56826.5
13297 -6856.7 -56411.3 56826.5
13298 -6856.7 -56411.3 56826.5
13299 -6856.7 -56411.3 56826.5
13300 -5999.6 -54926.8 55253.5
13301 -5999.6 -54926.8 55253.5
13302 -5999.6 -54926.8 55253.5
13303 -5999.6 -54926.8 55253.5
13304 -5999.6 -54926.8 55253.5
13305 -5999.6 -54926.8 55253.5
13306 -5999.6 -54926.8 55253.5
13307 -6856.7 -53442.3 53880.4
13308 -6856.7 -53442.3 53880.4
13309 -6856.7 -53442.3 53880.4
13310 -6856.7 -53442.3 53880.4
13311 -6856.7 -53442.3 53880.4
13312 -6856.7 -53442.3 53880.4
13313 -6856.7 -53442.3 53880.4
13314 -5999.6 -51957.8 52303.0
13315 -5999.6 -51957.8 52303.0
13316 -5999.6 -51957.8 52303.0
13317 -5999.6 -51957.8 52303.0
13318 -5999.6 -51957.8 52303.0
13319 -5999.6 -51957.8 52303.0
13320 -5999.6 -51957.8 52303.0
13328 -5999.6 -48988.8 49354.8
13329 -5999.6 -48988.8 49354.8
13330 -5999.6 -48988.8 49354.8
13331 -5999.6 -48988.8 49354.8
13332 -5999.6 -48988.8 49354.8
13333 -5999.6 -48988.8 49354.8
13334 -5999.6 -48988.8 49354.8
13370 -5999.6 -40081.7 40528.3
13371 -5999.6 -40081.7 40528.3
13372 -5999.6 -40081.7 40528.3
13373 -5999.6 -40081.7 40528.3
13374 -5999.6 -40081.7 40528.3
13375 -5999.6 -40081.7 40528.3
13376 -5999.6 -40081.7 40528.3
13377 -6856.7 -38597.2 39201.5
13378 -6856.7 -38597.2 39201.5
13379 -6856.7 -38597.2 39201.5
13380 -6856.7 -38597.2 39201.5
13381 -6856.7 -38597.2 39201.5
13382 -6856.7 -38597.2 39201.5
13383 -6856.7 -38597.2 39201.5
13384 -5999.6 -37112.7 37594.5
13385 -5999.6 -37112.7 37594.5
13386 -5999.6 -37112.7 37594.5
13387 -5999.6 -37112.7 37594.5
13388 -5999.6 -37112.7 37594.5
13389 -5999.6 -37112.7 37594.5
13390 -5999.6 -37112.7 37594.5
13391 -6856.7 -35628.2 36282.0
13392 -6856.7 -35628.2 36282.0
13393 -6856.7 -35628.2 36282.0
13394 -6856.7 -35628.2 36282.0
13395 -6856.7 -35628.2 36282.0
13396 -6856.7 -35628.2 36282.0
13397 -6856.7 -35628.2 36282.0
13412 -5999.6 -31174.7 31746.7
13413 -5999.6 -31174.7 31746.7
13414 -5999.6 -31174.7 31746.7
13415 -5999.6 -31174.7 31746.7
13416 -5999.6 -31174.7 31746.7
13417 -5999.6 -31174.7 31746.7
13418 -5999.6 -31174.7 31746.7
13419 -6856.7 -29690.2 30471.6
13420 -6856.7 -29690.2 30471.6
13421 -6856.7 -29690.2 30471.6
13422 -6856.7 -29690.2 30471.6
13423 -6856.7 -29690.2 30471.6
13424 -6856.7 -29690.2 30471.6
13425 -6856.7 -29690.2 30471.6
13440 -5999.6 -25236.6 25940.0
13441 -5999.6 -25236.6 25940.0
13442 -5999.6 -25236.6 25940.0
13443 -5999.6 -25236.6 25940.0
13444 -5999.6 -25236.6 25940.0
13445 -5999.6 -25236.6 25940.0
13446 -5999.6 -25236.6 25940.0
13447 -6856.7 -23752.1 24722.0
13448 -6856.7 -23752.1 24722.0
13449 -6856.7 -23752.1 24722.0
13450 -6856.7 -23752.1 24722.0
13451 -6856.7 -23752.1 24722.0
13452 -6856.7 -23752.1 24722.0
13453 -6856.7 -23752.1 24722.0
13461 -6856.7 -20783.1 21885.0
13462 -6856.7 -20783.1 21885.0
13463 -6856.7 -20783.1 21885.0
13464 -6856.7 -20783.1 21885.0
13465 -6856.7 -20783.1 21885.0
13466 -6856.7 -20783.1 21885.0
13467 -6856.7 -20783.1 21885.0
13482 -5999.6 -16329.6 17396.9
13483 -5999.6 -16329.6 17396.9
13484 -5999.6 -16329.6 17396.9
13485 -5999.6 -16329.6 17396.9
13486 -5999.6 -16329.6 17396.9
13487 -5999.6 -16329.6 17396.9
13488 -5999.6 -16329.6 17396.9
13489 -6856.7 -14845.1 16352.1
13490 -6856.7 -14845.1 16352.1
13491 -6856.7 -14845.1 16352.1
13492 -6856.7 -14845.1 16352.1
13493 -6856.7 -14845.1 16352.1
13494 -6856.7 -14845.1 16352.1
13495 -6856.7 -14845.1 16352.1
13496 -5999.6 -13360.6 14645.8
13497 -5999.6 -13360.6 14645.8
13498 -5999.6 -13360.6 14645.8
13499 -5999.6 -13360.6 14645.8
13500 -5999.6 -13360.6 14645.8
13501 -5999.6 -13360.6 14645.8
13502 -5999.6 -13360.6 14645.8
13503 -6856.7 -11876.1 13713.3
13504 -6856.7 -11876.1 13713.3
13505 -6856.7 -11876.1 13713.3
13506 -6856.7 -11876.1 13713.3
13507 -6856.7 -11876.1 13713.3
13508 -6856.7 -11876.1 13713.3
13509 -6856.7 -11876.1 13713.3
13517 -6856.7 -8907.1 11240.5
13518 -6856.7 -8907.1 11240.5
13519 -6856.7 -8907.1 11240.5
13520 -6856.7 -8907.1 11240.5
13521 -6856.7 -8907.1 11240.5
13522 -6856.7 -8907.1 11240.5
13523 -6856.7 -8907.1 11240.5
13531 -6856.7 -5938.0 9070.5
13532 -6856.7 -5938.0 9070.5
13533 -6856.7 -5938.0 9070.5
13534 -6856.7 -5938.0 9070.5
13535 -6856.7 -5938.0 9070.5
13536 -6856.7 -5938.0 9070.5
13537 -6856.7 -5938.0 9070.5
13587 -6856.7 5938.0 9070.5
13588 -6856.7 5938.0 9070.5
13589 -6856.7 5938.0 9070.5
13590 -6856.7 5938.0 9070.5
13591 -6856.7 5938.0 9070.5
13592 -6856.7 5938.0 9070.5
13593 -6856.7 5938.0 9070.5
13601 -6856.7 8907.1 11240.5
13602 -6856.7 8907.1 11240.5
13603 -6856.7 8907.1 11240.5
13604 -6856.7 8907.1 11240.5
13605 -6856.7 8907.1 11240.5
13606 -6856.7 8907.1 11240.5
13607 -6856.7 8907.1 11240.5
13615 -6856.7 11876.1 13713.3
13616 -6856.7 11876.1 13713.3
13617 -6856.7 11876.1 13713.3
13618 -6856.7 11876.1 13713.3
13619 -6856.7 11876.1 13713.3
13620 -6856.7 11876.1 13713.3
13621 -6856.7 11876.1 13713.3
13622 -5999.6 13360.6 14645.8
13623 -5999.6 13360.6 14645.8
13624 -5999.6 13360.6 14645.8
13625 -5999.6 13360.6 14645.8
13626 -5999.6 13360.6 14645.8
13627 -5999.6 13360.6 14645.8
13628 -5999.6 13360.6 14645.8
13629 -6856.7 14845.1 16352.1
13630 -6856.7 14845.1 16352.1
13631 -6856.7 14845.1 16352.1
13632 -6856.7 14845.1 16352.1
13633 -6856.7 14845.1 16352.1
13634 -6856.7 14845.1 16352.1
13635 -6856.7 14845.1 16352.1
13636 -5999.6 16329.6 17396.9
13637 -5999.6 16329.6 17396.9
13638 -5999.6 16329.6 17396.9
13639 -5999.6 16329.6 17396.9
13640 -5999.6 16329.6 17396.9
13641 -5999.6 16329.6 17396.9
13642 -5999.6 16329.6 17396.9
13657 -6856.7 20783.1 21885.0
13658 -6856.7 20783.1 21885.0
13659 -6856.7 20783.1 21885.0
13660 -6856.7 20783.1 21885.0
13661 -6856.7 20783.1 21885.0
13662 -6856.7 20783.1 21885.0
13663 -6856.7 20783.1 21885.0
13671 -6856.7 23752.1 24722.0
13672 -6856.7 23752.1 24722.0
13673 -6856.7 23752.1 24722.0
13674 -6856.7 23752.1 24722.0
13675 -6856.7 23752.1 24722.0
13676 -6856.7 23752.1 24722.0
13677 -6856.7 23752.1 24722.0
13678 -5999.6 25236.6 25940.0
13679 -5999.6 25236.6 25940.0
13680 -5999.6 25236.6 25940.0
13681 -5999.6 25236.6 25940.0
13682 -5999.6 25236.6 25940.0
13683 -5999.6 25236.6 25940.0
13684 -5999.6 25236.6 25940.0
13699 -6856.7 29690.2 30471.6
13700 -6856.7 29690.2 30471.6
13701 -6856.7 29690.2 30471.6
13702 -6856.7 29690.2 30471.6
13703 -6856.7 29690.2 30471.6
13704 -6856.7 29690.2 30471.6
13705 -6856.7 29690.2 30471.6
13706 -5999.6 31174.7 31746.7
13707 -5999.6 31174.7 31746.7
13708 -5999.6 31174.7 31746.7
13709 -5999.6 31174.7 31746.7
13710 -5999.6 31174.7 31746.7
13711 -5999.6 31174.7 31746.7
13712 -5999.6 31174.7 31746.7
13727 -6856.7 35628.2 36282.0
13728 -6856.7 35628.2 36282.0
13729 -6856.7 35628.2 36282.0
13730 -6856.7 35628.2 36282.0
13731 -6856.7 35628.2 36282.0
13732 -6856.7 35628.2 36282.0
13733 -6856.7 35628.2 36282.0
13734 -5999.6 37112.7 37594.5
13735 -5999.6 37112.7 37594.5
13736 -5999.6 37112.7 37594.5
13737 -5999.6 37112.7 37594.5
13738 -5999.6 37112.7 37594.5
13739 -5999.6 37112.7 37594.5
13740 -5999.6 37112.7 37594.5
13741 -6856.7 38597.2 39201.5
13742 -6856.7 38597.2 39201.5
13743 -6856.7 38597.2 39201.5
13744 -6856.7 38597.2 39201.5
13745 -6856.7 38597.2 39201.5
13746 -6856.7 38597.2 39201.5
13747 -6856.7 38597.2 39201.5
13748 -5999.6 40081.7 40528.3
13749 -5999.6 40081.7 40528.3
13750 -5999.6 40081.7 40528.3
13751 -5999.6 40081.7 40528.3
13752 -5999.6 40081.7 40528.3
13753 -5999.6 40081.7 40528.3
13754 -5999.6 40081.7 40528.3
13790 -5999.6 48988.8 49354.8
13791 -5999.6 48988.8 49354.8
13792 -5999.6 48988.8 49354.8
13793 -5999.6 48988.8 49354.8
13794 -5999.6 48988.8 49354.8
13795 -5999.6 48988.8 49354.8
13796 -5999.6 48988.8 49354.8
13804 -5999.6 51957.8 52303.0
13805 -5999.6 51957.8 52303.0
13806 -5999.6 51957.8 52303.0
13807 -5999.6 51957.8 52303.0
13808 -5999.6 51957.8 52303.0
13809 -5999.6 51957.8 52303.0
13810 -5999.6 51957.8 52303.0
13811 -6856.7 53442.3 53880.4
13812 -6856.7 53442.3 53880.4
13813 -6856.7 53442.3 53880.4
13814 -6856.7 53442.3 53880.4
13815 -6856.7 53442.3 53880.4
13816 -6856.7 53442.3 53880.4
13817 -6856.7 53442.3 53880.4
13818 -5999.6 54926.8 55253.5
13819 -5999.6 54926.8 55253.5
13820 -5999.6 54926.8 55253.5
13821 -5999.6 54926.8 55253.5
13822 -5999.6 54926.8 55253.5
13823 -5999.6 54926.8 55253.5
13824 -5999.6 54926.8 55253.5
13825 -6856.7 56411.3 56826.5
13826 -6856.7 56411.3 56826.5
13827 -6856.7 56411.3 56826.5
13828 -6856.7 56411.3 56826.5
13829 -6856.7 56411.3 56826.5
13830 -6856.7 56411.3 56826.5
13831 -6856.7 56411.3 56826.5
13832 -5999.6 57895.8 58205.9
13833 -5999.6 57895.8 58205.9
13834 -5999.6 57895.8 58205.9
13835 -5999.6 57895.8 58205.9
13836 -5999.6 57895.8 58205.9
13837 -5999.6 57895.8 58205.9
13838 -5999.6 57895.8 58205.9
13846 -5142.5 -59380.3 59602.6
13847 -5142.5 -59380.3 59602.6
13848 -5142.5 -59380.3 59602.6
13849 -5142.5 -59380.3 59602.6
13850 -5142.5 -59380.3 59602.6
13851 -5142.5 -59380.3 59602.6
13852 -5142.5 -59380.3 59602.6
13888 -5142.5 -50473.3 50734.6
13889 -5142.5 -50473.3 50734.6
13890 -5142.5 -50473.3 50734.6
13891 -5142.5 -50473.3 50734.6
13892 -5142.5 -50473.3 50734.6
13893 -5142.5 -50473.3 50734.6
13894 -5142.5 -50473.3 50734.6
13902 -5142.5 -47504.3 47781.8
13903 -5142.5 -47504.3 47781.8
13904 -5142.5 -47504.3 47781.8
13905 -5142.5 -47504.3 47781.8
13906 -5142.5 -47504.3 47781.8
13907 -5142.5 -47504.3 47781.8
13908 -5142.5 -47504.3 47781.8
13909 -4285.4 -46019.8 46218.9
13910 -4285.4 -46019.8 46218.9
13911 -4285.4 -46019.8 46218.9
13912 -4285.4 -46019.8 46218.9
13913 -4285.4 -46019.8 46218.9
13914 -4285.4 -46019.8 46218.9
13915 -4285.4 -46019.8 46218.9
13916 -5142.5 -44535.3 44831.2
13917 -5142.5 -44535.3 44831.2
13918 -5142.5 -44535.3 44831.2
13919 -5142.5 -44535.3 44831.2
13920 -5142.5 -44535.3 44831.2
13921 -5142.5 -44535.3 44831.2
13922 -5142.5 -44535.3 44831.2
13923 -4285.4 -43050.8 43263.5
13924 -4285.4 -43050.8 43263.5
13925 -4285.4 -43050.8 43263.5
13926 -4285.4 -43050.8 43263.5
13927 -4285.4 -43050.8 43263.5
13928 -4285.4 -43050.8 43263.5
13929 -4285.4 -43050.8 43263.5
13930 -5142.5 -41566.2 41883.1
13931 -5142.5 -41566.2 41883.1
13932 -5142.5 -41566.2 41883.1
13933 -5142.5 -41566.2 41883.1
13934 -5142.5 -41566.2 41883.1
13935 -5142.5 -41566.2 41883.1
13936 -5142.5 -41566.2 41883.1
13965 -4285.4 -34143.7 34411.6
13966 -4285.4 -34143.7 34411.6
13967 -4285.4 -34143.7 34411.6
13968 -4285.4 -34143.7 34411.6
13969 -4285.4 -34143.7 34411.6
13970 -4285.4 -34143.7 34411.6
13971 -4285.4 -34143.7 34411.6
13972 -5142.5 -32659.2 33061.6
13973 -5142.5 -32659.2 33061.6
13974 -5142.5 -32659.2 33061.6
13975 -5142.5 -32659.2 33061.6
13976 -5142.5 -32659.2 33061.6
13977 -5142.5 -32659.2 33061.6
13978 -5142.5 -32659.2 33061.6
13993 -4285.4 -28205.7 28529.4
13994 -4285.4 -28205.7 28529.4
13995 -4285.4 -28205.7 28529.4
13996 -4285.4 -28205.7 28529.4
13997 -4285.4 -28205.7 28529.4
13998 -4285.4 -28205.7 28529.4
13999 -4285.4 -28205.7 28529.4
14000 -5142.5 -26721.2 27211.5
14001 -5142.5 -26721.2 27211.5
14002 -5142.5 -26721.2 27211.5
14003 -5142.5 -26721.2 27211.5
14004 -5142.5 -26721.2 27211.5
14005 -5142.5 -26721.2 27211.5
14006 -5142.5 -26721.2 27211.5
14021 -4285.4 -22267.6 22676.2
14022 -4285.4 -22267.6 22676.2
14023 -4285.4 -22267.6 22676.2
14024 -4285.4 -22267.6 22676.2
14025 -4285.4 -22267.6 22676.2
14026 -4285.4 -22267.6 22676.2
14027 -4285.4 -22267.6 22676.2
14035 -4285.4 -19298.6 19768.7
14036 -4285.4 -19298.6 19768.7
14037 -4285.4 -19298.6 19768.7
14038 -4285.4 -19298.6 19768.7
14039 -4285.4 -19298.6 19768.7
14040 -4285.4 -19298.6 19768.7
14041 -4285.4 -19298.6 19768.7
14042 -5142.5 -17814.1 18541.5
14043 -5142.5 -17814.1 18541.5
14044 -5142.5 -17814.1 18541.5
14045 -5142.5 -17814.1 18541.5
14046 -5142.5 -17814.1 18541.5
14047 -5142.5 -17814.1 18541.5
14048 -5142.5 -17814.1 18541.5
14077 -4285.4 -10391.6 11240.5
14078 -4285.4 -10391.6 11240.5
14079 -4285.4 -10391.6 11240.5
14080 -4285.4 -10391.6 11240.5
14081 -4285.4 -10391.6 11240.5
14082 -4285.4 -10391.6 11240.5
14083 -4285.4 -10391.6 11240.5
14091 -4285.4 -7422.5 8570.8
14092 -4285.4 -7422.5 8570.8
14093 -4285.4 -7422.5 8570.8
14094 -4285.4 -7422.5 8570.8
14095 -4285.4 -7422.5 8570.8
14096 -4285.4 -7422.5 8570.8
14097 -4285.4 -7422.5 8570.8
14105 -4285.4 -4453.5 6180.5
14106 -4285.4 -4453.5 6180.5
14107 -4285.4 -4453.5 6180.5
14108 -4285.4 -4453.5 6180.5
14109 -4285.4 -4453.5 6180.5
14110 -4285.4 -4453.5 6180.5
14111 -4285.4 -4453.5 6180.5
14112 -5142.5 -2969.0 5938.0
14113 -5142.5 -2969.0 5938.0
14114 -5142.5 -2969.0 5938.0
14115 -5142.5 -2969.0 5938.0
14116 -5142.5 -2969.0 5938.0
14117 -5142.5 -2969.0 5938.0
14118 -5142.5 -2969.0 5938.0
14119 -4285.4 -1484.5 4535.2
14120 -4285.4 -1484.5 4535.2
14121 -4285.4 -1484.5 4535.2
14122 -4285.4 -1484.5 4535.2
14123 -4285.4 -1484.5 4535.2
14124 -4285.4 -1484.5 4535.2
14125 -4285.4 -1484.5 4535.2
14126 -5142.5 0.0 5142.5
14127 -5142.5 0.0 5142.5
14128 -5142.5 0.0 5142.5
14129 -5142.5 0.0 5142.5
14130 -5142.5 0.0 5142.5
14131 -5142.5 0.0 5142.5
14132 -5142.5 0.0 5142.5
14133 -4285.4 1484.5 4535.2
14134 -4285.4 1484.5 4535.2
14135 -4285.4 1484.5 4535.2
14136 -4285.4 1484.5 4535.2
14137 -4285.4 1484.5 4535.2
14138 -4285.4 1484.5 4535.2
14139 -4285.4 1484.5 4535.2
14140 -5142.5 2969.0 5938.0
14141 -5142.5 2969.0 5938.0
14142 -5142.5 2969.0 5938.0
14143 -5142.5 2969.0 5938.0
14144 -5142.5 2969.0 5938.0
14145 -5142.5 2969.0 5938.0
14146 -5142.5 2969.0 5938.0
14147 -4285.4 4453.5 6180.5
14148 -4285.4 4453.5 6180.5
14149 -4285.4 4453.5 6180.5
14150 -4285.4 4453.5 6180.5
14151 -4285.4 4453.5 6180.5
14152 -4285.4 4453.5 6180.5
14153 -4285.4 4453.5 6180.5
14161 -4285.4 7422.5 8570.8
14162 -4285.4 7422.5 8570.8
14163 -4285.4 7422.5 8570.8
14164 -4285.4 7422.5 8570.8
14165 -4285.4 7422.5 8570.8
14166 -4285.4 7422.5 8570.8
14167 -4285.4 7422.5 8570.8
14175 -4285.4 10391.6 11240.5
14176 -4285.4 10391.6 11240.5
14177 -4285.4 10391.6 11240.5
14178 -4285.4 10391.6 11240.5
14179 -4285.4 10391.6 11240.5
14180 -4285.4 10391.6 11240.5
14181 -4285.4 10391.6 11240.5
14210 -5142.5 17814.1 18541.5
14211 -5142.5 17814.1 18541.5
14212 -5142.5 17814.1 18541.5
14213 -5142.5 17814.1 18541.5
14214 -5142.5 17814.1 18541.5
14215 -5142.5 17814.1 18541.5
14216 -5142.5 17814.1 18541.5
14217 -4285.4 19298.6 19768.7
14218 -4285.4 19298.6 19768.7
14219 -4285.4 19298.6 19768.7
14220 -4285.4 19298.6 19768.7
14221 -4285.4 19298.6 19768.7
14222 -4285.4 19298.6 19768.7
14223 -4285.4 19298.6 19768.7
14231 -4285.4 22267.6 22676.2
14232 -4285.4 22267.6 22676.2
14233 -4285.4 22267.6 22676.2
14234 -4285.4 22267.6 22676.2
14235 -4285.4 22267.6 22676.2
14236 -4285.4 22267.6 22676.2
14237 -4285.4 22267.6 22676.2
14252 -5142.5 26721.2 27211.5
14253 -5142.5 26721.2 27211.5
14254 -5142.5 26721.2 27211.5
14255 -5142.5 26721.2 27211.5
14256 -5142.5 26721.2 27211.5
14257 -5142.5 26721.2 27211.5
14258 -5142.5 26721.2 27211.5
14259 -4285.4 28205.7 28529.4
14260 -4285.4 28205.7 28529.4
14261 -4285.4 28205.7 28529.4
14262 -4285.4 28205.7 28529.4
14263 -4285.4 28205.7 28529.4
14264 -4285.4 28205.7 28529.4
14265 -4285.4 28205.7 28529.4
14280 -5142.5 32659.2 33061.6
14281 -5142.5 32659.2 33061.6
14282 -5142.5 32659.2 33061.6
14283 -5142.5 32659.2 33061.6
14284 -5142.5 32659.2 33061.6
14285 -5142.5 32659.2 33061.6
14286 -5142.5 32659.2 33061.6
14287 -4285.4 34143.7 34411.6
14288 -4285.4 34143.7 34411.6
14289 -4285.4 34143.7 34411.6
14290 -4285.4 34143.7 34411.6
14291 -4285.4 34143.7 34411.6
14292 -4285.4 34143.7 34411.6
14293 -4285.4 34143.7 34411.6
14322 -5142.5 41566.2 41883.1
14323 -5142.5 41566.2 41883.1
14324 -5142.5 41566.2 41883.1
14325 -5142.5 41566.2 41883.1
14326 -5142.5 41566.2 41883.1
14327 -5142.5 41566.2 41883.1
14328 -5142.5 41566.2 41883.1
14329 -4285.4 43050.8 43263.5
14330 -4285.4 43050.8 43263.5
14331 -4285.4 43050.8 43263.5
14332 -4285.4 43050.8 43263.5
14333 -4285.4 43050.8 43263.5
14334 -4285.4 43050.8 43263.5
14335 -4285.4 43050.8 43263.5
14336 -5142.5 44535.3 44831.2
14337 -5142.5 44535.3 44831.2
14338 -5142.5 44535.3 44831.2
14339 -5142.5 44535.3 44831.2
14340 -5142.5 44535.3 44831.2
14341 -5142.5 44535.3 44831.2
14342 -5142.5 44535.3 44831.2
14343 -4285.4 46019.8 46218.9
14344 -4285.4 46019.8 46218.9
14345 -4285.4 46019.8 46218.9
14346 -4285.4 46019.8 46218.9
14347 -4285.4 46019.8 46218.9
14348 -4285.4 46019.8 46218.9
14349 -4285.4 46019.8 46218.9
14350 -5142.5 47504.3 47781.8
14351 -5142.5 47504.3 47781.8
14352 -5142.5 47504.3 47781.8
14353 -5142.5 47504.3 47781.8
14354 -5142.5 47504.3 47781.8
14355 -5142.5 47504.3 47781.8
14356 -5142.5 47504.3 47781.8
14364 -5142.5 50473.3 50734.6
14365 -5142.5 50473.3 50734.6
14366 -5142.5 50473.3 50734.6
14367 -5142.5 50473.3 50734.6
14368 -5142.5 50473.3 50734.6
14369 -5142.5 50473.3 50734.6
14370 -5142.5 50473.3 50734.6
14406 -5142.5 59380.3 59602.6
14407 -5142.5 59380.3 59602.6
14408 -5142.5 59380.3 59602.6
14409 -5142.5 59380.3 59602.6
14410 -5142.5 59380.3 59602.6
14411 -5142.5 59380.3 59602.6
14412 -5142.5 59380.3 59602.6
14420 -2571.2 -57895.8 57952.9
14421 -2571.2 -57895.8 57952.9
14422 -2571.2 -57895.8 57952.9
14423 -2571.2 -57895.8 57952.9
14424 -2571.2 -57895.8 57952.9
14425 -2571.2 -57895.8 57952.9
14426 -2571.2 -57895.8 57952.9
14427 -3428.3 -56411.3 56515.4
14428 -3428.3 -56411.3 56515.4
14429 -3428.3 -56411.3 56515.4
14430 -3428.3 -56411.3 56515.4
14431 -3428.3 -56411.3 56515.4
14432 -3428.3 -56411.3 56515.4
14433 -3428.3 -56411.3 56515.4
14434 -2571.2 -54926.8 54987.0
14435 -2571.2 -54926.8 54987.0
14436 -2571.2 -54926.8 54987.0
14437 -2571.2 -54926.8 54987.0
14438 -2571.2 -54926.8 54987.0
14439 -2571.2 -54926.8 54987.0
14440 -2571.2 -54926.8 54987.0
14441 -3428.3 -53442.3 53552.2
14442 -3428.3 -53442.3 53552.2
14443 -3428.3 -53442.3 53552.2
14444 -3428.3 -53442.3 53552.2
14445 -3428.3 -53442.3 53552.2
14446 -3428.3 -53442.3 53552.2
14447 -3428.3 -53442.3 53552.2
14448 -2571.2 -51957.8 52021.4
14449 -2571.2 -51957.8 52021.4
14450 -2571.2 -51957.8 52021.4
14451 -2571.2 -51957.8 52021.4
14452 -2571.2 -51957.8 52021.4
14453 -2571.2 -51957.8 52021.4
14454 -2571.2 -51957.8 52021.4
14462 -2571.2 -48988.8 49056.2
14463 -2571.2 -48988.8 49056.2
14464 -2571.2 -48988.8 49056.2
14465 -2571.2 -48988.8 49056.2
14466 -2571.2 -48988.8 49056.2
14467 -2571.2 -48988.8 49056.2
14468 -2571.2 -48988.8 49056.2
14504 -2571.2 -40081.7 40164.1
14505 -2571.2 -40081.7 40164.1
14506 -2571.2 -40081.7 40164.1
14507 -2571.2 -40081.7 40164.1
14508 -2571.2 -40081.7 40164.1
14509 -2571.2 -40081.7 40164.1
14510 -2571.2 -40081.7 40164.1
14511 -3428.3 -38597.2 38749.2
14512 -3428.3 -38597.2 38749.2
14513 -3428.3 -38597.2 38749.2
14514 -3428.3 -38597.2 38749.2
14515 -3428.3 -38597.2 38749.2
14516 -3428.3 -38597.2 38749.2
14517 -3428.3 -38597.2 38749.2
14518 -2571.2 -37112.7 37201.7
14519 -2571.2 -37112.7 37201.7
14520 -2571.2 -37112.7 37201.7
14521 -2571.2 -37112.7 37201.7
14522 -2571.2 -37112.7 37201.7
14523 -2571.2 -37112.7 37201.7
14524 -2571.2 -37112.7 37201.7
14525 -3428.3 -35628.2 35792.8
14526 -3428.3 -35628.2 35792.8
14527 -3428.3 -35628.2 35792.8
14528 -3428.3 -35628.2 35792.8
14529 -3428.3 -35628.2 35792.8
14530 -3428.3 -35628.2 35792.8
14531 -3428.3 -35628.2 35792.8
14546 -2571.2 -31174.7 31280.5
14547 -2571.2 -31174.7 31280.5
14548 -2571.2 -31174.7 31280.5
14549 -2571.2 -31174.7 31280.5
14550 -2571.2 -31174.7 31280.5
14551 -2571.2 -31174.7 31280.5
14552 -2571.2 -31174.7 31280.5
14553 -3428.3 -29690.2 29887.5
14554 -3428.3 -29690.2 29887.5
14555 -3428.3 -29690.2 29887.5
14556 -3428.3 -29690.2 29887.5
14557 -3428.3 -29690.2 29887.5
14558 -3428.3 -29690.2 29887.5
14559 -3428.3 -29690.2 29887.5
14574 -2571.2 -25236.6 25367.3
14575 -2571.2 -25236.6 25367.3
14576 -2571.2 -25236.6 25367.3
14577 -2571.2 -25236.6 25367.3
14578 -2571.2 -25236.6 25367.3
14579 -2571.2 -25236.6 25367.3
14580 -2571.2 -25236.6 25367.3
14581 -3428.3 -23752.1 23998.3
14582 -3428.3 -23752.1 23998.3
14583 -3428.3 -23752.1 23998.3
14584 -3428.3 -23752.1 23998.3
14585 -3428.3 -23752.1 23998.3
14586 -3428.3 -23752.1 23998.3
14587 -3428.3 -23752.1 23998.3
14595 -3428.3 -20783.1 21064.0
14596 -3428.3 -20783.1 21064.0
14597 -3428.3 -20783.1 21064.0
14598 -3428.3 -20783.1 21064.0
14599 -3428.3 -20783.1 21064.0
14600 -3428.3 -20783.1 21064.0
14601 -3428.3 -20783.1 21064.0
14616 -2571.2 -16329.6 16530.8
14617 -2571.2 -16329.6 16530.8
14618 -2571.2 -16329.6 16530.8
14619 -2571.2 -16329.6 16530.8
14620 -2571.2 -16329.6 16530.8
14621 -2571.2 -16329.6 16530.8
14622 -2571.2 -16329.6 16530.8
14623 -3428.3 -14845.1 15235.8
14624 -3428.3 -14845.1 15235.8
14625 -3428.3 -14845.1 15235.8
14626 -3428.3 -14845.1 15235.8
14627 -3428.3 -14845.1 15235.8
14628 -3428.3 -14845.1 15235.8
14629 -3428.3 -14845.1 15235.8
14630 -2571.2 -13360.6 13605.7
14631 -2571.2 -13360.6 13605.7
14632 -2571.2 -13360.6 13605.7
14633 -2571.2 -13360.6 13605.7
14634 -2571.2 -13360.6 13605.7
14635 -2571.2 -13360.6 13605.7
14636 -2571.2 -13360.6 13605.7
14637 -3428.3 -11876.1 12361.0
14638 -3428.3 -11876.1 12361.0
14639 -3428.3 -11876.1 12361.0
14640 -3428.3 -11876.1 12361.0
14641 -3428.3 -11876.1 12361.0
14642 -3428.3 -11876.1 12361.0
14643 -3428.3 -11876.1 12361.0
14651 -3428.3 -8907.1 9544.1
14652 -3428.3 -8907.1 9544.1
14653 -3428.3 -8907.1 9544.1
14654 -3428.3 -8907.1 9544.1
14655 -3428.3 -8907.1 9544.1
14656 -3428.3 -8907.1 9544.1
14657 -3428.3 -8907.1 9544.1
14665 -3428.3 -5938.0 6856.7
14666 -3428.3 -5938.0 6856.7
14667 -3428.3 -5938.0 6856.7
14668 -3428.3 -5938.0 6856.7
14669 -3428.3 -5938.0 6856.7
14670 -3428.3 -5938.0 6856.7
14671 -3428.3 -5938.0 6856.7
14721 -3428.3 5938.0 6856.7
14722 -3428.3 5938.0 6856.7
14723 -3428.3 5938.0 6856.7
14724 -3428.3 5938.0 6856.7
14725 -3428.3 5938.0 6856.7
14726 -3428.3 5938.0 6856.7
14727 -3428.3 5938.0 6856.7
14735 -3428.3 8907.1 9544.1
14736 -3428.3 8907.1 9544.1
14737 -3428.3 8907.1 9544.1
14738 -3428.3 8907.1 9544.1
14739 -3428.3 8907.1 9544.1
14740 -3428.3 8907.1 9544.1
14741 -3428.3 8907.1 9544.1
14749 -3428.3 11876.1 12361.0
14750 -3428.3 11876.1 12361.0
14751 -3428.3 11876.1 12361.0
14752 -3428.3 11876.1 12361.0
14753 -3428.3 11876.1 12361.0
14754 -3428.3 11876.1 12361.0
14755 -3428.3 11876.1 12361.0
14756 -2571.2 13360.6 13605.7
14757 -2571.2 13360.6 13605.7
14758 -2571.2 13360.6 13605.7
14759 -2571.2 13360.6 13605.7
14760 -2571.2 13360.6 13605.7
14761 -2571.2 13360.6 13605.7
14762 -2571.2 13360.6 13605.7
14763 -3428.3 14845.1 15235.8
14764 -3428.3 14845.1 15235.8
14765 -3428.3 14845.1 15235.8
14766 -3428.3 14845.1 15235.8
14767 -3428.3 14845.1 15235.8
14768 -3428.3 14845.1 15235.8
14769 -3428.3 14845.1 15235.8
14770 -2571.2 16329.6 16530.8
14771 -2571.2 16329.6 16530.8
14772 -2571.2 16329.6 16530.8
14773 -2571.2 16329.6 16530.8
14774 -2571.2 16329.6 16530.8
14775 -2571.2 16329.6 16530.8
14776 -2571.2 16329.6 16530.8
14791 -3428.3 20783.1 21064.0
14792 -3428.3 20783.1 21064.0
14793 -3428.3 20783.1 21064.0
14794 -3428.3 20783.1 21064.0
14795 -3428.3 20783.1 21064.0
14796 -3428.3 20783.1 21064.0
14797 -3428.3 20783.1 21064.0
14805 -3428.3 23752.1 23998.3
14806 -3428.3 23752.1 23998.3
14807 -3428.3 23752.1 23998.3
14808 -3428.3 23752.1 23998.3
14809 -3428.3 23752.1 23998.3
14810 -3428.3 23752.1 23998.3
14811 -3428.3 23752.1 23998.3
14812 -2571.2 25236.6 25367.3
14813 -2571.2 25236.6 25367.3
14814 -2571.2 25236.6 25367.3
14815 -2571.2 25236.6 25367.3
14816 -2571.2 25236.6 25367.3
14817 -2571.2 25236.6 25367.3
14818 -2571.2 25236.6 25367.3
14833 -3428.3 29690.2 29887.5
14834 -3428.3 29690.2 29887.5
14835 -3428.3 29690.2 29887.5
14836 -3428.3 29690.2 29887.5
14837 -3428.3 29690.2 29887.5
14838 -3428.3 29690.2 29887.5
14839 -3428.3 29690.2 29887.5
14840 -2571.2 31174.7 31280.5
14841 -2571.2 31174.7 31280.5
14842 -2571.2 31174.7 31280.5
14843 -2571.2 31174.7 31280.5
14844 -2571.2 31174.7 31280.5
14845 -2571.2 31174.7 31280.5
14846 -2571.2 31174.7 31280.5
14861 -3428.3 35628.2 35792.8
14862 -3428.3 35628.2 35792.8
14863 -3428.3 35628.2 35792.8
14864 -3428.3 35628.2 35792.8
14865 -3428.3 35628.2 35792.8
14866 -3428.3 35628.2 35792.8
14867 -3428.3 35628.2 35792.8
14868 -2571.2 37112.7 37201.7
14869 -2571.2 37112.7 37201.7
14870 -2571.2 37112.7 37201.7
14871 -2571.2 37112.7 37201.7
14872 -2571.2 37112.7 37201.7
14873 -2571.2 37112.7 37201.7
14874 -2571.2 37112.7 37201.7
14875 -3428.3 38597.2 38749.2
14876 -3428.3 38597.2 38749.2
14877 -3428.3 38597.2 38749.2
14878 -3428.3 38597.2 38749.2
14879 -3428.3 38597.2 38749.2
14880 -3428.3 38597.2 38749.2
14881 -3428.3 38597.2 38749.2
14882 -2571.2 40081.7 40164.1
14883 -2571.2 40081.7 40164.1
14884 -2571.2 40081.7 40164.1
14885 -2571.2 40081.7 40164.1
14886 -2571.2 40081.7 40164.1
14887 -2571.2 40081.7 40164.1
14888 -2571.2 40081.7 40164.1
14924 -2571.2 48988.8 49056.2
14925 -2571.2 48988.8 49056.2
14926 -2571.2 48988.8 49056.2
14927 -2571.2 48988.8 49056.2
14928 -2571.2 48988.8 49056.2
14929 -2571.2 48988.8 49056.2
14930 -2571.2 48988.8 49056.2
14938 -2571.2 51957.8 52021.4
14939 -2571.2 51957.8 52021.4
14940 -2571.2 51957.8 52021.4
14941 -2571.2 51957.8 52021.4
14942 -2571.2 51957.8 52021.4
14943 -2571.2 51957.8 52021.4
14944 -2571.2 51957.8 52021.4
14945 -3428.3 53442.3 53552.2
14946 -3428.3 53442.3 53552.2
14947 -3428.3 53442.3 53552.2
14948 -3428.3 53442.3 53552.2
14949 -3428.3 53442.3 53552.2
14950 -3428.3 53442.3 53552.2
14951 -3428.3 53442.3 53552.2
14952 -2571.2 54926.8 54987.0
14953 -2571.2 54926.8 54987.0
14954 -2571.2 54926.8 54987.0
14955 -2571.2 54926.8 54987.0
14956 -2571.2 54926.8 54987.0
14957 -2571.2 54926.8 54987.0
14958 -2571.2 54926.8 54987.0
14959 -3428.3 56411.3 56515.4
14960 -3428.3 56411.3 56515.4
14961 -3428.3 56411.3 56515.4
14962 -3428.3 56411.3 56515.4
14963 -3428.3 56411.3 56515.4
14964 -3428.3 56411.3 56515.4
14965 -3428.3 56411.3 56515.4
14966 -2571.2 57895.8 57952.9
14967 -2571.2 57895.8 57952.9
14968 -2571.2 57895.8 57952.9
14969 -2571.2 57895.8 57952.9
14970 -2571.2 57895.8 57952.9
14971 -2571.2 57895.8 57952.9
14972 -2571.2 57895.8 57952.9
14980 -1714.2 -59380.3 59405.1
14981 -1714.2 -59380.3 59405.1
14982 -1714.2 -59380.3 59405.1
14983 -1714.2 -59380.3 59405.1
14984 -1714.2 -59380.3 59405.1
14985 -1714.2 -59380.3 59405.1
14986 -1714.2 -59380.3 59405.1
15022 -1714.2 -50473.3 50502.4
15023 -1714.2 -50473.3 50502.4
15024 -1714.2 -50473.3 50502.4
15025 -1714.2 -50473.3 50502.4
15026 -1714.2 -50473.3 50502.4
15027 -1714.2 -50473.3 50502.4
15028 -1714.2 -50473.3 50502.4
15036 -1714.2 -47504.3 47535.2
15037 -1714.2 -47504.3 47535.2
15038 -1714.2 -47504.3 47535.2
15039 -1714.2 -47504.3 47535.2
15040 -1714.2 -47504.3 47535.2
15041 -1714.2 -47504.3 47535.2
15042 -1714.2 -47504.3 47535.2
15043 -857.1 -46019.8 46027.8
15044 -857.1 -46019.8 46027.8
15045 -857.1 -46019.8 46027.8
15046 -857.1 -46019.8 46027.8
15047 -857.1 -46019.8 46027.8
15048 -857.1 -46019.8 46027.8
15049 -857.1 -46019.8 46027.8
15050 -1714.2 -44535.3 44568.2
15051 -1714.2 -44535.3 44568.2
15052 -1714.2 -44535.3 44568.2
15053 -1714.2 -44535.3 44568.2
15054 -1714.2 -44535.3 44568.2
15055 -1714.2 -44535.3 44568.2
15056 -1714.2 -44535.3 44568.2
15057 -857.1 -43050.8 43059.3
15058 -857.1 -43050.8 43059.3
15059 -857.1 -43050.8 43059.3
15060 -857.1 -43050.8 43059.3
15061 -857.1 -43050.8 43059.3
15062 -857.1 -43050.8 43059.3
15063 -857.1 -43050.8 43059.3
15064 -1714.2 -41566.2 41601.6
15065 -1714.2 -41566.2 41601.6
15066 -1714.2 -41566.2 41601.6
15067 -1714.2 -41566.2 41601.6
15068 -1714.2 -41566.2 41601.6
15069 -1714.2 -41566.2 41601.6
15070 -1714.2 -41566.2 41601.6
15099 -857.1 -34143.7 34154.5
15100 -857.1 -34143.7 34154.5
15101 -857.1 -34143.7 34154.5
15102 -857.1 -34143.7 34154.5
15103 -857.1 -34143.7 34154.5
15104 -857.1 -34143.7 34154.5
15105 -857.1 -34143.7 34154.5
15106 -1714.2 -32659.2 32704.1
15107 -1714.2 -32659.2 32704.1
15108 -1714.2 -32659.2 32704.1
15109 -1714.2 -32659.2 32704.1
15110 -1714.2 -32659.2 32704.1
15111 -1714.2 -32659.2 32704.1
15112 -1714.2 -32659.2 32704.1
15127 -857.1 -28205.7 28218.7
15128 -857.1 -28205.7 28218.7
15129 -857.1 -28205.7 28218.7
15130 -857.1 -28205.7 28218.7
15131 -857.1 -28205.7 28218.7
15132 -857.1 -28205.7 28218.7
15133 -857.1 -28205.7 28218.7
15134 -1714.2 -26721.2 26776.1
15135 -1714.2 -26721.2 26776.1
15136 -1714.2 -26721.2 26776.1
15137 -1714.2 -26721.2 26776.1
15138 -1714.2 -26721.2 26776.1
15139 -1714.2 -26721.2 26776.1
15140 -1714.2 -26721.2 26776.1
15155 -857.1 -22267.6 22284.1
15156 -857.1 -22267.6 22284.1
15157 -857.1 -22267.6 22284.1
15158 -857.1 -22267.6 22284.1
15159 -857.1 -22267.6 22284.1
15160 -857.1 -22267.6 22284.1
15161 -857.1 -22267.6 22284.1
15169 -857.1 -19298.6 19317.6
15170 -857.1 -19298.6 19317.6
15171 -857.1 -19298.6 19317.6
15172 -857.1 -19298.6 19317.6
15173 -857.1 -19298.6 19317.6
15174 -857.1 -19298.6 19317.6
15175 -857.1 -19298.6 19317.6
15176 -1714.2 -17814.1 17896.4
15177 -1714.2 -17814.1 17896.4
15178 -1714.2 -17814.1 17896.4
15179 -1714.2 -17814.1 17896.4
15180 -1714.2 -17814.1 17896.4
15181 -1714.2 -17814.1 17896.4
15182 -1714.2 -17814.1 17896.4
15211 -857.1 -10391.6 10426.8
15212 -857.1 -10391.6 10426.8
15213 -857.1 -10391.6 10426.8
15214 -857.1 -10391.6 10426.8
15215 -857.1 -10391.6 10426.8
15216 -857.1 -10391.6 10426.8
15217 -857.1 -10391.6 10426.8
15225 -857.1 -7422.5 7471.9
15226 -857.1 -7422.5 7471.9
15227 -857.1 -7422.5 7471.9
15228 -857.1 -7422.5 7471.9
15229 -857.1 -7422.5 7471.9
15230 -857.1 -7422.5 7471.9
15231 -857.1 -7422.5 7471.9
15239 -857.1 -4453.5 4535.2
15240 -857.1 -4453.5 4535.2
15241 -857.1 -4453.5 4535.2
15242 -857.1 -4453.5 4535.2
15243 -857.1 -4453.5 4535.2
15244 -857.1 -4453.5 4535.2
15245 -857.1 -4453.5 4535.2
15246 -1714.2 -2969.0 3428.3
15247 -1714.2 -2969.0 3428.3
15248 -1714.2 -2969.0 3428.3
15249 -1714.2 -2969.0 3428.3
15250 -1714.2 -2969.0 3428.3
15251 -1714.2 -2969.0 3428.3
15252 -1714.2 -2969.0 3428.3
15253 -857.1 -1484.5 1714.2
15254 -857.1 -1484.5 1714.2
15255 -857.1 -1484.5 1714.2
15256 -857.1 -1484.5 1714.2
15257 -857.1 -1484.5 1714.2
15258 -857.1 -1484.5 1714.2
15259 -857.1 -1484.5 1714.2
15260 -1714.2 0.0 1714.2
15261 -1714.2 0.0 1714.2
15262 -1714.2 0.0 1714.2
15263 -1714.2 0.0 1714.2
15264 -1714.2 0.0 1714.2
15265 -1714.2 0.0 1714.2
15266 -1714.2 0.0 1714.2
15267 -857.1 1484.5 1714.2
15268 -857.1 1484.5 1714.2
15269 -857.1 1484.5 1714.2
15270 -857.1 1484.5 1714.2
15271 -857.1 1484.5 1714.2
15272 -857.1 1484.5 1714.2
15273 -857.1 1484.5 1714.2
15274 -1714.2 2969.0 3428.3
15275 -1714.2 2969.0 3428.3
15276 -1714.2 2969.0 3428.3
15277 -1714.2 2969.0 3428.3
15278 -1714.2 2969.0 3428.3
15279 -1714.2 2969.0 3428.3
15280 -1714.2 2969.0 3428.3
15281 -857.1 4453.5 4535.2
15282 -857.1 4453.5 4535.2
15283 -857.1 4453.5 4535.2
15284 -857.1 4453.5 4535.2
15285 -857.1 4453.5 4535.2
15286 -857.1 4453.5 4535.2
15287 -857.1 4453.5 4535.2
15295 -857.1 7422.5 7471.9
15296 -857.1 7422.5 7471.9
15297 -857.1 7422.5 7471.9
15298 -857.1 7422.5 7471.9
15299 -857.1 7422.5 7471.9
15300 -857.1 7422.5 7471.9
15301 -857.1 7422.5 7471.9
15309 -857.1 10391.6 10426.8
15310 -857.1 10391.6 10426.8
15311 -857.1 10391.6 10426.8
15312 -857.1 10391.6 10426.8
15313 -857.1 10391.6 10426.8
15314 -857.1 10391.6 10426.8
15315 -857.1 10391.6 10426.8
15344 -1714.2 17814.1 17896.4
15345 -1714.2 17814.1 17896.4
15346 -1714.2 17814.1 17896.4
15347 -1714.2 17814.1 17896.4
15348 -1714.2 17814.1 17896.4
15349 -1714.2 17814.1 17896.4
15350 -1714.2 17814.1 17896.4
15351 -857.1 19298.6 19317.6
15352 -857.1 19298.6 19317.6
15353 -857.1 19298.6 19317.6
15354 -857.1 19298.6 19317.6
15355 -857.1 19298.6 19317.6
15356 -857.1 19298.6 19317.6
15357 -857.1 19298.6 19317.6
15365 -857.1 22267.6 22284.1
15366 -857.1 22267.6 22284.1
15367 -857.1 22267.6 22284.1
15368 -857.1 22267.6 22284.1
15369 -857.1 22267.6 22284.1
15370 -857.1 22267.6 22284.1
15371 -857.1 22267.6 22284.1
15386 -1714.2 26721.2 26776.1
15387 -1714.2 26721.2 26776.1
15388 -1714.2 26721.2 26776.1
15389 -1714.2 26721.2 26776.1
15390 -1714.2 26721.2 26776.1
15391 -1714.2 26721.2 26776.1
15392 -1714.2 26721.2 26776.1
15393 -857.1 28205.7 28218.7
15394 -857.1 28205.7 28218.7
15395 -857.1 28205.7 28218.7
15396 -857.1 28205.7 28218.7
15397 -857.1 28205.7 28218.7
15398 -857.1 28205.7 28218.7
15399 -857.1 28205.7 28218.7
15414 -1714.2 32659.2 32704.1
15415 -1714.2 32659.2 32704.1
15416 -1714.2 32659.2 32704.1
15417 -1714.2 32659.2 32704.1
15418 -1714.2 32659.2 32704.1
15419 -1714.2 32659.2 32704.1
15420 -1714.2 32659.2 32704.1
15421 -857.1 34143.7 34154.5
15422 -857.1 34143.7 34154.5
15423 -857.1 34143.7 34154.5
15424 -857.1 34143.7 34154.5
15425 -857.1 34143.7 34154.5
15426 -857.1 34143.7 34154.5
15427 -857.1 34143.7 34154.5
15456 -1714.2 41566.2 41601.6
15457 -1714.2 41566.2 41601.6
15458 -1714.2 41566.2 41601.6
15459 -1714.2 41566.2 41601.6
15460 -1714.2 41566.2 41601.6
15461 -1714.2 41566.2 41601.6
15462 -1714.2 41566.2 41601.6
15463 -857.1 43050.8 43059.3
15464 -857.1 43050.8 43059.3
15465 -857.1 43050.8 43059.3
15466 -857.1 43050.8 43059.3
15467 -857.1 43050.8 43059.3
15468 -857.1 43050.8 43059.3
15469 -857.1 43050.8 43059.3
15470 -1714.2 44535.3 44568.2
15471 -1714.2 44535.3 44568.2
15472 -1714.2 44535.3 44568.2
15473 -1714.2 44535.3 44568.2
15474 -1714.2 44535.3 44568.2
15475 -1714.2 44535.3 44568.2
15476 -1714.2 44535.3 44568.2
15477 -857.1 46019.8 46027.8
15478 -857.1 46019.8 46027.8
15479 -857.1 46019.8 46027.8
15480 -857.1 46019.8 46027.8
15481 -857.1 46019.8 46027.8
15482 -857.1 46019.8 46027.8
15483 -857.1 46019.8 46027.8
15484 -1714.2 47504.3 47535.2
15485 -1714.2 47504.3 47535.2
15486 -1714.2 47504.3 47535.2
15487 -1714.2 47504.3 47535.2
15488 -1714.2 47504.3 47535.2
15489 -1714.2 47504.3 47535.2
15490 -1714.2 47504.3 47535.2
15498 -1714.2 50473.3 50502.4
15499 -1714.2 50473.3 50502.4
15500 -1714.2 50473.3 50502.4
15501 -1714.2 50473.3 50502.4
15502 -1714.2 50473.3 50502.4
15503 -1714.2 50473.3 50502.4
15504 -1714.2 50473.3 50502.4
15540 -1714.2 59380.3 59405.1
15541 -1714.2 59380.3 59405.1
15542 -1714.2 59380.3 59405.1
15543 -1714.2 59380.3 59405.1
15544 -1714.2 59380.3 59405.1
15545 -1714.2 59380.3 59405.1
15546 -1714.2 59380.3 59405.1
15554 857.1 -57895.8 57902.2
15555 857.1 -57895.8 57902.2
15556 857.1 -57895.8 57902.2
15557 857.1 -57895.8 57902.2
15558 857.1 -57895.8 57902.2
15559 857.1 -57895.8 57902.2
15560 857.1 -57895.8 57902.2
15561 0.0 -56411.3 56411.3
15562 0.0 -56411.3 56411.3
15563 0.0 -56411.3 56411.3
15564 0.0 -56411.3 56411.3
15565 0.0 -56411.3 56411.3
15566 0.0 -56411.3 56411.3
15567 0.0 -56411.3 56411.3
15568 857.1 -54926.8 54933.5
15569 857.1 -54926.8 54933.5
15570 857.1 -54926.8 54933.5
15571 857.1 -54926.8 54933.5
15572 857.1 -54926.8 54933.5
15573 857.1 -54926.8 54933.5
15574 857.1 -54926.8 54933.5
15575 0.0 -53442.3 53442.3
15576 0.0 -53442.3 53442.3
15577 0.0 -53442.3 53442.3
15578 0.0 -53442.3 53442.3
15579 0.0 -53442.3 53442.3
15580 0.0 -53442.3 53442.3
15581 0.0 -53442.3 53442.3
15582 857.1 -51957.8 51964.9
15583 857.1 -51957.8 51964.9
15584 857.1 -51957.8 51964.9
15585 857.1 -51957.8 51964.9
15586 857.1 -51957.8 51964.9
15587 857.1 -51957.8 51964.9
15588 857.1 -51957.8 51964.9
15596 857.1 -48988.8 48996.3
15597 857.1 -48988.8 48996.3
15598 857.1 -48988.8 48996.3
15599 857.1 -48988.8 48996.3
15600 857.1 -48988.8 48996.3
15601 857.1 -48988.8 48996.3
15602 857.1 -48988.8 48996.3
15638 857.1 -40081.7 40090.9
15639 857.1 -40081.7 40090.9
15640 857.1 -40081.7 40090.9
15641 857.1 -40081.7 40090.9
15642 857.1 -40081.7 40090.9
15643 857.1 -40081.7 40090.9
15644 857.1 -40081.7 40090.9
15645 0.0 -38597.2 38597.2
15646 0.0 -38597.2 38597.2
15647 0.0 -38597.2 38597.2
15648 0.0 -38597.2 38597.2
15649 0.0 -38597.2 38597.2
15650 0.0 -38597.2 38597.2
15651 0.0 -38597.2 38597.2
15652 857.1 -37112.7 37122.6
15653 857.1 -37112.7 37122.6
15654 857.1 -37112.7 37122.6
15655 857.1 -37112.7 37122.6
15656 857.1 -37112.7 37122.6
15657 857.1 -37112.7 37122.6
15658 857.1 -37112.7 37122.6
15659 0.0 -35628.2 35628.2
15660 0.0 -35628.2 35628.2
15661 0.0 -35628.2 35628.2
15662 0.0 -35628.2 35628.2
15663 0.0 -35628.2 35628.2
15664 0.0 -35628.2 35628.2
15665 0.0 -35628.2 35628.2
15680 857.1 -31174.7 31186.5
15681 857.1 -31174.7 31186.5
15682 857.1 -31174.7 31186.5
15683 857.1 -31174.7 31186.5
15684 857.1 -31174.7 31186.5
15685 857.1 -31174.7 31186.5
15686 857.1 -31174.7 31186.5
15687 0.0 -29690.2 29690.2
15688 0.0 -29690.2 29690.2
15689 0.0 -29690.2 29690.2
15690 0.0 -29690.2 29690.2
15691 0.0 -29690.2 29690.2
15692 0.0 -29690.2 29690.2
15693 0.0 -29690.2 29690.2
15708 857.1 -25236.6 25251.2
15709 857.1 -25236.6 25251.2
15710 857.1 -25236.6 25251.2
15711 857.1 -25236.6 25251.2
15712 857.1 -25236.6 25251.2
15713 857.1 -25236.6 25251.2
15714 857.1 -25236.6 25251.2
15715 0.0 -23752.1 23752.1
15716 0.0 -23752.1 23752.1
15717 0.0 -23752.1 23752.1
15718 0.0 -23752.1 23752.1
15719 0.0 -23752.1 23752.1
15720 0.0 -23752.1 23752.1
15721 0.0 -23752.1 23752.1
15729 0.0 -20783.1 20783.1
15730 0.0 -20783.1 20783.1
15731 0.0 -20783.1 20783.1
15732 0.0 -20783.1 20783.1
15733 0.0 -20783.1 20783.1
15734 0.0 -20783.1 20783.1
15735 0.0 -20783.1 20783.1
15750 857.1 -16329.6 16352.1
15751 857.1 -16329.6 16352.1
15752 857.1 -16329.6 16352.1
15753 857.1 -16329.6 16352.1
15754 857.1 -16329.6 16352.1
15755 857.1 -16329.6 16352.1
15756 857.1 -16329.6 16352.1
15757 0.0 -14845.1 14845.1
15758 0.0 -14845.1 14845.1
15759 0.0 -14845.1 14845.1
15760 0.0 -14845.1 14845.1
15761 0.0 -14845.1 14845.1
15762 0.0 -14845.1 14845.1
15763 0.0 -14845.1 14845.1
15764 857.1 -13360.6 13388.0
15765 857.1 -13360.6 13388.0
15766 857.1 -13360.6 13388.0
15767 857.1 -13360.6 13388.0
15768 857.1 -13360.6 13388.0
15769 857.1 -13360.6 13388.0
15770 857.1 -13360.6 13388.0
15771 0.0 -11876.1 11876.1
15772 0.0 -11876.1 11876.1
15773 0.0 -11876.1 11876.1
15774 0.0 -11876.1 11876.1
15775 0.0 -11876.1 11876.1
15776 0.0 -11876.1 11876.1
15777 0.0 -11876.1 11876.1
15785 0.0 -8907.1 8907.1
15786 0.0 -8907.1 8907.1
15787 0.0 -8907.1 8907.1
15788 0.0 -8907.1 8907.1
15789 0.0 -8907.1 8907.1
15790 0.0 -8907.1 8907.1
15791 0.0 -8907.1 8907.1
15799 0.0 -5938.0 5938.0
15800 0.0 -5938.0 5938.0
15801 0.0 -5938.0 5938.0
15802 0.0 -5938.0 5938.0
15803 0.0 -5938.0 5938.0
15804 0.0 -5938.0 5938.0
15805 0.0 -5938.0 5938.0
15855 0.0 5938.0 5938.0
15856 0.0 5938.0 5938.0
15857 0.0 5938.0 5938.0
15858 0.0 5938.0 5938.0
15859 0.0 5938.0 5938.0
15860 0.0 5938.0 5938.0
15861 0.0 5938.0 5938.0
15869 0.0 8907.1 8907.1
15870 0.0 8907.1 8907.1
15871 0.0 8907.1 8907.1
15872 0.0 8907.1 8907.1
15873 0.0 8907.1 8907.1
15874 0.0 8907.1 8907.1
15875 0.0 8907.1 8907.1
15883 0.0 11876.1 11876.1
15884 0.0 11876.1 11876.1
15885 0.0 11876.1 11876.1
15886 0.0 11876.1 11876.1
15887 0.0 11876.1 11876.1
15888 0.0 11876.1 11876.1
15889 0.0 11876.1 11876.1
15890 857.1 13360.6 13388.0
15891 857.1 13360.6 13388.0
15892 857.1 13360.6 13388.0
15893 857.1 13360.6 13388.0
15894 857.1 13360.6 13388.0
15895 857.1 13360.6 13388.0
15896 857.1 13360.6 13388.0
15897 0.0 14845.1 14845.1
15898 0.0 14845.1 14845.1
15899 0.0 14845.1 14845.1
15900 0.0 14845.1 14845.1
15901 0.0 14845.1 14845.1
15902 0.0 14845.1 14845.1
15903 0.0 14845.1 14845.1
15904 857.1 16329.6 16352.1
15905 857.1 16329.6 16352.1
15906 857.1 16329.6 16352.1
15907 857.1 16329.6 16352.1
15908 857.1 16329.6 16352.1
15909 857.1 16329.6 16352.1
15910 857.1 16329.6 16352.1
15925 0.0 20783.1 20783.1
15926 0.0 20783.1 20783.1
15927 0.0 20783.1 20783.1
15928 0.0 20783.1 20783.1
15929 0.0 20783.1 20783.1
15930 0.0 20783.1 20783.1
15931 0.0 20783.1 20783.1
15939 0.0 23752.1 23752.1
15940 0.0 23752.1 23752.1
15941 0.0 23752.1 23752.1
15942 0.0 23752.1 23752.1
15943 0.0 23752.1 23752.1
15944 0.0 23752.1 23752.1
15945 0.0 23752.1 23752.1
15946 857.1 25236.6 25251.2
15947 857.1 25236.6 25251.2
15948 857.1 25236.6 25251.2
15949 857.1 25236.6 25251.2
15950 857.1 25236.6 25251.2
15951 857.1 25236.6 25251.2
15952 857.1 25236.6 25251.2
15967 0.0 29690.2 29690.2
15968 0.0 29690.2 29690.2
15969 0.0 29690.2 29690.2
15970 0.0 29690.2 29690.2
15971 0.0 29690.2 29690.2
15972 0.0 29690.2 29690.2
15973 0.0 29690.2 29690.2
15974 857.1 31174.7 31186.5
15975 857.1 31174.7 31186.5
15976 857.1 31174.7 31186.5
15977 857.1 31174.7 31186.5
15978 857.1 31174.7 31186.5
15979 857.1 31174.7 31186.5
15980 857.1 31174.7 31186.5
15995 0.0 35628.2 35628.2
15996 0.0 35628.2 35628.2
15997 0.0 35628.2 35628.2
15998 0.0 35628.2 35628.2
15999 0.0 35628.2 35628.2
16000 0.0 35628.2 35628.2
16001 0.0 35628.2 35628.2
16002 857.1 37112.7 37122.6
16003 857.1 37112.7 37122.6
16004 857.1 37112.7 37122.6
16005 857.1 37112.7 37122.6
16006 857.1 37112.7 37122.6
16007 857.1 37112.7 37122.6
16008 857.1 37112.7 37122.6
16009 0.0 38597.2 38597.2
16010 0.0 38597.2 38597.2
16011 0.0 38597.2 38597.2
16012 0.0 38597.2 38597.2
16013 0.0 38597.2 38597.2
16014 0.0 38597.2 38597.2
16015 0.0 38597.2 38597.2
16016 857.1 40081.7 40090.9
16017 857.1 40081.7 40090.9
16018 857.1 40081.7 40090.9
16019 857.1 40081.7 40090.9
16020 857.1 40081.7 40090.9
16021 857.1 40081.7 40090.9
16022 857.1 40081.7 40090.9
16058 857.1 48988.8 48996.3
16059 857.1 48988.8 48996.3
16060 857.1 48988.8 48996.3
16061 857.1 48988.8 48996.3
16062 857.1 48988.8 48996.3
16063 857.1 48988.8 48996.3
16064 857.1 48988.8 48996.3
16072 857.1 51957.8 51964.9
16073 857.1 51957.8 51964.9
16074 857.1 51957.8 51964.9
16075 857.1 51957.8 51964.9
16076 857.1 51957.8 51964.9
16077 857.1 51957.8 51964.9
16078 857.1 51957.8 51964.9
16079 0.0 53442.3 53442.3
16080 0.0 53442.3 53442.3
16081 0.0 53442.3 53442.3
16082 0.0 53442.3 53442.3
16083 0.0 53442.3 53442.3
16084 0.0 53442.3 53442.3
16085 0.0 53442.3 53442.3
16086 857.1 54926.8 54933.5
16087 857.1 54926.8 54933.5
16088 857.1 54926.8 54933.5
16089 857.1 54926.8 54933.5
16090 857.1 54926.8 54933.5
16091 857.1 54926.8 54933.5
16092 857.1 54926.8 54933.5
16093 0.0 56411.3 56411.3
16094 0.0 56411.3 56411.3
16095 0.0 56411.3 56411.3
16096 0.0 56411.3 56411.3
16097 0.0 56411.3 56411.3
16098 0.0 56411.3 56411.3
16099 0.0 56411.3 56411.3
16100 857.1 57895.8 57902.2
16101 857.1 57895.8 57902.2
16102 857.1 57895.8 57902.2
16103 857.1 57895.8 57902.2
16104 857.1 57895.8 57902.2
16105 857.1 57895.8 57902.2
16106 857.1 57895.8 57902.2
16114 1714.2 -59380.3 59405.1
16115 1714.2 -59380.3 59405.1
16116 1714.2 -59380.3 59405.1
16117 1714.2 -59380.3 59405.1
16118 1714.2 -59380.3 59405.1
16119 1714.2 -59380.3 59405.1
16120 1714.2 -59380.3 59405.1
16156 1714.2 -50473.3 50502.4
16157 1714.2 -50473.3 50502.4
16158 1714.2 -50473.3 50502.4
16159 1714.2 -50473.3 50502.4
16160 1714.2 -50473.3 50502.4
16161 1714.2 -50473.3 50502.4
16162 1714.2 -50473.3 50502.4
16170 1714.2 -47504.3 47535.2
16171 1714.2 -47504.3 47535.2
16172 1714.2 -47504.3 47535.2
16173 1714.2 -47504.3 47535.2
16174 1714.2 -47504.3 47535.2
16175 1714.2 -47504.3 47535.2
16176 1714.2 -47504.3 47535.2
16177 2571.2 -46019.8 46091.5
16178 2571.2 -46019.8 46091.5
16179 2571.2 -46019.8 46091.5
16180 2571.2 -46019.8 46091.5
16181 2571.2 -46019.8 46091.5
16182 2571.2 -46019.8 46091.5
16183 2571.2 -46019.8 46091.5
16184 1714.2 -44535.3 44568.2
16185 1714.2 -44535.3 44568.2
16186 1714.2 -44535.3 44568.2
16187 1714.2 -44535.3 44568.2
16188 1714.2 -44535.3 44568.2
16189 1714.2 -44535.3 44568.2
16190 1714.2 -44535.3 44568.2
16191 2571.2 -43050.8 43127.5
16192 2571.2 -43050.8 43127.5
16193 2571.2 -43050.8 43127.5
16194 2571.2 -43050.8 43127.5
16195 2571.2 -43050.8 43127.5
16196 2571.2 -43050.8 43127.5
16197 2571.2 -43050.8 43127.5
16198 1714.2 -41566.2 41601.6
16199 1714.2 -41566.2 41601.6
16200 1714.2 -41566.2 41601.6
16201 1714.2 -41566.2 41601.6
16202 1714.2 -41566.2 41601.6
16203 1714.2 -41566.2 41601.6
16204 1714.2 -41566.2 41601.6
16233 2571.2 -34143.7 34240.4
16234 2571.2 -34143.7 34240.4
16235 2571.2 -34143.7 34240.4
16236 2571.2 -34143.7 34240.4
16237 2571.2 -34143.7 34240.4
16238 2571.2 -34143.7 34240.4
16239 2571.2 -34143.7 34240.4
16240 1714.2 -32659.2 32704.1
16241 1714.2 -32659.2 32704.1
16242 1714.2 -32659.2 32704.1
16243 1714.2 -32659.2 32704.1
16244 1714.2 -32659.2 32704.1
16245 1714.2 -32659.2 32704.1
16246 1714.2 -32659.2 32704.1
16261 2571.2 -28205.7 28322.6
16262 2571.2 -28205.7 28322.6
16263 2571.2 -28205.7 28322.6
16264 2571.2 -28205.7 28322.6
16265 2571.2 -28205.7 28322.6
16266 2571.2 -28205.7 28322.6
16267 2571.2 -28205.7 28322.6
16268 1714.2 -26721.2 26776.1
16269 1714.2 -26721.2 26776.1
16270 1714.2 -26721.2 26776.1
16271 1714.2 -26721.2 26776.1
16272 1714.2 -26721.2 26776.1
16273 1714.2 -26721.2 26776.1
16274 1714.2 -26721.2 26776.1
16289 2571.2 -22267.6 22415.6
16290 2571.2 -22267.6 22415.6
16291 2571.2 -22267.6 22415.6
16292 2571.2 -22267.6 22415.6
16293 2571.2 -22267.6 22415.6
16294 2571.2 -22267.6 22415.6
16295 2571.2 -22267.6 22415.6
16303 2571.2 -19298.6 19469.1
16304 2571.2 -19298.6 19469.1
16305 2571.2 -19298.6 19469.1
16306 2571.2 -19298.6 19469.1
16307 2571.2 -19298.6 19469.1
16308 2571.2 -19298.6 19469.1
16309 2571.2 -19298.6 19469.1
16310 1714.2 -17814.1 17896.4
16311 1714.2 -17814.1 17896.4
16312 1714.2 -17814.1 17896.4
16313 1714.2 -17814.1 17896.4
16314 1714.2 -17814.1 17896.4
16315 1714.2 -17814.1 17896.4
16316 1714.2 -17814.1 17896.4
16345 2571.2 -10391.6 10704.9
16346 2571.2 -10391.6 10704.9
16347 2571.2 -10391.6 10704.9
16348 2571.2 -10391.6 10704.9
16349 2571.2 -10391.6 10704.9
16350 2571.2 -10391.6 10704.9
16351 2571.2 -10391.6 10704.9
16359 2571.2 -7422.5 7855.3
16360 2571.2 -7422.5 7855.3
16361 2571.2 -7422.5 7855.3
16362 2571.2 -7422.5 7855.3
16363 2571.2 -7422.5 7855.3
16364 2571.2 -7422.5 7855.3
16365 2571.2 -7422.5 7855.3
16373 2571.2 -4453.5 5142.5
16374 2571.2 -4453.5 5142.5
16375 2571.2 -4453.5 5142.5
16376 2571.2 -4453.5 5142.5
16377 2571.2 -4453.5 5142.5
16378 2571.2 -4453.5 5142.5
16379 2571.2 -4453.5 5142.5
16380 1714.2 -2969.0 3428.3
16381 1714.2 -2969.0 3428.3
16382 1714.2 -2969.0 3428.3
16383 1714.2 -2969.0 3428.3
16384 1714.2 -2969.0 3428.3
16385 1714.2 -2969.0 3428.3
16386 1714.2 -2969.0 3428.3
16387 2571.2 -1484.5 2969.0
16388 2571.2 -1484.5 2969.0
16389 2571.2 -1484.5 2969.0
16390 2571.2 -1484.5 2969.0
16391 2571.2 -1484.5 2969.0
16392 2571.2 -1484.5 2969.0
16393 2571.2 -1484.5 2969.0
16394 1714.2 0.0 1714.2
16395 1714.2 0.0 1714.2
16396 1714.2 0.0 1714.2
16397 1714.2 0.0 1714.2
16398 1714.2 0.0 1714.2
16399 1714.2 0.0 1714.2
16400 1714.2 0.0 1714.2
16401 2571.2 1484.5 2969.0
16402 2571.2 1484.5 2969.0
16403 2571.2 1484.5 2969.0
16404 2571.2 1484.5 2969.0
16405 2571.2 1484.5 2969.0
16406 2571.2 1484.5 2969.0
16407 2571.2 1484.5 2969.0
16408 1714.2 2969.0 3428.3
16409 1714.2 2969.0 3428.3
16410 1714.2 2969.0 3428.3
16411 1714.2 2969.0 3428.3
16412 1714.2 2969.0 3428.3
16413 1714.2 2969.0 3428.3
16414 1714.2 2969.0 3428.3
16415 2571.2 4453.5 5142.5
16416 2571.2 4453.5 5142.5
16417 2571.2 4453.5 5142.5
16418 2571.2 4453.5 5142.5
16419 2571.2 4453.5 5142.5
16420 2571.2 4453.5 5142.5
16421 2571.2 4453.5 5142.5
16429 2571.2 7422.5 7855.3
16430 2571.2 7422.5 7855.3
16431 2571.2 7422.5 7855.3
16432 2571.2 7422.5 7855.3
16433 2571.2 7422.5 7855.3
16434 2571.2 7422.5 7855.3
16435 2571.2 7422.5 7855.3
16443 2571.2 10391.6 10704.9
16444 2571.2 10391.6 10704.9
16445 2571.2 10391.6 10704.9
16446 2571.2 10391.6 10704.9
16447 2571.2 10391.6 10704.9
16448 2571.2 10391.6 10704.9
16449 2571.2 10391.6 10704.9
16478 1714.2 17814.1 17896.4
16479 1714.2 17814.1 17896.4
16480 1714.2 17814.1 17896.4
16481 1714.2 17814.1 17896.4
16482 1714.2 17814.1 17896.4
16483 1714.2 17814.1 17896.4
16484 1714.2 17814.1 17896.4
16485 2571.2 19298.6 19469.1
16486 2571.2 19298.6 19469.1
16487 2571.2 19298.6 19469.1
16488 2571.2 19298.6 19469.1
16489 2571.2 19298.6 19469.1
16490 2571.2 19298.6 19469.1
16491 2571.2 19298.6 19469.1
16499 2571.2 22267.6 22415.6
16500 2571.2 22267.6 22415.6
16501 2571.2 22267.6 22415.6
16502 2571.2 22267.6 22415.6
16503 2571.2 22267.6 22415.6
16504 2571.2 22267.6 22415.6
16505 2571.2 22267.6 22415.6
16520 1714.2 26721.2 26776.1
16521 1714.2 26721.2 26776.1
16522 1714.2 26721.2 26776.1
16523 1714.2 26721.2 26776.1
16524 1714.2 26721.2 26776.1
16525 1714.2 26721.2 26776.1
16526 1714.2 26721.2 26776.1
16527 2571.2 28205.7 28322.6
16528 2571.2 28205.7 28322.6
16529 2571.2 28205.7 28322.6
16530 2571.2 28205.7 28322.6
16531 2571.2 28205.7 28322.6
16532 2571.2 28205.7 28322.6
16533 2571.2 28205.7 28322.6
16548 1714.2 32659.2 32704.1
16549 1714.2 32659.2 32704.1
16550 1714.2 32659.2 32704.1
16551 1714.2 32659.2 32704.1
16552 1714.2 32659.2 32704.1
16553 1714.2 32659.2 32704.1
16554 1714.2 32659.2 32704.1
16555 2571.2 34143.7 34240.4
16556 2571.2 34143.7 34240.4
16557 2571.2 34143.7 34240.4
16558 2571.2 34143.7 34240.4
16559 2571.2 34143.7 34240.4
16560 2571.2 34143.7 34240.4
16561 2571.2 34143.7 34240.4
16590 1714.2 41566.2 41601.6
16591 1714.2 41566.2 41601.6
16592 1714.2 41566.2 41601.6
16593 1714.2 41566.2 41601.6
16594 1714.2 41566.2 41601.6
16595 1714.2 41566.2 41601.6
16596 1714.2 41566.2 41601.6
16597 2571.2 43050.8 43127.5
16598 2571.2 43050.8 43127.5
16599 2571.2 43050.8 43127.5
16600 2571.2 43050.8 43127.5
16601 2571.2 43050.8 43127.5
16602 2571.2 43050.8 43127.5
16603 2571.2 43050.8 43127.5
16604 1714.2 44535.3 44568.2
16605 1714.2 44535.3 44568.2
16606 1714.2 44535.3 44568.2
16607 1714.2 44535.3 44568.2
16608 1714.2 44535.3 44568.2
16609 1714.2 44535.3 44568.2
16610 1714.2 44535.3 44568.2
16611 2571.2 46019.8 46091.5
16612 2571.2 46019.8 46091.5
16613 2571.2 46019.8 46091.5
16614 2571.2 46019.8 46091.5
16615 2571.2 46019.8 46091.5
16616 2571.2 46019.8 46091.5
16617 2571.2 46019.8 46091.5
16618 1714.2 47504.3 47535.2
16619 1714.2 47504.3 47535.2
16620 1714.2 47504.3 47535.2
16621 1714.2 47504.3 47535.2
16622 1714.2 47504.3 47535.2
16623 1714.2 47504.3 47535.2
16624 1714.2 47504.3 47535.2
16632 1714.2 50473.3 50502.4
16633 1714.2 50473.3 50502.4
16634 1714.2 50473.3 50502.4
16635 1714.2 50473.3 50502.4
16636 1714.2 50473.3 50502.4
16637 1714.2 50473.3 50502.4
16638 1714.2 50473.3 50502.4
16674 1714.2 59380.3 59405.1
16675 1714.2 59380.3 59405.1
16676 1714.2 59380.3 59405.1
16677 1714.2 59380.3 59405.1
16678 1714.2 59380.3 59405.1
16679 1714.2 59380.3 59405.1
16680 1714.2 59380.3 59405.1
16688 4285.4 -57895.8 58054.2
16689 4285.4 -57895.8 58054.2
16690 4285.4 -57895.8 58054.2
16691 4285.4 -57895.8 58054.2
16692 4285.4 -57895.8 58054.2
16693 4285.4 -57895.8 58054.2
16694 4285.4 -57895.8 58054.2
16695 3428.3 -56411.3 56515.4
16696 3428.3 -56411.3 56515.4
16697 3428.3 -56411.3 56515.4
16698 3428.3 -56411.3 56515.4
16699 3428.3 -56411.3 56515.4
16700 3428.3 -56411.3 56515.4
16701 3428.3 -56411.3 56515.4
16702 4285.4 -54926.8 55093.7
16703 4285.4 -54926.8 55093.7
16704 4285.4 -54926.8 55093.7
16705 4285.4 -54926.8 55093.7
16706 4285.4 -54926.8 55093.7
16707 4285.4 -54926.8 55093.7
16708 4285.4 -54926.8 55093.7
16709 3428.3 -53442.3 53552.2
16710 3428.3 -53442.3 53552.2
16711 3428.3 -53442.3 53552.2
16712 3428.3 -53442.3 53552.2
16713 3428.3 -53442.3 53552.2
16714 3428.3 -53442.3 53552.2
16715 3428.3 -53442.3 53552.2
16716 4285.4 -51957.8 52134.2
16717 4285.4 -51957.8 52134.2
16718 4285.4 -51957.8 52134.2
16719 4285.4 -51957.8 52134.2
16720 4285.4 -51957.8 52134.2
16721 4285.4 -51957.8 52134.2
16722 4285.4 -51957.8 52134.2
16730 4285.4 -48988.8 49175.9
16731 4285.4 -48988.8 49175.9
16732 4285.4 -48988.8 49175.9
16733 4285.4 -48988.8 49175.9
16734 4285.4 -48988.8 49175.9
16735 4285.4 -48988.8 49175.9
16736 4285.4 -48988.8 49175.9
16772 4285.4 -40081.7 40310.2
16773 4285.4 -40081.7 40310.2
16774 4285.4 -40081.7 40310.2
16775 4285.4 -40081.7 40310.2
16776 4285.4 -40081.7 40310.2
16777 4285.4 -40081.7 40310.2
16778 4285.4 -40081.7 40310.2
16779 3428.3 -38597.2 38749.2
16780 3428.3 -38597.2 38749.2
16781 3428.3 -38597.2 38749.2
16782 3428.3 -38597.2 38749.2
16783 3428.3 -38597.2 38749.2
16784 3428.3 -38597.2 38749.2
16785 3428.3 -38597.2 38749.2
16786 4285.4 -37112.7 37359.3
16787 4285.4 -37112.7 37359.3
16788 4285.4 -37112.7 37359.3
16789 4285.4 -37112.7 37359.3
16790 4285.4 -37112.7 37359.3
16791 4285.4 -37112.7 37359.3
16792 4285.4 -37112.7 37359.3
16793 3428.3 -35628.2 35792.8
16794 3428.3 -35628.2 35792.8
16795 3428.3 -35628.2 35792.8
16796 3428.3 -35628.2 35792.8
16797 3428.3 -35628.2 35792.8
16798 3428.3 -35628.2 35792.8
16799 3428.3 -35628.2 35792.8
16814 4285.4 -31174.7 31467.9
16815 4285.4 -31174.7 31467.9
16816 4285.4 -31174.7 31467.9
16817 4285.4 -31174.7 31467.9
16818 4285.4 -31174.7 31467.9
16819 4285.4 -31174.7 31467.9
16820 4285.4 -31174.7 31467.9
16821 3428.3 -29690.2 29887.5
16822 3428.3 -29690.2 29887.5
16823 3428.3 -29690.2 29887.5
16824 3428.3 -29690.2 29887.5
16825 3428.3 -29690.2 29887.5
16826 3428.3 -29690.2 29887.5
16827 3428.3 -29690.2 29887.5
16842 4285.4 -25236.6 25597.9
16843 4285.4 -25236.6 25597.9
16844 4285.4 -25236.6 25597.9
16845 4285.4 -25236.6 25597.9
16846 4285.4 -25236.6 25597.9
16847 4285.4 -25236.6 25597.9
16848 4285.4 -25236.6 25597.9
16849 3428.3 -23752.1 23998.3
16850 3428.3 -23752.1 23998.3
16851 3428.3 -23752.1 23998.3
16852 3428.3 -23752.1 23998.3
16853 3428.3 -23752.1 23998.3
16854 3428.3 -23752.1 23998.3
16855 3428.3 -23752.1 23998.3
16863 3428.3 -20783.1 21064.0
16864 3428.3 -20783.1 21064.0
16865 3428.3 -20783.1 21064.0
16866 3428.3 -20783.1 21064.0
16867 3428.3 -20783.1 21064.0
16868 3428.3 -20783.1 21064.0
16869 3428.3 -20783.1 21064.0
16884 4285.4 -16329.6 16882.5
16885 4285.4 -16329.6 16882.5
16886 4285.4 -16329.6 16882.5
16887 4285.4 -16329.6 16882.5
16888 4285.4 -16329.6 16882.5
16889 4285.4 -16329.6 16882.5
16890 4285.4 -16329.6 16882.5
16891 3428.3 -14845.1 15235.8
16892 3428.3 -14845.1 15235.8
16893 3428.3 -14845.1 15235.8
16894 3428.3 -14845.1 15235.8
16895 3428.3 -14845.1 15235.8
16896 3428.3 -14845.1 15235.8
16897 3428.3 -14845.1 15235.8
16898 4285.4 -13360.6 14031.0
16899 4285.4 -13360.6 14031.0
16900 4285.4 -13360.6 14031.0
16901 4285.4 -13360.6 14031.0
16902 4285.4 -13360.6 14031.0
16903 4285.4 -13360.6 14031.0
16904 4285.4 -13360.6 14031.0
16905 3428.3 -11876.1 12361.0
16906 3428.3 -11876.1 12361.0
16907 3428.3 -11876.1 12361.0
16908 3428.3 -11876.1 12361.0
16909 3428.3 -11876.1 12361.0
16910 3428.3 -11876.1 12361.0
16911 3428.3 -11876.1 12361.0
16919 3428.3 -8907.1 9544.1
16920 3428.3 -8907.1 9544.1
16921 3428.3 -8907.1 9544.1
16922 3428.3 -8907.1 9544.1
16923 3428.3 -8907.1 9544.1
16924 3428.3 -8907.1 9544.1
16925 3428.3 -8907.1 9544.1
16933 3428.3 -5938.0 6856.7
16934 3428.3 -5938.0 6856.7
16935 3428.3 -5938.0 6856.7
16936 3428.3 -5938.0 6856.7
16937 3428.3 -5938.0 6856.7
16938 3428.3 -5938.0 6856.7
16939 3428.3 -5938.0 6856.7
16989 3428.3 5938.0 6856.7
16990 3428.3 5938.0 6856.7
16991 3428.3 5938.0 6856.7
16992 3428.3 5938.0 6856.7
16993 3428.3 5938.0 6856.7
16994 3428.3 5938.0 6856.7
16995 3428.3 5938.0 6856.7
17003 3428.3 8907.1 9544.1
17004 3428.3 8907.1 9544.1
17005 3428.3 8907.1 9544.1
17006 3428.3 8907.1 9544.1
17007 3428.3 8907.1 9544.1
17008 3428.3 8907.1 9544.1
17009 3428.3 8907.1 9544.1
17017 3428.3 11876.1 12361.0
17018 3428.3 11876.1 12361.0
17019 3428.3 11876.1 12361.0
17020 3428.3 11876.1 12361.0
17021 3428.3 11876.1 12361.0
17022 3428.3 11876.1 12361.0
17023 3428.3 11876.1 12361.0
17024 4285.4 13360.6 14031.0
17025 4285.4 13360.6 14031.0
17026 4285.4 13360.6 14031.0
17027 4285.4 13360.6 14031.0
17028 4285.4 13360.6 14031.0
17029 4285.4 13360.6 14031.0
17030 4285.4 13360.6 14031.0
17031 3428.3 14845.1 15235.8
17032 3428.3 14845.1 15235.8
17033 3428.3 14845.1 15235.8
17034 3428.3 14845.1 15235.8
17035 3428.3 14845.1 15235.8
17036 3428.3 14845.1 15235.8
17037 3428.3 14845.1 15235.8
17038 4285.4 16329.6 16882.5
17039 4285.4 16329.6 16882.5
17040 4285.4 16329.6 16882.5
17041 4285.4 16329.6 16882.5
17042 4285.4 16329.6 16882.5
17043 4285.4 16329.6 16882.5
17044 4285.4 16329.6 16882.5
17059 3428.3 20783.1 21064.0
17060 3428.3 20783.1 21064.0
17061 3428.3 20783.1 21064.0
17062 3428.3 20783.1 21064.0
17063 3428.3 20783.1 21064.0
17064 3428.3 20783.1 21064.0
17065 3428.3 20783.1 21064.0
17073 3428.3 23752.1 23998.3
17074 3428.3 23752.1 23998.3
17075 3428.3 23752.1 23998.3
17076 3428.3 23752.1 23998.3
17077 3428.3 23752.1 23998.3
17078 3428.3 23752.1 23998.3
17079 3428.3 23752.1 23998.3
17080 4285.4 25236.6 25597.9
17081 4285.4 25236.6 25597.9
17082 4285.4 25236.6 25597.9
17083 4285.4 25236.6 25597.9
17084 4285.4 25236.6 25597.9
17085 4285.4 25236.6 25597.9
17086 4285.4 25236.6 25597.9
17101 3428.3 29690.2 29887.5
17102 3428.3 29690.2 29887.5
17103 3428.3 29690.2 29887.5
17104 3428.3 29690.2 29887.5
17105 3428.3 29690.2 29887.5
17106 3428.3 29690.2 29887.5
17107 3428.3 29690.2 29887.5
17108 4285.4 31174.7 31467.9
17109 4285.4 31174.7 31467.9
17110 4285.4 31174.7 31467.9
17111 4285.4 31174.7 31467.9
17112 4285.4 31174.7 31467.9
17113 4285.4 31174.7 31467.9
17114 4285.4 31174.7 31467.9
17129 3428.3 35628.2 35792.8
17130 3428.3 35628.2 35792.8
17131 3428.3 35628.2 35792.8
17132 3428.3 35628.2 35792.8
17133 3428.3 35628.2 35792.8
17134 3428.3 35628.2 35792.8
17135 3428.3 35628.2 35792.8
17136 4285.4 37112.7 37359.3
17137 4285.4 37112.7 37359.3
17138 4285.4 37112.7 37359.3
17139 4285.4 37112.7 37359.3
17140 4285.4 37112.7 37359.3
17141 4285.4 37112.7 37359.3
17142 4285.4 37112.7 37359.3
17143 3428.3 38597.2 38749.2
17144 3428.3 38597.2 38749.2
17145 3428.3 38597.2 38749.2
17146 3428.3 38597.2 38749.2
17147 3428.3 38597.2 38749.2
17148 3428.3 38597.2 38749.2
17149 3428.3 38597.2 38749.2
17150 4285.4 40081.7 40310.2
17151 4285.4 40081.7 40310.2
17152 4285.4 40081.7 40310.2
17153 4285.4 40081.7 40310.2
17154 4285.4 40081.7 40310.2
17155 4285.4 40081.7 40310.2
17156 4285.4 40081.7 40310.2
17192 4285.4 48988.8 49175.9
17193 4285.4 48988.8 49175.9
17194 4285.4 48988.8 49175.9
17195 4285.4 48988.8 49175.9
17196 4285.4 48988.8 49175.9
17197 4285.4 48988.8 49175.9
17198 4285.4 48988.8 49175.9
17206 4285.4 51957.8 52134.2
17207 4285.4 51957.8 52134.2
17208 4285.4 51957.8 52134.2
17209 4285.4 51957.8 52134.2
17210 4285.4 51957.8 52134.2
17211 4285.4 51957.8 52134.2
17212 4285.4 51957.8 52134.2
17213 3428.3 53442.3 53552.2
17214 3428.3 53442.3 53552.2
17215 3428.3 53442.3 53552.2
17216 3428.3 53442.3 53552.2
17217 3428.3 53442.3 53552.2
17218 3428.3 53442.3 53552.2
17219 3428.3 53442.3 53552.2
17220 4285.4 54926.8 55093.7
17221 4285.4 54926.8 55093.7
17222 4285.4 54926.8 55093.7
17223 4285.4 54926.8 55093.7
17224 4285.4 54926.8 55093.7
17225 4285.4 54926.8 55093.7
17226 4285.4 54926.8 55093.7
17227 3428.3 56411.3 56515.4
17228 3428.3 56411.3 56515.4
17229 3428.3 56411.3 56515.4
17230 3428.3 56411.3 56515.4
17231 3428.3 56411.3 56515.4
17232 3428.3 56411.3 56515.4
17233 3428.3 56411.3 56515.4
17234 4285.4 57895.8 58054.2
17235 4285.4 57895.8 58054.2
17236 4285.4 57895.8 58054.2
17237 4285.4 57895.8 58054.2
17238 4285.4 57895.8 58054.2
17239 4285.4 57895.8 58054.2
17240 4285.4 57895.8 58054.2
17248 5142.5 -59380.3 59602.6
17249 5142.5 -59380.3 59602.6
17250 5142.5 -59380.3 59602.6
17251 5142.5 -59380.3 59602.6
17252 5142.5 -59380.3 59602.6
17253 5142.5 -59380.3 59602.6
17254 5142.5 -59380.3 59602.6
17290 5142.5 -50473.3 50734.6
17291 5142.5 -50473.3 50734.6
17292 5142.5 -50473.3 50734.6
17293 5142.5 -50473.3 50734.6
17294 5142.5 -50473.3 50734.6
17295 5142.5 -50473.3 50734.6
17296 5142.5 -50473.3 50734.6
17304 5142.5 -47504.3 47781.8
17305 5142.5 -47504.3 47781.8
17306 5142.5 -47504.3 47781.8
17307 5142.5 -47504.3 47781.8
17308 5142.5 -47504.3 47781.8
17309 5142.5 -47504.3 47781.8
17310 5142.5 -47504.3 47781.8
17311 5999.6 -46019.8 46409.2
17312 5999.6 -46019.8 46409.2
17313 5999.6 -46019.8 46409.2
17314 5999.6 -46019.8 46409.2
17315 5999.6 -46019.8 46409.2
17316 5999.6 -46019.8 46409.2
17317 5999.6 -46019.8 46409.2
17318 5142.5 -44535.3 44831.2
17319 5142.5 -44535.3 44831.2
17320 5142.5 -44535.3 44831.2
17321 5142.5 -44535.3 44831.2
17322 5142.5 -44535.3 44831.2
17323 5142.5 -44535.3 44831.2
17324 5142.5 -44535.3 44831.2
17325 5999.6 -43050.8 43466.8
17326 5999.6 -43050.8 43466.8
17327 5999.6 -43050.8 43466.8
17328 5999.6 -43050.8 43466.8
17329 5999.6 -43050.8 43466.8
17330 5999.6 -43050.8 43466.8
17331 5999.6 -43050.8 43466.8
17332 5142.5 -41566.2 41883.1
17333 5142.5 -41566.2 41883.1
17334 5142.5 -41566.2 41883.1
17335 5142.5 -41566.2 41883.1
17336 5142.5 -41566.2 41883.1
17337 5142.5 -41566.2 41883.1
17338 5142.5 -41566.2 41883.1
17367 5999.6 -34143.7 34666.8
17368 5999.6 -34143.7 34666.8
17369 5999.6 -34143.7 34666.8
17370 5999.6 -34143.7 34666.8
17371 5999.6 -34143.7 34666.8
17372 5999.6 -34143.7 34666.8
17373 5999.6 -34143.7 34666.8
17374 5142.5 -32659.2 33061.6
17375 5142.5 -32659.2 33061.6
17376 5142.5 -32659.2 33061.6
17377 5142.5 -32659.2 33061.6
17378 5142.5 -32659.2 33061.6
17379 5142.5 -32659.2 33061.6
17380 5142.5 -32659.2 33061.6
17395 5999.6 -28205.7 28836.7
17396 5999.6 -28205.7 28836.7
17397 5999.6 -28205.7 28836.7
17398 5999.6 -28205.7 28836.7
17399 5999.6 -28205.7 28836.7
17400 5999.6 -28205.7 28836.7
17401 5999.6 -28205.7 28836.7
17402 5142.5 -26721.2 27211.5
17403 5142.5 -26721.2 27211.5
17404 5142.5 -26721.2 27211.5
17405 5142.5 -26721.2 27211.5
17406 5142.5 -26721.2 27211.5
17407 5142.5 -26721.2 27211.5
17408 5142.5 -26721.2 27211.5
17423 5999.6 -22267.6 23061.7
17424 5999.6 -22267.6 23061.7
17425 5999.6 -22267.6 23061.7
17426 5999.6 -22267.6 23061.7
17427 5999.6 -22267.6 23061.7
17428 5999.6 -22267.6 23061.7
17429 5999.6 -22267.6 23061.7
17437 5999.6 -19298.6 20209.7
17438 5999.6 -19298.6 20209.7
17439 5999.6 -19298.6 20209.7
17440 5999.6 -19298.6 20209.7
17441 5999.6 -19298.6 20209.7
17442 5999.6 -19298.6 20209.7
17443 5999.6 -19298.6 20209.7
17444 5142.5 -17814.1 18541.5
17445 5142.5 -17814.1 18541.5
17446 5142.5 -17814.1 18541.5
17447 5142.5 -17814.1 18541.5
17448 5142.5 -17814.1 18541.5
17449 5142.5 -17814.1 18541.5
17450 5142.5 -17814.1 18541.5
17479 5999.6 -10391.6 11999.1
17480 5999.6 -10391.6 11999.1
17481 5999.6 -10391.6 11999.1
17482 5999.6 -10391.6 11999.1
17483 5999.6 -10391.6 11999.1
17484 5999.6 -10391.6 11999.1
17485 5999.6 -10391.6 11999.1
17493 5999.6 -7422.5 9544.1
17494 5999.6 -7422.5 9544.1
17495 5999.6 -7422.5 9544.1
17496 5999.6 -7422.5 9544.1
17497 5999.6 -7422.5 9544.1
17498 5999.6 -7422.5 9544.1
17499 5999.6 -7422.5 9544.1
17507 5999.6 -4453.5 7471.9
17508 5999.6 -4453.5 7471.9
17509 5999.6 -4453.5 7471.9
17510 5999.6 -4453.5 7471.9
17511 5999.6 -4453.5 7471.9
17512 5999.6 -4453.5 7471.9
17513 5999.6 -4453.5 7471.9
17514 5142.5 -2969.0 5938.0
17515 5142.5 -2969.0 5938.0
17516 5142.5 -2969.0 5938.0
17517 5142.5 -2969.0 5938.0
17518 5142.5 -2969.0 5938.0
17519 5142.5 -2969.0 5938.0
17520 5142.5 -2969.0 5938.0
17521 5999.6 -1484.5 6180.5
17522 5999.6 -1484.5 6180.5
17523 5999.6 -1484.5 6180.5
17524 5999.6 -1484.5 6180.5
17525 5999.6 -1484.5 6180.5
17526 5999.6 -1484.5 6180.5
17527 5999.6 -1484.5 6180.5
17528 5142.5 0.0 5142.5
17529 5142.5 0.0 5142.5
17530 5142.5 0.0 5142.5
17531 5142.5 0.0 5142.5
17532 5142.5 0.0 5142.5
17533 5142.5 0.0 5142.5
17534 5142.5 0.0 5142.5
17535 5999.6 1484.5 6180.5
17536 5999.6 1484.5 6180.5
17537 5999.6 1484.5 6180.5
17538 5999.6 1484.5 6180.5
17539 5999.6 1484.5 6180.5
17540 5999.6 1484.5 6180.5
17541 5999.6 1484.5 6180.5
17542 5142.5 2969.0 5938.0
17543 5142.5 2969.0 5938.0
17544 5142.5 2969.0 5938.0
17545 5142.5 2969.0 5938.0
17546 5142.5 2969.0 5938.0
17547 5142.5 2969.0 5938.0
17548 5142.5 2969.0 5938.0
17549 5999.6 4453.5 7471.9
17550 5999.6 4453.5 7471.9
17551 5999.6 4453.5 7471.9
17552 5999.6 4453.5 7471.9
17553 5999.6 4453.5 7471.9
17554 5999.6 4453.5 7471.9
17555 5999.6 4453.5 7471.9
17563 5999.6 7422.5 9544.1
17564 5999.6 7422.5 9544.1
17565 5999.6 7422.5 9544.1
17566 5999.6 7422.5 9544.1
17567 5999.6 7422.5 9544.1
17568 5999.6 7422.5 9544.1
17569 5999.6 7422.5 9544.1
17577 5999.6 10391.6 11999.1
17578 5999.6 10391.6 11999.1
17579 5999.6 10391.6 11999.1
17580 5999.6 10391.6 11999.1
17581 5999.6 10391.6 11999.1
17582 5999.6 10391.6 11999.1
17583 5999.6 10391.6 11999.1
17612 5142.5 17814.1 18541.5
17613 5142.5 17814.1 18541.5
17614 5142.5 17814.1 18541.5
17615 5142.5 17814.1 18541.5
17616 5142.5 17814.1 18541.5
17617 5142.5 17814.1 18541.5
17618 5142.5 17814.1 18541.5
17619 5999.6 19298.6 20209.7
17620 5999.6 19298.6 20209.7
17621 5999.6 19298.6 20209.7
17622 5999.6 19298.6 20209.7
17623 5999.6 19298.6 20209.7
17624 5999.6 19298.6 20209.7
17625 5999.6 19298.6 20209.7
17633 5999.6 22267.6 23061.7
17634 5999.6 22267.6 23061.7
17635 5999.6 22267.6 23061.7
17636 5999.6 22267.6 23061.7
17637 5999.6 22267.6 23061.7
17638 5999.6 22267.6 23061.7
17639 5999.6 22267.6 23061.7
17654 5142.5 26721.2 27211.5
17655 5142.5 26721.2 27211.5
17656 5142.5 26721.2 27211.5
17657 5142.5 26721.2 27211.5
17658 5142.5 26721.2 27211.5
17659 5142.5 26721.2 27211.5
17660 5142.5 26721.2 27211.5
17661 5999.6 28205.7 28836.7
17662 5999.6 28205.7 28836.7
17663 5999.6 28205.7 28836.7
17664 5999.6 28205.7 28836.7
17665 5999.6 28205.7 28836.7
17666 5999.6 28205.7 28836.7
17667 5999.6 28205.7 28836.7
17682 5142.5 32659.2 33061.6
17683 5142.5 32659.2 33061.6
17684 5142.5 32659.2 33061.6
17685 5142.5 32659.2 33061.6
17686 5142.5 32659.2 33061.6
17687 5142.5 32659.2 33061.6
17688 5142.5 32659.2 33061.6
17689 5999.6 34143.7 34666.8
17690 5999.6 34143.7 34666.8
17691 5999.6 34143.7 34666.8
17692 5999.6 34143.7 34666.8
17693 5999.6 34143.7 34666.8
17694 5999.6 34143.7 34666.8
17695 5999.6 34143.7 34666.8
17724 5142.5 41566.2 41883.1
17725 5142.5 41566.2 41883.1
17726 5142.5 41566.2 41883.1
17727 5142.5 41566.2 41883.1
17728 5142.5 41566.2 41883.1
17729 5142.5 41566.2 41883.1
17730 5142.5 41566.2 41883.1
17731 5999.6 43050.8 43466.8
17732 5999.6 43050.8 43466.8
17733 5999.6 43050.8 43466.8
17734 5999.6 43050.8 43466.8
17735 5999.6 43050.8 43466.8
17736 5999.6 43050.8 43466.8
17737 5999.6 43050.8 43466.8
17738 5142.5 44535.3 44831.2
17739 5142.5 44535.3 44831.2
17740 5142.5 44535.3 44831.2
17741 5142.5 44535.3 44831.2
17742 5142.5 44535.3 44831.2
17743 5142.5 44535.3 44831.2
17744 5142.5 44535.3 44831.2
17745 5999.6 46019.8 46409.2
17746 5999.6 46019.8 46409.2
17747 5999.6 46019.8 46409.2
17748 5999.6 46019.8 46409.2
17749 5999.6 46019.8 46409.2
17750 5999.6 46019.8 46409.2
17751 5999.6 46019.8 46409.2
17752 5142.5 47504.3 47781.8
17753 5142.5 47504.3 47781.8
17754 5142.5 47504.3 47781.8
17755 5142.5 47504.3 47781.8
17756 5142.5 47504.3 47781.8
17757 5142.5 47504.3 47781.8
17758 5142.5 47504.3 47781.8
17766 5142.5 50473.3 50734.6
17767 5142.5 50473.3 50734.6
17768 5142.5 50473.3 50734.6
17769 5142.5 50473.3 50734.6
17770 5142.5 50473.3 50734.6
17771 5142.5 50473.3 50734.6
17772 5142.5 50473.3 50734.6
17808 5142.5 59380.3 59602.6
17809 5142.5 59380.3 59602.6
17810 5142.5 59380.3 59602.6
17811 5142.5 59380.3 59602.6
17812 5142.5 59380.3 59602.6
17813 5142.5 59380.3 59602.6
17814 5142.5 59380.3 59602.6
17822 7713.7 -57895.8 58407.4
17823 7713.7 -57895.8 58407.4
17824 7713.7 -57895.8 58407.4
17825 7713.7 -57895.8 58407.4
17826 7713.7 -57895.8 58407.4
17827 7713.7 -57895.8 58407.4
17828 7713.7 -57895.8 58407.4
17829 6856.7 -56411.3 56826.5
17830 6856.7 -56411.3 56826.5
17831 6856.7 -56411.3 56826.5
17832 6856.7 -56411.3 56826.5
17833 6856.7 -56411.3 56826.5
17834 6856.7 -56411.3 56826.5
17835 6856.7 -56411.3 56826.5
17836 7713.7 -54926.8 55465.8
17837 7713.7 -54926.8 55465.8
17838 7713.7 -54926.8 55465.8
17839 7713.7 -54926.8 55465.8
17840 7713.7 -54926.8 55465.8
17841 7713.7 -54926.8 55465.8
17842 7713.7 -54926.8 55465.8
17843 6856.7 -53442.3 53880.4
17844 6856.7 -53442.3 53880.4
17845 6856.7 -53442.3 53880.4
17846 6856.7 -53442.3 53880.4
17847 6856.7 -53442.3 53880.4
17848 6856.7 -53442.3 53880.4
17849 6856.7 -53442.3 53880.4
17850 7713.7 -51957.8 52527.3
17851 7713.7 -51957.8 52527.3
17852 7713.7 -51957.8 52527.3
17853 7713.7 -51957.8 52527.3
17854 7713.7 -51957.8 52527.3
17855 7713.7 -51957.8 52527.3
17856 7713.7 -51957.8 52527.3
17864 7713.7 -48988.8 49592.4
17865 7713.7 -48988.8 49592.4
17866 7713.7 -48988.8 49592.4
17867 7713.7 -48988.8 49592.4
17868 7713.7 -48988.8 49592.4
17869 7713.7 -48988.8 49592.4
17870 7713.7 -48988.8 49592.4
17906 7713.7 -40081.7 40817.2
17907 7713.7 -40081.7 40817.2
17908 7713.7 -40081.7 40817.2
17909 7713.7 -40081.7 40817.2
17910 7713.7 -40081.7 40817.2
17911 7713.7 -40081.7 40817.2
17912 7713.7 -40081.7 40817.2
17913 6856.7 -38597.2 39201.5
17914 6856.7 -38597.2 39201.5
17915 6856.7 -38597.2 39201.5
17916 6856.7 -38597.2 39201.5
17917 6856.7 -38597.2 39201.5
17918 6856.7 -38597.2 39201.5
17919 6856.7 -38597.2 39201.5
17920 7713.7 -37112.7 37905.9
17921 7713.7 -37112.7 37905.9
17922 7713.7 -37112.7 37905.9
17923 7713.7 -37112.7 37905.9
17924 7713.7 -37112.7 37905.9
17925 7713.7 -37112.7 37905.9
17926 7713.7 -37112.7 37905.9
17927 6856.7 -35628.2 36282.0
17928 6856.7 -35628.2 36282.0
17929 6856.7 -35628.2 36282.0
17930 6856.7 -35628.2 36282.0
17931 6856.7 -35628.2 36282.0
17932 6856.7 -35628.2 36282.0
17933 6856.7 -35628.2 36282.0
17948 7713.7 -31174.7 32114.8
17949 7713.7 -31174.7 32114.8
17950 7713.7 -31174.7 32114.8
17951 7713.7 -31174.7 32114.8
17952 7713.7 -31174.7 32114.8
17953 7713.7 -31174.7 32114.8
17954 7713.7 -31174.7 32114.8
17955 6856.7 -29690.2 30471.6
17956 6856.7 -29690.2 30471.6
17957 6856.7 -29690.2 30471.6
17958 6856.7 -29690.2 30471.6
17959 6856.7 -29690.2 30471.6
17960 6856.7 -29690.2 30471.6
17961 6856.7 -29690.2 30471.6
17976 7713.7 -25236.6 26389.2
17977 7713.7 -25236.6 26389.2
17978 7713.7 -25236.6 26389.2
17979 7713.7 -25236.6 26389.2
17980 7713.7 -25236.6 26389.2
17981 7713.7 -25236.6 26389.2
17982 7713.7 -25236.6 26389.2
17983 6856.7 -23752.1 24722.0
17984 6856.7 -23752.1 24722.0
17985 6856.7 -23752.1 24722.0
17986 6856.7 -23752.1 24722.0
17987 6856.7 -23752.1 24722.0
17988 6856.7 -23752.1 24722.0
17989 6856.7 -23752.1 24722.0
17997 6856.7 -20783.1 21885.0
17998 6856.7 -20783.1 21885.0
17999 6856.7 -20783.1 21885.0
18000 6856.7 -20783.1 21885.0
18001 6856.7 -20783.1 21885.0
18002 6856.7 -20783.1 21885.0
18003 6856.7 -20783.1 21885.0
18018 7713.7 -16329.6 18059.8
18019 7713.7 -16329.6 18059.8
18020 7713.7 -16329.6 18059.8
18021 7713.7 -16329.6 18059.8
18022 7713.7 -16329.6 18059.8
18023 7713.7 -16329.6 18059.8
18024 7713.7 -16329.6 18059.8
18025 6856.7 -14845.1 16352.1
18026 6856.7 -14845.1 16352.1
18027 6856.7 -14845.1 16352.1
18028 6856.7 -14845.1 16352.1
18029 6856.7 -14845.1 16352.1
18030 6856.7 -14845.1 16352.1
18031 6856.7 -14845.1 16352.1
18032 7713.7 -13360.6 15427.5
18033 7713.7 -13360.6 15427.5
18034 7713.7 -13360.6 15427.5
18035 7713.7 -13360.6 15427.5
18036 7713.7 -13360.6 15427.5
18037 7713.7 -13360.6 15427.5
18038 7713.7 -13360.6 15427.5
18039 6856.7 -11876.1 13713.3
18040 6856.7 -11876.1 13713.3
18041 6856.7 -11876.1 13713.3
18042 6856.7 -11876.1 13713.3
18043 6856.7 -11876.1 13713.3
18044 6856.7 -11876.1 13713.3
18045 6856.7 -11876.1 13713.3
18053 6856.7 -8907.1 11240.5
18054 6856.7 -8907.1 11240.5
18055 6856.7 -8907.1 11240.5
18056 6856.7 -8907.1 11240.5
18057 6856.7 -8907.1 11240.5
18058 6856.7 -8907.1 11240.5
18059 6856.7 -8907.1 11240.5
18067 6856.7 -5938.0 9070.5
18068 6856.7 -5938.0 9070.5
18069 6856.7 -5938.0 9070.5
18070 6856.7 -5938.0 9070.5
18071 6856.7 -5938.0 9070.5
18072 6856.7 -5938.0 9070.5
18073 6856.7 -5938.0 9070.5
18123 6856.7 5938.0 9070.5
18124 6856.7 5938.0 9070.5
18125 6856.7 5938.0 9070.5
18126 6856.7 5938.0 9070.5
18127 6856.7 5938.0 9070.5
18128 6856.7 5938.0 9070.5
18129 6856.7 5938.0 9070.5
18137 6856.7 8907.1 11240.5
18138 6856.7 8907.1 11240.5
18139 6856.7 8907.1 11240.5
18140 6856.7 8907.1 11240.5
18141 6856.7 8907.1 11240.5
18142 6856.7 8907.1 11240.5
18143 6856.7 8907.1 11240.5
18151 6856.7 11876.1 13713.3
18152 6856.7 11876.1 13713.3
18153 6856.7 11876.1 13713.3
18154 6856.7 11876.1 13713.3
18155 6856.7 11876.1 13713.3
18156 6856.7 11876.1 13713.3
18157 6856.7 11876.1 13713.3
18158 7713.7 13360.6 15427.5
18159 7713.7 13360.6 15427.5
18160 7713.7 13360.6 15427.5
18161 7713.7 13360.6 15427.5
18162 7713.7 13360.6 15427.5
18163 7713.7 13360.6 15427.5
18164 7713.7 13360.6 15427.5
18165 6856.7 14845.1 16352.1
18166 6856.7 14845.1 16352.1
18167 6856.7 14845.1 16352.1
18168 6856.7 14845.1 16352.1
18169 6856.7 14845.1 16352.1
18170 6856.7 14845.1 16352.1
18171 6856.7 14845.1 16352.1
18172 7713.7 16329.6 18059.8
18173 7713.7 16329.6 18059.8
18174 7713.7 16329.6 18059.8
18175 7713.7 16329.6 18059.8
18176 7713.7 16329.6 18059.8
18177 7713.7 16329.6 18059.8
18178 7713.7 16329.6 18059.8
18193 6856.7 20783.1 21885.0
18194 6856.7 20783.1 21885.0
18195 6856.7 20783.1 21885.0
18196 6856.7 20783.1 21885.0
18197 6856.7 20783.1 21885.0
18198 6856.7 20783.1 21885.0
18199 6856.7 20783.1 21885.0
18207 6856.7 23752.1 24722.0
18208 6856.7 23752.1 24722.0
18209 6856.7 23752.1 24722.0
18210 6856.7 23752.1 24722.0
18211 6856.7 23752.1 24722.0
18212 6856.7 23752.1 24722.0
18213 6856.7 23752.1 24722.0
18214 7713.7 25236.6 26389.2
18215 7713.7 25236.6 26389.2
18216 7713.7 25236.6 26389.2
18217 7713.7 25236.6 26389.2
18218 7713.7 25236.6 26389.2
18219 7713.7 25236.6 26389.2
18220 7713.7 25236.6 26389.2
18235 6856.7 29690.2 30471.6
18236 6856.7 29690.2 30471.6
18237 6856.7 29690.2 30471.6
18238 6856.7 29690.2 30471.6
18239 6856.7 29690.2 30471.6
18240 6856.7 29690.2 30471.6
18241 6856.7 29690.2 30471.6
18242 7713.7 31174.7 32114.8
18243 7713.7 31174.7 32114.8
18244 7713.7 31174.7 32114.8
18245 7713.7 31174.7 32114.8
18246 7713.7 31174.7 32114.8
18247 7713.7 31174.7 32114.8
18248 7713.7 31174.7 32114.8
18263 6856.7 35628.2 36282.0
18264 6856.7 35628.2 36282.0
18265 6856.7 35628.2 36282.0
18266 6856.7 35628.2 36282.0
18267 6856.7 35628.2 36282.0
18268 6856.7 35628.2 36282.0
18269 6856.7 35628.2 36282.0
18270 7713.7 37112.7 37905.9
18271 7713.7 37112.7 37905.9
18272 7713.7 37112.7 37905.9
18273 7713.7 37112.7 37905.9
18274 7713.7 37112.7 37905.9
18275 7713.7 37112.7 37905.9
18276 7713.7 37112.7 37905.9
18277 6856.7 38597.2 39201.5
18278 6856.7 38597.2 39201.5
18279 6856.7 38597.2 39201.5
18280 6856.7 38597.2 39201.5
18281 6856.7 38597.2 39201.5
18282 6856.7 38597.2 39201.5
18283 6856.7 38597.2 39201.5
18284 7713.7 40081.7 40817.2
18285 7713.7 40081.7 40817.2
18286 7713.7 40081.7 40817.2
18287 7713.7 40081.7 40817.2
18288 7713.7 40081.7 40817.2
18289 7713.7 40081.7 40817.2
18290 7713.7 40081.7 40817.2
18326 7713.7 48988.8 49592.4
18327 7713.7 48988.8 49592.4
18328 7713.7 48988.8 49592.4
18329 7713.7 48988.8 49592.4
18330 7713.7 48988.8 49592.4
18331 7713.7 48988.8 49592.4
18332 7713.7 48988.8 49592.4
18340 7713.7 51957.8 52527.3
18341 7713.7 51957.8 52527.3
18342 7713.7 51957.8 52527.3
18343 7713.7 51957.8 52527.3
18344 7713.7 51957.8 52527.3
18345 7713.7 51957.8 52527.3
18346 7713.7 51957.8 52527.3
18347 6856.7 53442.3 53880.4
18348 6856.7 53442.3 53880.4
18349 6856.7 53442.3 53880.4
18350 6856.7 53442.3 53880.4
18351 6856.7 53442.3 53880.4
18352 6856.7 53442.3 53880.4
18353 6856.7 53442.3 53880.4
18354 7713.7 54926.8 55465.8
18355 7713.7 54926.8 55465.8
18356 7713.7 54926.8 55465.8
18357 7713.7 54926.8 55465.8
18358 7713.7 54926.8 55465.8
18359 7713.7 54926.8 55465.8
18360 7713.7 54926.8 55465.8
18361 6856.7 56411.3 56826.5
18362 6856.7 56411.3 56826.5
18363 6856.7 56411.3 56826.5
18364 6856.7 56411.3 56826.5
18365 6856.7 56411.3 56826.5
18366 6856.7 56411.3 56826.5
18367 6856.7 56411.3 56826.5
18368 7713.7 57895.8 58407.4
18369 7713.7 57895.8 58407.4
18370 7713.7 57895.8 58407.4
18371 7713.7 57895.8 58407.4
18372 7713.7 57895.8 58407.4
18373 7713.7 57895.8 58407.4
18374 7713.7 57895.8 58407.4
18382 8570.8 -59380.3 59995.7
18383 8570.8 -59380.3 59995.7
18384 8570.8 -59380.3 59995.7
18385 8570.8 -59380.3 59995.7
18386 8570.8 -59380.3 59995.7
18387 8570.8 -59380.3 59995.7
18388 8570.8 -59380.3 59995.7
18424 8570.8 -50473.3 51195.8
18425 8570.8 -50473.3 51195.8
18426 8570.8 -50473.3 51195.8
18427 8570.8 -50473.3 51195.8
18428 8570.8 -50473.3 51195.8
18429 8570.8 -50473.3 51195.8
18430 8570.8 -50473.3 51195.8
18438 8570.8 -47504.3 48271.3
18439 8570.8 -47504.3 48271.3
18440 8570.8 -47504.3 48271.3
18441 8570.8 -47504.3 48271.3
18442 8570.8 -47504.3 48271.3
18443 8570.8 -47504.3 48271.3
18444 8570.8 -47504.3 48271.3
18445 9427.9 -46019.8 46975.6
18446 9427.9 -46019.8 46975.6
18447 9427.9 -46019.8 46975.6
18448 9427.9 -46019.8 46975.6
18449 9427.9 -46019.8 46975.6
18450 9427.9 -46019.8 46975.6
18451 9427.9 -46019.8 46975.6
18452 8570.8 -44535.3 45352.5
18453 8570.8 -44535.3 45352.5
18454 8570.8 -44535.3 45352.5
18455 8570.8 -44535.3 45352.5
18456 8570.8 -44535.3 45352.5
18457 8570.8 -44535.3 45352.5
18458 8570.8 -44535.3 45352.5
18459 9427.9 -43050.8 44071.0
18460 9427.9 -43050.8 44071.0
18461 9427.9 -43050.8 44071.0
18462 9427.9 -43050.8 44071.0
18463 9427.9 -43050.8 44071.0
18464 9427.9 -43050.8 44071.0
18465 9427.9 -43050.8 44071.0
18466 8570.8 -41566.2 42440.7
18467 8570.8 -41566.2 42440.7
18468 8570.8 -41566.2 42440.7
18469 8570.8 -41566.2 42440.7
18470 8570.8 -41566.2 42440.7
18471 8570.8 -41566.2 42440.7
18472 8570.8 -41566.2 42440.7
18501 9427.9 -34143.7 35421.4
18502 9427.9 -34143.7 35421.4
18503 9427.9 -34143.7 35421.4
18504 9427.9 -34143.7 35421.4
18505 9427.9 -34143.7 35421.4
18506 9427.9 -34143.7 35421.4
18507 9427.9 -34143.7 35421.4
18508 8570.8 -32659.2 33765.1
18509 8570.8 -32659.2 33765.1
18510 8570.8 -32659.2 33765.1
18511 8570.8 -32659.2 33765.1
18512 8570.8 -32659.2 33765.1
18513 8570.8 -32659.2 33765.1
18514 8570.8 -32659.2 33765.1
18529 9427.9 -28205.7 29739.6
18530 9427.9 -28205.7 29739.6
18531 9427.9 -28205.7 29739.6
18532 9427.9 -28205.7 29739.6
18533 9427.9 -28205.7 29739.6
18534 9427.9 -28205.7 29739.6
18535 9427.9 -28205.7 29739.6
18536 8570.8 -26721.2 28062.1
18537 8570.8 -26721.2 28062.1
18538 8570.8 -26721.2 28062.1
18539 8570.8 -26721.2 28062.1
18540 8570.8 -26721.2 28062.1
18541 8570.8 -26721.2 28062.1
18542 8570.8 -26721.2 28062.1
18557 9427.9 -22267.6 24181.2
18558 9427.9 -22267.6 24181.2
18559 9427.9 -22267.6 24181.2
18560 9427.9 -22267.6 24181.2
18561 9427.9 -22267.6 24181.2
18562 9427.9 -22267.6 24181.2
18563 9427.9 -22267.6 24181.2
18571 9427.9 -19298.6 21478.4
18572 9427.9 -19298.6 21478.4
18573 9427.9 -19298.6 21478.4
18574 9427.9 -19298.6 21478.4
18575 9427.9 -19298.6 21478.4
18576 9427.9 -19298.6 21478.4
18577 9427.9 -19298.6 21478.4
18578 8570.8 -17814.1 19768.7
18579 8570.8 -17814.1 19768.7
18580 8570.8 -17814.1 19768.7
18581 8570.8 -17814.1 19768.7
18582 8570.8 -17814.1 19768.7
18583 8570.8 -17814.1 19768.7
18584 8570.8 -17814.1 19768.7
18613 9427.9 -10391.6 14031.0
18614 9427.9 -10391.6 14031.0
18615 9427.9 -10391.6 14031.0
18616 9427.9 -10391.6 14031.0
18617 9427.9 -10391.6 14031.0
18618 9427.9 -10391.6 14031.0
18619 9427.9 -10391.6 14031.0
18627 9427.9 -7422.5 11999.1
18628 9427.9 -7422.5 11999.1
18629 9427.9 -7422.5 11999.1
18630 9427.9 -7422.5 11999.1
18631 9427.9 -7422.5 11999.1
18632 9427.9 -7422.5 11999.1
18633 9427.9 -7422.5 11999.1
18641 9427.9 -4453.5 10426.8
18642 9427.9 -4453.5 10426.8
18643 9427.9 -4453.5 10426.8
18644 9427.9 -4453.5 10426.8
18645 9427.9 -4453.5 10426.8
18646 9427.9 -4453.5 10426.8
18647 9427.9 -4453.5 10426.8
18648 8570.8 -2969.0 9070.5
18649 8570.8 -2969.0 9070.5
18650 8570.8 -2969.0 9070.5
18651 8570.8 -2969.0 9070.5
18652 8570.8 -2969.0 9070.5
18653 8570.8 -2969.0 9070.5
18654 8570.8 -2969.0 9070.5
18655 9427.9 -1484.5 9544.1
18656 9427.9 -1484.5 9544.1
18657 9427.9 -1484.5 9544.1
18658 9427.9 -1484.5 9544.1
18659 9427.9 -1484.5 9544.1
18660 9427.9 -1484.5 9544.1
18661 9427.9 -1484.5 9544.1
18662 8570.8 0.0 8570.8
18663 8570.8 0.0 8570.8
18664 8570.8 0.0 8570.8
18665 8570.8 0.0 8570.8
18666 8570.8 0.0 8570.8
18667 8570.8 0.0 8570.8
18668 8570.8 0.0 8570.8
18669 9427.9 1484.5 9544.1
18670 9427.9 1484.5 9544.1
18671 9427.9 1484.5 9544.1
18672 9427.9 1484.5 9544.1
18673 9427.9 1484.5 9544.1
18674 9427.9 1484.5 9544.1
18675 9427.9 1484.5 9544.1
18676 8570.8 2969.0 9070.5
18677 8570.8 2969.0 9070.5
18678 8570.8 2969.0 9070.5
18679 8570.8 2969.0 9070.5
18680 8570.8 2969.0 9070.5
18681 8570.8 2969.0 9070.5
18682 8570.8 2969.0 9070.5
18683 9427.9 4453.5 10426.8
18684 9427.9 4453.5 10426.8
18685 9427.9 4453.5 10426.8
18686 9427.9 4453.5 10426.8
18687 9427.9 4453.5 10426.8
18688 9427.9 4453.5 10426.8
18689 9427.9 4453.5 10426.8
18697 9427.9 7422.5 11999.1
18698 9427.9 7422.5 11999.1
18699 9427.9 7422.5 11999.1
18700 9427.9 7422.5 11999.1
18701 9427.9 7422.5 11999.1
18702 9427.9 7422.5 11999.1
18703 9427.9 7422.5 11999.1
18711 9427.9 10391.6 14031.0
18712 9427.9 10391.6 14031.0
18713 9427.9 10391.6 14031.0
18714 9427.9 10391.6 14031.0
18715 9427.9 10391.6 14031.0
18716 9427.9 10391.6 14031.0
18717 9427.9 10391.6 14031.0
18746 8570.8 17814.1 19768.7
18747 8570.8 17814.1 19768.7
18748 8570.8 17814.1 19768.7
18749 8570.8 17814.1 19768.7
18750 8570.8 17814.1 19768.7
18751 8570.8 17814.1 19768.7
18752 8570.8 17814.1 19768.7
18753 9427.9 19298.6 21478.4
18754 9427.9 19298.6 21478.4
18755 9427.9 19298.6 21478.4
18756 9427.9 19298.6 21478.4
18757 9427.9 19298.6 21478.4
18758 9427.9 19298.6 21478.4
18759 9427.9 19298.6 21478.4
18767 9427.9 22267.6 24181.2
18768 9427.9 22267.6 24181.2
18769 9427.9 22267.6 24181.2
18770 9427.9 22267.6 24181.2
18771 9427.9 22267.6 24181.2
18772 9427.9 22267.6 24181.2
18773 9427.9 22267.6 24181.2
18788 8570.8 26721.2 28062.1
18789 8570.8 26721.2 28062.1
18790 8570.8 26721.2 28062.1
18791 8570.8 26721.2 28062.1
18792 8570.8 26721.2 28062.1
18793 8570.8 26721.2 28062.1
18794 8570.8 26721.2 28062.1
18795 9427.9 28205.7 29739.6
18796 9427.9 28205.7 29739.6
18797 9427.9 28205.7 29739.6
18798 9427.9 28205.7 29739.6
18799 9427.9 28205.7 29739.6
18800 9427.9 28205.7 29739.6
18801 9427.9 28205.7 29739.6
18816 8570.8 32659.2 33765.1
18817 8570.8 32659.2 33765.1
18818 8570.8 32659.2 33765.1
18819 8570.8 32659.2 33765.1
18820 8570.8 32659.2 33765.1
18821 8570.8 32659.2 33765.1
18822 8570.8 32659.2 33765.1
18823 9427.9 34143.7 35421.4
18824 9427.9 34143.7 35421.4
18825 9427.9 34143.7 35421.4
18826 9427.9 34143.7 35421.4
18827 9427.9 34143.7 35421.4
18828 9427.9 34143.7 35421.4
18829 9427.9 34143.7 35421.4
18858 8570.8 41566.2 42440.7
18859 8570.8 41566.2 42440.7
18860 8570.8 41566.2 42440.7
18861 8570.8 41566.2 42440.7
18862 8570.8 41566.2 42440.7
18863 8570.8 41566.2 42440.7
18864 8570.8 41566.2 42440.7
18865 9427.9 43050.8 44071.0
18866 9427.9 43050.8 44071.0
18867 9427.9 43050.8 44071.0
18868 9427.9 43050.8 44071.0
18869 9427.9 43050.8 44071.0
18870 9427.9 43050.8 44071.0
18871 9427.9 43050.8 44071.0
18872 8570.8 44535.3 45352.5
18873 8570.8 44535.3 45352.5
18874 8570.8 44535.3 45352.5
18875 8570.8 44535.3 45352.5
18876 8570.8 44535.3 45352.5
18877 8570.8 44535.3 45352.5
18878 8570.8 44535.3 45352.5
18879 9427.9 46019.8 46975.6
18880 9427.9 46019.8 46975.6
18881 9427.9 46019.8 46975.6
18882 9427.9 46019.8 46975.6
18883 9427.9 46019.8 46975.6
18884 9427.9 46019.8 46975.6
18885 9427.9 46019.8 46975.6
18886 8570.8 47504.3 48271.3
18887 8570.8 47504.3 48271.3
18888 8570.8 47504.3 48271.3
18889 8570.8 47504.3 48271.3
18890 8570.8 47504.3 48271.3
18891 8570.8 47504.3 48271.3
18892 8570.8 47504.3 48271.3
18900 8570.8 50473.3 51195.8
18901 8570.8 50473.3 51195.8
18902 8570.8 50473.3 51195.8
18903 8570.8 50473.3 51195.8
18904 8570.8 50473.3 51195.8
18905 8570.8 50473.3 51195.8
18906 8570.8 50473.3 51195.8
18942 8570.8 59380.3 59995.7
18943 8570.8 59380.3 59995.7
18944 8570.8 59380.3 59995.7
18945 8570.8 59380.3 59995.7
18946 8570.8 59380.3 59995.7
18947 8570.8 59380.3 59995.7
18948 8570.8 59380.3 59995.7
18949 11142.1 -57895.8 58958.2
18950 11142.1 -57895.8 58958.2
18951 11142.1 -57895.8 58958.2
18952 11142.1 -57895.8 58958.2
18953 11142.1 -57895.8 58958.2
18954 11142.1 -57895.8 58958.2
18955 11142.1 -57895.8 58958.2
18956 10285.0 -56411.3 57341.3
18957 10285.0 -56411.3 57341.3
18958 10285.0 -56411.3 57341.3
18959 10285.0 -56411.3 57341.3
18960 10285.0 -56411.3 57341.3
18961 10285.0 -56411.3 57341.3
18962 10285.0 -56411.3 57341.3
18963 11142.1 -54926.8 56045.5
18964 11142.1 -54926.8 56045.5
18965 11142.1 -54926.8 56045.5
18966 11142.1 -54926.8 56045.5
18967 11142.1 -54926.8 56045.5
18968 11142.1 -54926.8 56045.5
18969 11142.1 -54926.8 56045.5
18970 10285.0 -53442.3 54423.0
18971 10285.0 -53442.3 54423.0
18972 10285.0 -53442.3 54423.0
18973 10285.0 -53442.3 54423.0
18974 10285.0 -53442.3 54423.0
18975 10285.0 -53442.3 54423.0
18976 10285.0 -53442.3 54423.0
18977 11142.1 -51957.8 53139.1
18978 11142.1 -51957.8 53139.1
18979 11142.1 -51957.8 53139.1
18980 11142.1 -51957.8 53139.1
18981 11142.1 -51957.8 53139.1
18982 11142.1 -51957.8 53139.1
18983 11142.1 -51957.8 53139.1
18991 11142.1 -48988.8 50239.9
18992 11142.1 -48988.8 50239.9
18993 11142.1 -48988.8 50239.9
18994 11142.1 -48988.8 50239.9
18995 11142.1 -48988.8 50239.9
18996 11142.1 -48988.8 50239.9
18997 11142.1 -48988.8 50239.9
19033 11142.1 -40081.7 41601.6
19034 11142.1 -40081.7 41601.6
19035 11142.1 -40081.7 41601.6
19036 11142.1 -40081.7 41601.6
19037 11142.1 -40081.7 41601.6
19038 11142.1 -40081.7 41601.6
19039 11142.1 -40081.7 41601.6
19040 10285.0 -38597.2 39944.0
19041 10285.0 -38597.2 39944.0
19042 10285.0 -38597.2 39944.0
19043 10285.0 -38597.2 39944.0
19044 10285.0 -38597.2 39944.0
19045 10285.0 -38597.2 39944.0
19046 10285.0 -38597.2 39944.0
19047 11142.1 -37112.7 38749.2
19048 11142.1 -37112.7 38749.2
19049 11142.1 -37112.7 38749.2
19050 11142.1 -37112.7 38749.2
19051 11142.1 -37112.7 38749.2
19052 11142.1 -37112.7 38749.2
19053 11142.1 -37112.7 38749.2
19054 10285.0 -35628.2 37083.0
19055 10285.0 -35628.2 37083.0
19056 10285.0 -35628.2 37083.0
19057 10285.0 -35628.2 37083.0
19058 10285.0 -35628.2 37083.0
19059 10285.0 -35628.2 37083.0
19060 10285.0 -35628.2 37083.0
19075 11142.1 -31174.7 33106.0
19076 11142.1 -31174.7 33106.0
19077 11142.1 -31174.7 33106.0
19078 11142.1 -31174.7 33106.0
19079 11142.1 -31174.7 33106.0
19080 11142.1 -31174.7 33106.0
19081 11142.1 -31174.7 33106.0
19082 10285.0 -29690.2 31421.1
19083 10285.0 -29690.2 31421.1
19084 10285.0 -29690.2 31421.1
19085 10285.0 -29690.2 31421.1
19086 10285.0 -29690.2 31421.1
19087 10285.0 -29690.2 31421.1
19088 10285.0 -29690.2 31421.1
19103 11142.1 -25236.6 27586.8
19104 11142.1 -25236.6 27586.8
19105 11142.1 -25236.6 27586.8
19106 11142.1 -25236.6 27586.8
19107 11142.1 -25236.6 27586.8
19108 11142.1 -25236.6 27586.8
19109 11142.1 -25236.6 27586.8
19110 10285.0 -23752.1 25883.3
19111 10285.0 -23752.1 25883.3
19112 10285.0 -23752.1 25883.3
19113 10285.0 -23752.1 25883.3
19114 10285.0 -23752.1 25883.3
19115 10285.0 -23752.1 25883.3
19116 10285.0 -23752.1 25883.3
19124 10285.0 -20783.1 23188.8
19125 10285.0 -20783.1 23188.8
19126 10285.0 -20783.1 23188.8
19127 10285.0 -20783.1 23188.8
19128 10285.0 -20783.1 23188.8
19129 10285.0 -20783.1 23188.8
19130 10285.0 -20783.1 23188.8
19145 11142.1 -16329.6 19768.7
19146 11142.1 -16329.6 19768.7
19147 11142.1 -16329.6 19768.7
19148 11142.1 -16329.6 19768.7
19149 11142.1 -16329.6 19768.7
19150 11142.1 -16329.6 19768.7
19151 11142.1 -16329.6 19768.7
19152 10285.0 -14845.1 18059.8
19153 10285.0 -14845.1 18059.8
19154 10285.0 -14845.1 18059.8
19155 10285.0 -14845.1 18059.8
19156 10285.0 -14845.1 18059.8
19157 10285.0 -14845.1 18059.8
19158 10285.0 -14845.1 18059.8
19159 11142.1 -13360.6 17396.9
19160 11142.1 -13360.6 17396.9
19161 11142.1 -13360.6 17396.9
19162 11142.1 -13360.6 17396.9
19163 11142.1 -13360.6 17396.9
19164 11142.1 -13360.6 17396.9
19165 11142.1 -13360.6 17396.9
19166 10285.0 -11876.1 15710.6
19167 10285.0 -11876.1 15710.6
19168 10285.0 -11876.1 15710.6
19169 10285.0 -11876.1 15710.6
19170 10285.0 -11876.1 15710.6
19171 10285.0 -11876.1 15710.6
19172 10285.0 -11876.1 15710.6
19180 10285.0 -8907.1 13605.7
19181 10285.0 -8907.1 13605.7
19182 10285.0 -8907.1 13605.7
19183 10285.0 -8907.1 13605.7
19184 10285.0 -8907.1 13605.7
19185 10285.0 -8907.1 13605.7
19186 10285.0 -8907.1 13605.7
19194 10285.0 -5938.0 11876.1
19195 10285.0 -5938.0 11876.1
19196 10285.0 -5938.0 11876.1
19197 10285.0 -5938.0 11876.1
19198 10285.0 -5938.0 11876.1
19199 10285.0 -5938.0 11876.1
19200 10285.0 -5938.0 11876.1
19250 10285.0 5938.0 11876.1
19251 10285.0 5938.0 11876.1
19252 10285.0 5938.0 11876.1
19253 10285.0 5938.0 11876.1
19254 10285.0 5938.0 11876.1
19255 10285.0 5938.0 11876.1
19256 10285.0 5938.0 11876.1
19264 10285.0 8907.1 13605.7
19265 10285.0 8907.1 13605.7
19266 10285.0 8907.1 13605.7
19267 10285.0 8907.1 13605.7
19268 10285.0 8907.1 13605.7
19269 10285.0 8907.1 13605.7
19270 10285.0 8907.1 13605.7
19278 10285.0 11876.1 15710.6
19279 10285.0 11876.1 15710.6
19280 10285.0 11876.1 15710.6
19281 10285.0 11876.1 15710.6
19282 10285.0 11876.1 15710.6
19283 10285.0 11876.1 15710.6
19284 10285.0 11876.1 15710.6
19285 11142.1 13360.6 17396.9
19286 11142.1 13360.6 17396.9
19287 11142.1 13360.6 17396.9
19288 11142.1 13360.6 17396.9
19289 11142.1 13360.6 17396.9
19290 11142.1 13360.6 17396.9
19291 11142.1 13360.6 17396.9
19292 10285.0 14845.1 18059.8
19293 10285.0 14845.1 18059.8
19294 10285.0 14845.1 18059.8
19295 10285.0 14845.1 18059.8
19296 10285.0 14845.1 18059.8
19297 10285.0 14845.1 18059.8
19298 10285.0 14845.1 18059.8
19299 11142.1 16329.6 19768.7
19300 11142.1 16329.6 19768.7
19301 11142.1 16329.6 19768.7
19302 11142.1 16329.6 19768.7
19303 11142.1 16329.6 19768.7
19304 11142.1 16329.6 19768.7
19305 11142.1 16329.6 19768.7
19320 10285.0 20783.1 23188.8
19321 10285.0 20783.1 23188.8
19322 10285.0 20783.1 23188.8
19323 10285.0 20783.1 23188.8
19324 10285.0 20783.1 23188.8
19325 10285.0 20783.1 23188.8
19326 10285.0 20783.1 23188.8
19334 10285.0 23752.1 25883.3
19335 10285.0 23752.1 25883.3
19336 10285.0 23752.1 25883.3
19337 10285.0 23752.1 25883.3
19338 10285.0 23752.1 25883.3
19339 10285.0 23752.1 25883.3
19340 10285.0 23752.1 25883.3
19341 11142.1 25236.6 27586.8
19342 11142.1 25236.6 27586.8
19343 11142.1 25236.6 27586.8
19344 11142.1 25236.6 27586.8
19345 11142.1 25236.6 27586.8
19346 11142.1 25236.6 27586.8
19347 11142.1 25236.6 27586.8
19362 10285.0 29690.2 31421.1
19363 10285.0 29690.2 31421.1
19364 10285.0 29690.2 31421.1
19365 10285.0 29690.2 31421.1
19366 10285.0 29690.2 31421.1
19367 10285.0 29690.2 31421.1
19368 10285.0 29690.2 31421.1
19369 11142.1 31174.7 33106.0
19370 11142.1 31174.7 33106.0
19371 11142.1 31174.7 33106.0
19372 11142.1 31174.7 33106.0
19373 11142.1 31174.7 33106.0
19374 11142.1 31174.7 33106.0
19375 11142.1 31174.7 33106.0
19390 10285.0 35628.2 37083.0
19391 10285.0 35628.2 37083.0
19392 10285.0 35628.2 37083.0
19393 10285.0 35628.2 37083.0
19394 10285.0 35628.2 37083.0
19395 10285.0 35628.2 37083.0
19396 10285.0 35628.2 37083.0
19397 11142.1 37112.7 38749.2
19398 11142.1 37112.7 38749.2
19399 11142.1 37112.7 38749.2
19400 11142.1 37112.7 38749.2
19401 11142.1 37112.7 38749.2
19402 11142.1 37112.7 38749.2
19403 11142.1 37112.7 38749.2
19404 10285.0 38597.2 39944.0
19405 10285.0 38597.2 39944.0
19406 10285.0 38597.2 39944.0
19407 10285.0 38597.2 39944.0
19408 10285.0 38597.2 39944.0
19409 10285.0 38597.2 39944.0
19410 10285.0 38597.2 39944.0
19411 11142.1 40081.7 41601.6
19412 11142.1 40081.7 41601.6
19413 11142.1 40081.7 41601.6
19414 11142.1 40081.7 41601.6
19415 11142.1 40081.7 41601.6
19416 11142.1 40081.7 41601.6
19417 11142.1 40081.7 41601.6
19453 11142.1 48988.8 50239.9
19454 11142.1 48988.8 50239.9
19455 11142.1 48988.8 50239.9
19456 11142.1 48988.8 50239.9
19457 11142.1 48988.8 50239.9
19458 11142.1 48988.8 50239.9
19459 11142.1 48988.8 50239.9
19467 11142.1 51957.8 53139.1
19468 11142.1 51957.8 53139.1
19469 11142.1 51957.8 53139.1
19470 11142.1 51957.8 53139.1
19471 11142.1 51957.8 53139.1
19472 11142.1 51957.8 53139.1
19473 11142.1 51957.8 53139.1
19474 10285.0 53442.3 54423.0
19475 10285.0 53442.3 54423.0
19476 10285.0 53442.3 54423.0
19477 10285.0 53442.3 54423.0
19478 10285.0 53442.3 54423.0
19479 10285.0 53442.3 54423.0
19480 10285.0 53442.3 54423.0
19481 11142.1 54926.8 56045.5
19482 11142.1 54926.8 56045.5
19483 11142.1 54926.8 56045.5
19484 11142.1 54926.8 56045.5
19485 11142.1 54926.8 56045.5
19486 11142.1 54926.8 56045.5
19487 11142.1 54926.8 56045.5
19488 10285.0 56411.3 57341.3
19489 10285.0 56411.3 57341.3
19490 10285.0 56411.3 57341.3
19491 10285.0 56411.3 57341.3
19492 10285.0 56411.3 57341.3
19493 10285.0 56411.3 57341.3
19494 10285.0 56411.3 57341.3
19495 11142.1 57895.8 58958.2
19496 11142.1 57895.8 58958.2
19497 11142.1 57895.8 58958.2
19498 11142.1 57895.8 58958.2
19499 11142.1 57895.8 58958.2
19500 11142.1 57895.8 58958.2
19501 11142.1 57895.8 58958.2
19537 11999.1 -50473.3 51880.0
19538 11999.1 -50473.3 51880.0
19539 11999.1 -50473.3 51880.0
19540 11999.1 -50473.3 51880.0
19541 11999.1 -50473.3 51880.0
19542 11999.1 -50473.3 51880.0
19543 11999.1 -50473.3 51880.0
19551 11999.1 -47504.3 48996.3
19552 11999.1 -47504.3 48996.3
19553 11999.1 -47504.3 48996.3
19554 11999.1 -47504.3 48996.3
19555 11999.1 -47504.3 48996.3
19556 11999.1 -47504.3 48996.3
19557 11999.1 -47504.3 48996.3
19558 12856.2 -46019.8 47781.8
19559 12856.2 -46019.8 47781.8
19560 12856.2 -46019.8 47781.8
19561 12856.2 -46019.8 47781.8
19562 12856.2 -46019.8 47781.8
19563 12856.2 -46019.8 47781.8
19564 12856.2 -46019.8 47781.8
19565 11999.1 -44535.3 46123.4
19566 11999.1 -44535.3 46123.4
19567 11999.1 -44535.3 46123.4
19568 11999.1 -44535.3 46123.4
19569 11999.1 -44535.3 46123.4
19570 11999.1 -44535.3 46123.4
19571 11999.1 -44535.3 46123.4
19572 12856.2 -43050.8 44929.4
19573 12856.2 -43050.8 44929.4
19574 12856.2 -43050.8 44929.4
19575 12856.2 -43050.8 44929.4
19576 12856.2 -43050.8 44929.4
19577 12856.2 -43050.8 44929.4
19578 12856.2 -43050.8 44929.4
19579 11999.1 -41566.2 43263.5
19580 11999.1 -41566.2 43263.5
19581 11999.1 -41566.2 43263.5
19582 11999.1 -41566.2 43263.5
19583 11999.1 -41566.2 43263.5
19584 11999.1 -41566.2 43263.5
19585 11999.1 -41566.2 43263.5
19614 12856.2 -34143.7 36483.9
19615 12856.2 -34143.7 36483.9
19616 12856.2 -34143.7 36483.9
19617 12856.2 -34143.7 36483.9
19618 12856.2 -34143.7 36483.9
19619 12856.2 -34143.7 36483.9
19620 12856.2 -34143.7 36483.9
19621 11999.1 -32659.2 34793.7
19622 11999.1 -32659.2 34793.7
19623 11999.1 -32659.2 34793.7
19624 11999.1 -32659.2 34793.7
19625 11999.1 -32659.2 34793.7
19626 11999.1 -32659.2 34793.7
19627 11999.1 -32659.2 34793.7
19642 12856.2 -28205.7 30997.5
19643 12856.2 -28205.7 30997.5
19644 12856.2 -28205.7 30997.5
19645 12856.2 -28205.7 30997.5
19646 12856.2 -28205.7 30997.5
19647 12856.2 -28205.7 30997.5
19648 12856.2 -28205.7 30997.5
19649 11999.1 -26721.2 29291.6
19650 11999.1 -26721.2 29291.6
19651 11999.1 -26721.2 29291.6
19652 11999.1 -26721.2 29291.6
19653 11999.1 -26721.2 29291.6
19654 11999.1 -26721.2 29291.6
19655 11999.1 -26721.2 29291.6
19670 12856.2 -22267.6 25712.4
19671 12856.2 -22267.6 25712.4
19672 12856.2 -22267.6 25712.4
19673 12856.2 -22267.6 25712.4
19674 12856.2 -22267.6 25712.4
19675 12856.2 -22267.6 25712.4
19676 12856.2 -22267.6 25712.4
19684 12856.2 -19298.6 23188.8
19685 12856.2 -19298.6 23188.8
19686 12856.2 -19298.6 23188.8
19687 12856.2 -19298.6 23188.8
19688 12856.2 -19298.6 23188.8
19689 12856.2 -19298.6 23188.8
19690 12856.2 -19298.6 23188.8
19691 11999.1 -17814.1 21478.4
19692 11999.1 -17814.1 21478.4
19693 11999.1 -17814.1 21478.4
19694 11999.1 -17814.1 21478.4
19695 11999.1 -17814.1 21478.4
19696 11999.1 -17814.1 21478.4
19697 11999.1 -17814.1 21478.4
19726 12856.2 -10391.6 16530.8
19727 12856.2 -10391.6 16530.8
19728 12856.2 -10391.6 16530.8
19729 12856.2 -10391.6 16530.8
19730 12856.2 -10391.6 16530.8
19731 12856.2 -10391.6 16530.8
19732 12856.2 -10391.6 16530.8
19740 12856.2 -7422.5 14845.1
19741 12856.2 -7422.5 14845.1
19742 12856.2 -7422.5 14845.1
19743 12856.2 -7422.5 14845.1
19744 12856.2 -7422.5 14845.1
19745 12856.2 -7422.5 14845.1
19746 12856.2 -7422.5 14845.1
19754 12856.2 -4453.5 13605.7
19755 12856.2 -4453.5 13605.7
19756 12856.2 -4453.5 13605.7
19757 12856.2 -4453.5 13605.7
19758 12856.2 -4453.5 13605.7
19759 12856.2 -4453.5 13605.7
19760 12856.2 -4453.5 13605.7
19761 11999.1 -2969.0 12361.0
19762 11999.1 -2969.0 12361.0
19763 11999.1 -2969.0 12361.0
19764 11999.1 -2969.0 12361.0
19765 11999.1 -2969.0 12361.0
19766 11999.1 -2969.0 12361.0
19767 11999.1 -2969.0 12361.0
19768 12856.2 -1484.5 12941.6
19769 12856.2 -1484.5 12941.6
19770 12856.2 -1484.5 12941.6
19771 12856.2 -1484.5 12941.6
19772 12856.2 -1484.5 12941.6
19773 12856.2 -1484.5 12941.6
19774 12856.2 -1484.5 12941.6
19775 11999.1 0.0 11999.1
19776 11999.1 0.0 11999.1
19777 11999.1 0.0 11999.1
19778 11999.1 0.0 11999.1
19779 11999.1 0.0 11999.1
19780 11999.1 0.0 11999.1
19781 11999.1 0.0 11999.1
19782 12856.2 1484.5 12941.6
19783 12856.2 1484.5 12941.6
19784 12856.2 1484.5 12941.6
19785 12856.2 1484.5 12941.6
19786 12856.2 1484.5 12941.6
19787 12856.2 1484.5 12941.6
19788 12856.2 1484.5 12941.6
19789 11999.1 2969.0 12361.0
19790 11999.1 2969.0 12361.0
19791 11999.1 2969.0 12361.0
19792 11999.1 2969.0 12361.0
19793 11999.1 2969.0 12361.0
19794 11999.1 2969.0 12361.0
19795 11999.1 2969.0 12361.0
19796 12856.2 4453.5 13605.7
19797 12856.2 4453.5 13605.7
19798 12856.2 4453.5 13605.7
19799 12856.2 4453.5 13605.7
19800 12856.2 4453.5 13605.7
19801 12856.2 4453.5 13605.7
19802 12856.2 4453.5 13605.7
19810 12856.2 7422.5 14845.1
19811 12856.2 7422.5 14845.1
19812 12856.2 7422.5 14845.1
19813 12856.2 7422.5 14845.1
19814 12856.2 7422.5 14845.1
19815 12856.2 7422.5 14845.1
19816 12856.2 7422.5 14845.1
19824 12856.2 10391.6 16530.8
19825 12856.2 10391.6 16530.8
19826 12856.2 10391.6 16530.8
19827 12856.2 10391.6 16530.8
19828 12856.2 10391.6 16530.8
19829 12856.2 10391.6 16530.8
19830 12856.2 10391.6 16530.8
19859 11999.1 17814.1 21478.4
19860 11999.1 17814.1 21478.4
19861 11999.1 17814.1 21478.4
19862 11999.1 17814.1 21478.4
19863 11999.1 17814.1 21478.4
19864 11999.1 17814.1 21478.4
19865 11999.1 17814.1 21478.4
19866 12856.2 19298.6 23188.8
19867 12856.2 19298.6 23188.8
19868 12856.2 19298.6 23188.8
19869 12856.2 19298.6 23188.8
19870 12856.2 19298.6 23188.8
19871 12856.2 19298.6 23188.8
19872 12856.2 19298.6 23188.8
19880 12856.2 22267.6 25712.4
19881 12856.2 22267.6 25712.4
19882 12856.2 22267.6 25712.4
19883 12856.2 22267.6 25712.4
19884 12856.2 22267.6 25712.4
19885 12856.2 22267.6 25712.4
19886 12856.2 22267.6 25712.4
19901 11999.1 26721.2 29291.6
19902 11999.1 26721.2 29291.6
19903 11999.1 26721.2 29291.6
19904 11999.1 26721.2 29291.6
19905 11999.1 26721.2 29291.6
19906 11999.1 26721.2 29291.6
19907 11999.1 26721.2 29291.6
19908 12856.2 28205.7 30997.5
19909 12856.2 28205.7 30997.5
19910 12856.2 28205.7 30997.5
19911 12856.2 28205.7 30997.5
19912 12856.2 28205.7 30997.5
19913 12856.2 28205.7 30997.5
19914 12856.2 28205.7 30997.5
19929 11999.1 32659.2 34793.7
19930 11999.1 32659.2 34793.7
19931 11999.1 32659.2 34793.7
19932 11999.1 32659.2 34793.7
19933 11999.1 32659.2 34793.7
19934 11999.1 32659.2 34793.7
19935 11999.1 32659.2 34793.7
19936 12856.2 34143.7 36483.9
19937 12856.2 34143.7 36483.9
19938 12856.2 34143.7 36483.9
19939 12856.2 34143.7 36483.9
19940 12856.2 34143.7 36483.9
19941 12856.2 34143.7 36483.9
19942 12856.2 34143.7 36483.9
19971 11999.1 41566.2 43263.5
19972 11999.1 41566.2 43263.5
19973 11999.1 41566.2 43263.5
19974 11999.1 41566.2 43263.5
19975 11999.1 41566.2 43263.5
19976 11999.1 41566.2 43263.5
19977 11999.1 41566.2 43263.5
19978 12856.2 43050.8 44929.4
19979 12856.2 43050.8 44929.4
19980 12856.2 43050.8 44929.4
19981 12856.2 43050.8 44929.4
19982 12856.2 43050.8 44929.4
19983 12856.2 43050.8 44929.4
19984 12856.2 43050.8 44929.4
19985 11999.1 44535.3 46123.4
19986 11999.1 44535.3 46123.4
19987 11999.1 44535.3 46123.4
19988 11999.1 44535.3 46123.4
19989 11999.1 44535.3 46123.4
19990 11999.1 44535.3 46123.4
19991 11999.1 44535.3 46123.4
19992 12856.2 46019.8 47781.8
19993 12856.2 46019.8 47781.8
19994 12856.2 46019.8 47781.8
19995 12856.2 46019.8 47781.8
19996 12856.2 46019.8 47781.8
19997 12856.2 46019.8 47781.8
19998 12856.2 46019.8 47781.8
19999 11999.1 47504.3 48996.3
20000 11999.1 47504.3 48996.3
20001 11999.1 47504.3 48996.3
20002 11999.1 47504.3 48996.3
20003 11999.1 47504.3 48996.3
20004 11999.1 47504.3 48996.3
20005 11999.1 47504.3 48996.3
20013 11999.1 50473.3 51880.0
20014 11999.1 50473.3 51880.0
20015 11999.1 50473.3 51880.0
20016 11999.1 50473.3 51880.0
20017 11999.1 50473.3 51880.0
20018 11999.1 50473.3 51880.0
20019 11999.1 50473.3 51880.0
20055 14570.4 -57895.8 59701.1
20056 14570.4 -57895.8 59701.1
20057 14570.4 -57895.8 59701.1
20058 14570.4 -57895.8 59701.1
20059 14570.4 -57895.8 59701.1
20060 14570.4 -57895.8 59701.1
20061 14570.4 -57895.8 59701.1
20062 13713.3 -56411.3 58054.2
20063 13713.3 -56411.3 58054.2
20064 13713.3 -56411.3 58054.2
20065 13713.3 -56411.3 58054.2
20066 13713.3 -56411.3 58054.2
20067 13713.3 -56411.3 58054.2
20068 13713.3 -56411.3 58054.2
20069 14570.4 -54926.8 56826.5
20070 14570.4 -54926.8 56826.5
20071 14570.4 -54926.8 56826.5
20072 14570.4 -54926.8 56826.5
20073 14570.4 -54926.8 56826.5
20074 14570.4 -54926.8 56826.5
20075 14570.4 -54926.8 56826.5
20076 13713.3 -53442.3 55173.7
20077 13713.3 -53442.3 55173.7
20078 13713.3 -53442.3 55173.7
20079 13713.3 -53442.3 55173.7
20080 13713.3 -53442.3 55173.7
20081 13713.3 -53442.3 55173.7
20082 13713.3 -53442.3 55173.7
20083 14570.4 -51957.8 53962.1
20084 14570.4 -51957.8 53962.1
20085 14570.4 -51957.8 53962.1
20086 14570.4 -51957.8 53962.1
20087 14570.4 -51957.8 53962.1
20088 14570.4 -51957.8 53962.1
20089 14570.4 -51957.8 53962.1
20097 14570.4 -48988.8 51109.7
20098 14570.4 -48988.8 51109.7
20099 14570.4 -48988.8 51109.7
20100 14570.4 -48988.8 51109.7
20101 14570.4 -48988.8 51109.7
20102 14570.4 -48988.8 51109.7
20103 14570.4 -48988.8 51109.7
20139 14570.4 -40081.7 42647.9
20140 14570.4 -40081.7 42647.9
20141 14570.4 -40081.7 42647.9
20142 14570.4 -40081.7 42647.9
20143 14570.4 -40081.7 42647.9
20144 14570.4 -40081.7 42647.9
20145 14570.4 -40081.7 42647.9
20146 13713.3 -38597.2 40961.0
20147 13713.3 -38597.2 40961.0
20148 13713.3 -38597.2 40961.0
20149 13713.3 -38597.2 40961.0
20150 13713.3 -38597.2 40961.0
20151 13713.3 -38597.2 40961.0
20152 13713.3 -38597.2 40961.0
20153 14570.4 -37112.7 39870.4
20154 14570.4 -37112.7 39870.4
20155 14570.4 -37112.7 39870.4
20156 14570.4 -37112.7 39870.4
20157 14570.4 -37112.7 39870.4
20158 14570.4 -37112.7 39870.4
20159 14570.4 -37112.7 39870.4
20160 13713.3 -35628.2 38176.2
20161 13713.3 -35628.2 38176.2
20162 13713.3 -35628.2 38176.2
20163 13713.3 -35628.2 38176.2
20164 13713.3 -35628.2 38176.2
20165 13713.3 -35628.2 38176.2
20166 13713.3 -35628.2 38176.2
20181 14570.4 -31174.7 34411.6
20182 14570.4 -31174.7 34411.6
20183 14570.4 -31174.7 34411.6
20184 14570.4 -31174.7 34411.6
20185 14570.4 -31174.7 34411.6
20186 14570.4 -31174.7 34411.6
20187 14570.4 -31174.7 34411.6
20188 13713.3 -29690.2 32704.1
20189 13713.3 -29690.2 32704.1
20190 13713.3 -29690.2 32704.1
20191 13713.3 -29690.2 32704.1
20192 13713.3 -29690.2 32704.1
20193 13713.3 -29690.2 32704.1
20194 13713.3 -29690.2 32704.1
20209 14570.4 -25236.6 29140.8
20210 14570.4 -25236.6 29140.8
20211 14570.4 -25236.6 29140.8
20212 14570.4 -25236.6 29140.8
20213 14570.4 -25236.6 29140.8
20214 14570.4 -25236.6 29140.8
20215 14570.4 -25236.6 29140.8
20216 13713.3 -23752.1 27426.6
20217 13713.3 -23752.1 27426.6
20218 13713.3 -23752.1 27426.6
20219 13713.3 -23752.1 27426.6
20220 13713.3 -23752.1 27426.6
20221 13713.3 -23752.1 27426.6
20222 13713.3 -23752.1 27426.6
20230 13713.3 -20783.1 24899.7
20231 13713.3 -20783.1 24899.7
20232 13713.3 -20783.1 24899.7
20233 13713.3 -20783.1 24899.7
20234 13713.3 -20783.1 24899.7
20235 13713.3 -20783.1 24899.7
20236 13713.3 -20783.1 24899.7
20251 14570.4 -16329.6 21885.0
20252 14570.4 -16329.6 21885.0
20253 14570.4 -16329.6 21885.0
20254 14570.4 -16329.6 21885.0
20255 14570.4 -16329.6 21885.0
20256 14570.4 -16329.6 21885.0
20257 14570.4 -16329.6 21885.0
20258 13713.3 -14845.1 20209.7
20259 13713.3 -14845.1 20209.7
20260 13713.3 -14845.1 20209.7
20261 13713.3 -14845.1 20209.7
20262 13713.3 -14845.1 20209.7
20263 13713.3 -14845.1 20209.7
20264 13713.3 -14845.1 20209.7
20265 14570.4 -13360.6 19768.7
20266 14570.4 -13360.6 19768.7
20267 14570.4 -13360.6 19768.7
20268 14570.4 -13360.6 19768.7
20269 14570.4 -13360.6 19768.7
20270 14570.4 -13360.6 19768.7
20271 14570.4 -13360.6 19768.7
20272 13713.3 -11876.1 18141.0
20273 13713.3 -11876.1 18141.0
20274 13713.3 -11876.1 18141.0
20275 13713.3 -11876.1 18141.0
20276 13713.3 -11876.1 18141.0
20277 13713.3 -11876.1 18141.0
20278 13713.3 -11876.1 18141.0
20286 13713.3 -8907.1 16352.1
20287 13713.3 -8907.1 16352.1
20288 13713.3 -8907.1 16352.1
20289 13713.3 -8907.1 16352.1
20290 13713.3 -8907.1 16352.1
20291 13713.3 -8907.1 16352.1
20292 13713.3 -8907.1 16352.1
20300 13713.3 -5938.0 14943.7
20301 13713.3 -5938.0 14943.7
20302 13713.3 -5938.0 14943.7
20303 13713.3 -5938.0 14943.7
20304 13713.3 -5938.0 14943.7
20305 13713.3 -5938.0 14943.7
20306 13713.3 -5938.0 14943.7
20356 13713.3 5938.0 14943.7
20357 13713.3 5938.0 14943.7
20358 13713.3 5938.0 14943.7
20359 13713.3 5938.0 14943.7
20360 13713.3 5938.0 14943.7
20361 13713.3 5938.0 14943.7
20362 13713.3 5938.0 14943.7
20370 13713.3 8907.1 16352.1
20371 13713.3 8907.1 16352.1
20372 13713.3 8907.1 16352.1
20373 13713.3 8907.1 16352.1
20374 13713.3 8907.1 16352.1
20375 13713.3 8907.1 16352.1
20376 13713.3 8907.1 16352.1
20384 13713.3 11876.1 18141.0
20385 13713.3 11876.1 18141.0
20386 13713.3 11876.1 18141.0
20387 13713.3 11876.1 18141.0
20388 13713.3 11876.1 18141.0
20389 13713.3 11876.1 18141.0
20390 13713.3 11876.1 18141.0
20391 14570.4 13360.6 19768.7
20392 14570.4 13360.6 19768.7
20393 14570.4 13360.6 19768.7
20394 14570.4 13360.6 19768.7
20395 14570.4 13360.6 19768.7
20396 14570.4 13360.6 19768.7
20397 14570.4 13360.6 19768.7
20398 13713.3 14845.1 20209.7
20399 13713.3 14845.1 20209.7
20400 13713.3 14845.1 20209.7
20401 13713.3 14845.1 20209.7
20402 13713.3 14845.1 20209.7
20403 13713.3 14845.1 20209.7
20404 13713.3 14845.1 20209.7
20405 14570.4 16329.6 21885.0
20406 14570.4 16329.6 21885.0
20407 14570.4 16329.6 21885.0
20408 14570.4 16329.6 21885.0
20409 14570.4 16329.6 21885.0
20410 14570.4 16329.6 21885.0
20411 14570.4 16329.6 21885.0
20426 13713.3 20783.1 24899.7
20427 13713.3 20783.1 24899.7
20428 13713.3 20783.1 24899.7
20429 13713.3 20783.1 24899.7
20430 13713.3 20783.1 24899.7
20431 13713.3 20783.1 24899.7
20432 13713.3 20783.1 24899.7
20440 13713.3 23752.1 27426.6
20441 13713.3 23752.1 27426.6
20442 13713.3 23752.1 27426.6
20443 13713.3 23752.1 27426.6
20444 13713.3 23752.1 27426.6
20445 13713.3 23752.1 27426.6
20446 13713.3 23752.1 27426.6
20447 14570.4 25236.6 29140.8
20448 14570.4 25236.6 29140.8
20449 14570.4 25236.6 29140.8
20450 14570.4 25236.6 29140.8
20451 14570.4 25236.6 29140.8
20452 14570.4 25236.6 29140.8
20453 14570.4 25236.6 29140.8
20468 13713.3 29690.2 32704.1
20469 13713.3 29690.2 32704.1
20470 13713.3 29690.2 32704.1
20471 13713.3 29690.2 32704.1
20472 13713.3 29690.2 32704.1
20473 13713.3 29690.2 32704.1
20474 13713.3 29690.2 32704.1
20475 14570.4 31174.7 34411.6
20476 14570.4 31174.7 34411.6
20477 14570.4 31174.7 34411.6
20478 14570.4 31174.7 34411.6
20479 14570.4 31174.7 34411.6
20480 14570.4 31174.7 34411.6
20481 14570.4 31174.7 34411.6
20496 13713.3 35628.2 38176.2
20497 13713.3 35628.2 38176.2
20498 13713.3 35628.2 38176.2
20499 13713.3 35628.2 38176.2
20500 13713.3 35628.2 38176.2
20501 13713.3 35628.2 38176.2
20502 13713.3 35628.2 38176.2
20503 14570.4 37112.7 39870.4
20504 14570.4 37112.7 39870.4
20505 14570.4 37112.7 39870.4
20506 14570.4 37112.7 39870.4
20507 14570.4 37112.7 39870.4
20508 14570.4 37112.7 39870.4
20509 14570.4 37112.7 39870.4
20510 13713.3 38597.2 40961.0
20511 13713.3 38597.2 40961.0
20512 13713.3 38597.2 40961.0
20513 13713.3 38597.2 40961.0
20514 13713.3 38597.2 40961.0
20515 13713.3 38597.2 40961.0
20516 13713.3 38597.2 40961.0
20517 14570.4 40081.7 42647.9
20518 14570.4 40081.7 42647.9
20519 14570.4 40081.7 42647.9
20520 14570.4 40081.7 42647.9
20521 14570.4 40081.7 42647.9
20522 14570.4 40081.7 42647.9
20523 14570.4 40081.7 42647.9
20559 14570.4 48988.8 51109.7
20560 14570.4 48988.8 51109.7
20561 14570.4 48988.8 51109.7
20562 14570.4 48988.8 51109.7
20563 14570.4 48988.8 51109.7
20564 14570.4 48988.8 51109.7
20565 14570.4 48988.8 51109.7
20573 14570.4 51957.8 53962.1
20574 14570.4 51957.8 53962.1
20575 14570.4 51957.8 53962.1
20576 14570.4 51957.8 53962.1
20577 14570.4 51957.8 53962.1
20578 14570.4 51957.8 53962.1
20579 14570.4 51957.8 53962.1
20580 13713.3 53442.3 55173.7
20581 13713.3 53442.3 55173.7
20582 13713.3 53442.3 55173.7
20583 13713.3 53442.3 55173.7
20584 13713.3 53442.3 55173.7
20585 13713.3 53442.3 55173.7
20586 13713.3 53442.3 55173.7
20587 14570.4 54926.8 56826.5
20588 14570.4 54926.8 56826.5
20589 14570.4 54926.8 56826.5
20590 14570.4 54926.8 56826.5
20591 14570.4 54926.8 56826.5
20592 14570.4 54926.8 56826.5
20593 14570.4 54926.8 56826.5
20594 13713.3 56411.3 58054.2
20595 13713.3 56411.3 58054.2
20596 13713.3 56411.3 58054.2
20597 13713.3 56411.3 58054.2
20598 13713.3 56411.3 58054.2
20599 13713.3 56411.3 58054.2
20600 13713.3 56411.3 58054.2
20601 14570.4 57895.8 59701.1
20602 14570.4 57895.8 59701.1
20603 14570.4 57895.8 59701.1
20604 14570.4 57895.8 59701.1
20605 14570.4 57895.8 59701.1
20606 14570.4 57895.8 59701.1
20607 14570.4 57895.8 59701.1
20643 15427.5 -50473.3 52778.4
20644 15427.5 -50473.3 52778.4
20645 15427.5 -50473.3 52778.4
20646 15427.5 -50473.3 52778.4
20647 15427.5 -50473.3 52778.4
20648 15427.5 -50473.3 52778.4
20649 15427.5 -50473.3 52778.4
20657 15427.5 -47504.3 49946.6
20658 15427.5 -47504.3 49946.6
20659 15427.5 -47504.3 49946.6
20660 15427.5 -47504.3 49946.6
20661 15427.5 -47504.3 49946.6
20662 15427.5 -47504.3 49946.6
20663 15427.5 -47504.3 49946.6
20664 16284.5 -46019.8 48816.0
20665 16284.5 -46019.8 48816.0
20666 16284.5 -46019.8 48816.0
20667 16284.5 -46019.8 48816.0
20668 16284.5 -46019.8 48816.0
20669 16284.5 -46019.8 48816.0
20670 16284.5 -46019.8 48816.0
20671 15427.5 -44535.3 47131.7
20672 15427.5 -44535.3 47131.7
20673 15427.5 -44535.3 47131.7
20674 15427.5 -44535.3 47131.7
20675 15427.5 -44535.3 47131.7
20676 15427.5 -44535.3 47131.7
20677 15427.5 -44535.3 47131.7
20678 16284.5 -43050.8 46027.8
20679 16284.5 -43050.8 46027.8
20680 16284.5 -43050.8 46027.8
20681 16284.5 -43050.8 46027.8
20682 16284.5 -43050.8 46027.8
20683 16284.5 -43050.8 46027.8
20684 16284.5 -43050.8 46027.8
20685 15427.5 -41566.2 44336.9
20686 15427.5 -41566.2 44336.9
20687 15427.5 -41566.2 44336.9
20688 15427.5 -41566.2 44336.9
20689 15427.5 -41566.2 44336.9
20690 15427.5 -41566.2 44336.9
20691 15427.5 -41566.2 44336.9
20720 16284.5 -34143.7 37828.3
20721 16284.5 -34143.7 37828.3
20722 16284.5 -34143.7 37828.3
20723 16284.5 -34143.7 37828.3
20724 16284.5 -34143.7 37828.3
20725 16284.5 -34143.7 37828.3
20726 16284.5 -34143.7 37828.3
20727 15427.5 -32659.2 36119.7
20728 15427.5 -32659.2 36119.7
20729 15427.5 -32659.2 36119.7
20730 15427.5 -32659.2 36119.7
20731 15427.5 -32659.2 36119.7
20732 15427.5 -32659.2 36119.7
20733 15427.5 -32659.2 36119.7
20748 16284.5 -28205.7 32569.1
20749 16284.5 -28205.7 32569.1
20750 16284.5 -28205.7 32569.1
20751 16284.5 -28205.7 32569.1
20752 16284.5 -28205.7 32569.1
20753 16284.5 -28205.7 32569.1
20754 16284.5 -28205.7 32569.1
20755 15427.5 -26721.2 30854.9
20756 15427.5 -26721.2 30854.9
20757 15427.5 -26721.2 30854.9
20758 15427.5 -26721.2 30854.9
20759 15427.5 -26721.2 30854.9
20760 15427.5 -26721.2 30854.9
20761 15427.5 -26721.2 30854.9
20776 16284.5 -22267.6 27586.8
20777 16284.5 -22267.6 27586.8
20778 16284.5 -22267.6 27586.8
20779 16284.5 -22267.6 27586.8
20780 16284.5 -22267.6 27586.8
20781 16284.5 -22267.6 27586.8
20782 16284.5 -22267.6 27586.8
20790 16284.5 -19298.6 25251.2
20791 16284.5 -19298.6 25251.2
20792 16284.5 -19298.6 25251.2
20793 16284.5 -19298.6 25251.2
20794 16284.5 -19298.6 25251.2
20795 16284.5 -19298.6 25251.2
20796 16284.5 -19298.6 25251.2
20797 15427.5 -17814.1 23565.8
20798 15427.5 -17814.1 23565.8
20799 15427.5 -17814.1 23565.8
20800 15427.5 -17814.1 23565.8
20801 15427.5 -17814.1 23565.8
20802 15427.5 -17814.1 23565.8
20803 15427.5 -17814.1 23565.8
20832 16284.5 -10391.6 19317.6
20833 16284.5 -10391.6 19317.6
20834 16284.5 -10391.6 19317.6
20835 16284.5 -10391.6 19317.6
20836 16284.5 -10391.6 19317.6
20837 16284.5 -10391.6 19317.6
20838 16284.5 -10391.6 19317.6
20846 16284.5 -7422.5 17896.4
20847 16284.5 -7422.5 17896.4
20848 16284.5 -7422.5 17896.4
20849 16284.5 -7422.5 17896.4
20850 16284.5 -7422.5 17896.4
20851 16284.5 -7422.5 17896.4
20852 16284.5 -7422.5 17896.4
20860 16284.5 -4453.5 16882.5
20861 16284.5 -4453.5 16882.5
20862 16284.5 -4453.5 16882.5
20863 16284.5 -4453.5 16882.5
20864 16284.5 -4453.5 16882.5
20865 16284.5 -4453.5 16882.5
20866 16284.5 -4453.5 16882.5
20867 15427.5 -2969.0 15710.6
20868 15427.5 -2969.0 15710.6
20869 15427.5 -2969.0 15710.6
20870 15427.5 -2969.0 15710.6
20871 15427.5 -2969.0 15710.6
20872 15427.5 -2969.0 15710.6
20873 15427.5 -2969.0 15710.6
20874 16284.5 -1484.5 16352.1
20875 16284.5 -1484.5 16352.1
20876 16284.5 -1484.5 16352.1
20877 16284.5 -1484.5 16352.1
20878 16284.5 -1484.5 16352.1
20879 16284.5 -1484.5 16352.1
20880 16284.5 -1484.5 16352.1
20881 15427.5 0.0 15427.5
20882 15427.5 0.0 15427.5
20883 15427.5 0.0 15427.5
20884 15427.5 0.0 15427.5
20885 15427.5 0.0 15427.5
20886 15427.5 0.0 15427.5
20887 15427.5 0.0 15427.5
20888 16284.5 1484.5 16352.1
20889 16284.5 1484.5 16352.1
20890 16284.5 1484.5 16352.1
20891 16284.5 1484.5 16352.1
20892 16284.5 1484.5 16352.1
20893 16284.5 1484.5 16352.1
20894 16284.5 1484.5 16352.1
20895 15427.5 2969.0 15710.6
20896 15427.5 2969.0 15710.6
20897 15427.5 2969.0 15710.6
20898 15427.5 2969.0 15710.6
20899 15427.5 2969.0 15710.6
20900 15427.5 2969.0 15710.6
20901 15427.5 2969.0 15710.6
20902 16284.5 4453.5 16882.5
20903 16284.5 4453.5 16882.5
20904 16284.5 4453.5 16882.5
20905 16284.5 4453.5 16882.5
20906 16284.5 4453.5 16882.5
20907 16284.5 4453.5 16882.5
20908 16284.5 4453.5 16882.5
20916 16284.5 7422.5 17896.4
20917 16284.5 7422.5 17896.4
20918 16284.5 7422.5 17896.4
20919 16284.5 7422.5 17896.4
20920 16284.5 7422.5 17896.4
20921 16284.5 7422.5 17896.4
20922 16284.5 7422.5 17896.4
20930 16284.5 10391.6 19317.6
20931 16284.5 10391.6 19317.6
20932 16284.5 10391.6 19317.6
20933 16284.5 10391.6 19317.6
20934 16284.5 10391.6 19317.6
20935 16284.5 10391.6 19317.6
20936 16284.5 10391.6 19317.6
20965 15427.5 17814.1 23565.8
20966 15427.5 17814.1 23565.8
20967 15427.5 17814.1 23565.8
20968 15427.5 17814.1 23565.8
20969 15427.5 17814.1 23565.8
20970 15427.5 17814.1 23565.8
20971 15427.5 17814.1 23565.8
20972 16284.5 19298.6 25251.2
20973 16284.5 19298.6 25251.2
20974 16284.5 19298.6 25251.2
20975 16284.5 19298.6 25251.2
20976 16284.5 19298.6 25251.2
20977 16284.5 19298.6 25251.2
20978 16284.5 19298.6 25251.2
20986 16284.5 22267.6 27586.8
20987 16284.5 22267.6 27586.8
20988 16284.5 22267.6 27586.8
20989 16284.5 22267.6 27586.8
20990 16284.5 22267.6 27586.8
20991 16284.5 22267.6 27586.8
20992 16284.5 22267.6 27586.8
21007 15427.5 26721.2 30854.9
21008 15427.5 26721.2 30854.9
21009 15427.5 26721.2 30854.9
21010 15427.5 26721.2 30854.9
21011 15427.5 26721.2 30854.9
21012 15427.5 26721.2 30854.9
21013 15427.5 26721.2 30854.9
21014 16284.5 28205.7 32569.1
21015 16284.5 28205.7 32569.1
21016 16284.5 28205.7 32569.1
21017 16284.5 28205.7 32569.1
21018 16284.5 28205.7 32569.1
21019 16284.5 28205.7 32569.1
21020 16284.5 28205.7 32569.1
21035 15427.5 32659.2 36119.7
21036 15427.5 32659.2 36119.7
21037 15427.5 32659.2 36119.7
21038 15427.5 32659.2 36119.7
21039 15427.5 32659.2 36119.7
21040 15427.5 32659.2 36119.7
21041 15427.5 32659.2 36119.7
21042 16284.5 34143.7 37828.3
21043 16284.5 34143.7 37828.3
21044 16284.5 34143.7 37828.3
21045 16284.5 34143.7 37828.3
21046 16284.5 34143.7 37828.3
21047 16284.5 34143.7 37828.3
21048 16284.5 34143.7 37828.3
21077 15427.5 41566.2 44336.9
21078 15427.5 41566.2 44336.9
21079 15427.5 41566.2 44336.9
21080 15427.5 41566.2 44336.9
21081 15427.5 41566.2 44336.9
21082 15427.5 41566.2 44336.9
21083 15427.5 41566.2 44336.9
21084 16284.5 43050.8 46027.8
21085 16284.5 43050.8 46027.8
21086 16284.5 43050.8 46027.8
21087 16284.5 43050.8 46027.8
21088 16284.5 43050.8 46027.8
21089 16284.5 43050.8 46027.8
21090 16284.5 43050.8 46027.8
21091 15427.5 44535.3 47131.7
21092 15427.5 44535.3 47131.7
21093 15427.5 44535.3 47131.7
21094 15427.5 44535.3 47131.7
21095 15427.5 44535.3 47131.7
21096 15427.5 44535.3 47131.7
21097 15427.5 44535.3 47131.7
21098 16284.5 46019.8 48816.0
21099 16284.5 46019.8 48816.0
21100 16284.5 46019.8 48816.0
21101 16284.5 46019.8 48816.0
21102 16284.5 46019.8 48816.0
21103 16284.5 46019.8 48816.0
21104 16284.5 46019.8 48816.0
21105 15427.5 47504.3 49946.6
21106 15427.5 47504.3 49946.6
21107 15427.5 47504.3 49946.6
21108 15427.5 47504.3 49946.6
21109 15427.5 47504.3 49946.6
21110 15427.5 47504.3 49946.6
21111 15427.5 47504.3 49946.6
21119 15427.5 50473.3 52778.4
21120 15427.5 50473.3 52778.4
21121 15427.5 50473.3 52778.4
21122 15427.5 50473.3 52778.4
21123 15427.5 50473.3 52778.4
21124 15427.5 50473.3 52778.4
21125 15427.5 50473.3 52778.4
21161 17141.6 -56411.3 58958.2
21162 17141.6 -56411.3 58958.2
21163 17141.6 -56411.3 58958.2
21164 17141.6 -56411.3 58958.2
21165 17141.6 -56411.3 58958.2
21166 17141.6 -56411.3 58958.2
21167 17141.6 -56411.3 58958.2
21168 17998.7 -54926.8 57800.6
21169 17998.7 -54926.8 57800.6
21170 17998.7 -54926.8 57800.6
21171 17998.7 -54926.8 57800.6
21172 17998.7 -54926.8 57800.6
21173 17998.7 -54926.8 57800.6
21174 17998.7 -54926.8 57800.6
21175 17141.6 -53442.3 56124.1
21176 17141.6 -53442.3 56124.1
21177 17141.6 -53442.3 56124.1
21178 17141.6 -53442.3 56124.1
21179 17141.6 -53442.3 56124.1
21180 17141.6 -53442.3 56124.1
21181 17141.6 -53442.3 56124.1
21182 17998.7 -51957.8 54987.0
21183 17998.7 -51957.8 54987.0
21184 17998.7 -51957.8 54987.0
21185 17998.7 -51957.8 54987.0
21186 17998.7 -51957.8 54987.0
21187 17998.7 -51957.8 54987.0
21188 17998.7 -51957.8 54987.0
21196 17998.7 -48988.8 52190.6
21197 17998.7 -48988.8 52190.6
21198 17998.7 -48988.8 52190.6
21199 17998.7 -48988.8 52190.6
21200 17998.7 -48988.8 52190.6
21201 17998.7 -48988.8 52190.6
21202 17998.7 -48988.8 52190.6
21238 17998.7 -40081.7 43937.4
21239 17998.7 -40081.7 43937.4
21240 17998.7 -40081.7 43937.4
21241 17998.7 -40081.7 43937.4
21242 17998.7 -40081.7 43937.4
21243 17998.7 -40081.7 43937.4
21244 17998.7 -40081.7 43937.4
21245 17141.6 -38597.2 42232.5
21246 17141.6 -38597.2 42232.5
21247 17141.6 -38597.2 42232.5
21248 17141.6 -38597.2 42232.5
21249 17141.6 -38597.2 42232.5
21250 17141.6 -38597.2 42232.5
21251 17141.6 -38597.2 42232.5
21252 17998.7 -37112.7 41246.9
21253 17998.7 -37112.7 41246.9
21254 17998.7 -37112.7 41246.9
21255 17998.7 -37112.7 41246.9
21256 17998.7 -37112.7 41246.9
21257 17998.7 -37112.7 41246.9
21258 17998.7 -37112.7 41246.9
21259 17141.6 -35628.2 39537.4
21260 17141.6 -35628.2 39537.4
21261 17141.6 -35628.2 39537.4
21262 17141.6 -35628.2 39537.4
21263 17141.6 -35628.2 39537.4
21264 17141.6 -35628.2 39537.4
21265 17141.6 -35628.2 39537.4
21280 17998.7 -31174.7 35997.4
21281 17998.7 -31174.7 35997.4
21282 17998.7 -31174.7 35997.4
21283 17998.7 -31174.7 35997.4
21284 17998.7 -31174.7 35997.4
21285 17998.7 -31174.7 35997.4
21286 17998.7 -31174.7 35997.4
21287 17141.6 -29690.2 34283.3
21288 17141.6 -29690.2 34283.3
21289 17141.6 -29690.2 34283.3
21290 17141.6 -29690.2 34283.3
21291 17141.6 -29690.2 34283.3
21292 17141.6 -29690.2 34283.3
21293 17141.6 -29690.2 34283.3
21308 17998.7 -25236.6 30997.5
21309 17998.7 -25236.6 30997.5
21310 17998.7 -25236.6 30997.5
21311 17998.7 -25236.6 30997.5
21312 17998.7 -25236.6 30997.5
21313 17998.7 -25236.6 30997.5
21314 17998.7 -25236.6 30997.5
21315 17141.6 -23752.1 29291.6
21316 17141.6 -23752.1 29291.6
21317 17141.6 -23752.1 29291.6
21318 17141.6 -23752.1 29291.6
21319 17141.6 -23752.1 29291.6
21320 17141.6 -23752.1 29291.6
21321 17141.6 -23752.1 29291.6
21329 17141.6 -20783.1 26940.2
21330 17141.6 -20783.1 26940.2
21331 17141.6 -20783.1 26940.2
21332 17141.6 -20783.1 26940.2
21333 17141.6 -20783.1 26940.2
21334 17141.6 -20783.1 26940.2
21335 17141.6 -20783.1 26940.2
21350 17998.7 -16329.6 24302.5
21351 17998.7 -16329.6 24302.5
21352 17998.7 -16329.6 24302.5
21353 17998.7 -16329.6 24302.5
21354 17998.7 -16329.6 24302.5
21355 17998.7 -16329.6 24302.5
21356 17998.7 -16329.6 24302.5
21357 17141.6 -14845.1 22676.2
21358 17141.6 -14845.1 22676.2
21359 17141.6 -14845.1 22676.2
21360 17141.6 -14845.1 22676.2
21361 17141.6 -14845.1 22676.2
21362 17141.6 -14845.1 22676.2
21363 17141.6 -14845.1 22676.2
21364 17998.7 -13360.6 22415.6
21365 17998.7 -13360.6 22415.6
21366 17998.7 -13360.6 22415.6
21367 17998.7 -13360.6 22415.6
21368 17998.7 -13360.6 22415.6
21369 17998.7 -13360.6 22415.6
21370 17998.7 -13360.6 22415.6
21371 17141.6 -11876.1 20853.7
21372 17141.6 -11876.1 20853.7
21373 17141.6 -11876.1 20853.7
21374 17141.6 -11876.1 20853.7
21375 17141.6 -11876.1 20853.7
21376 17141.6 -11876.1 20853.7
21377 17141.6 -11876.1 20853.7
21385 17141.6 -8907.1 19317.6
21386 17141.6 -8907.1 19317.6
21387 17141.6 -8907.1 19317.6
21388 17141.6 -8907.1 19317.6
21389 17141.6 -8907.1 19317.6
21390 17141.6 -8907.1 19317.6
21391 17141.6 -8907.1 19317.6
21399 17141.6 -5938.0 18141.0
21400 17141.6 -5938.0 18141.0
21401 17141.6 -5938.0 18141.0
21402 17141.6 -5938.0 18141.0
21403 17141.6 -5938.0 18141.0
21404 17141.6 -5938.0 18141.0
21405 17141.6 -5938.0 18141.0
21455 17141.6 5938.0 18141.0
21456 17141.6 5938.0 18141.0
21457 17141.6 5938.0 18141.0
21458 17141.6 5938.0 18141.0
21459 17141.6 5938.0 18141.0
21460 17141.6 5938.0 18141.0
21461 17141.6 5938.0 18141.0
21469 17141.6 8907.1 19317.6
21470 17141.6 8907.1 19317.6
21471 17141.6 8907.1 19317.6
21472 17141.6 8907.1 19317.6
21473 17141.6 8907.1 19317.6
21474 17141.6 8907.1 19317.6
21475 17141.6 8907.1 19317.6
21483 17141.6 11876.1 20853.7
21484 17141.6 11876.1 20853.7
21485 17141.6 11876.1 20853.7
21486 17141.6 11876.1 20853.7
21487 17141.6 11876.1 20853.7
21488 17141.6 11876.1 20853.7
21489 17141.6 11876.1 20853.7
21490 17998.7 13360.6 22415.6
21491 17998.7 13360.6 22415.6
21492 17998.7 13360.6 22415.6
21493 17998.7 13360.6 22415.6
21494 17998.7 13360.6 22415.6
21495 17998.7 13360.6 22415.6
21496 17998.7 13360.6 22415.6
21497 17141.6 14845.1 22676.2
21498 17141.6 14845.1 22676.2
21499 17141.6 14845.1 22676.2
21500 17141.6 14845.1 22676.2
21501 17141.6 14845.1 22676.2
21502 17141.6 14845.1 22676.2
21503 17141.6 14845.1 22676.2
21504 17998.7 16329.6 24302.5
21505 17998.7 16329.6 24302.5
21506 17998.7 16329.6 24302.5
21507 17998.7 16329.6 24302.5
21508 17998.7 16329.6 24302.5
21509 17998.7 16329.6 24302.5
21510 17998.7 16329.6 24302.5
21525 17141.6 20783.1 26940.2
21526 17141.6 20783.1 26940.2
21527 17141.6 20783.1 26940.2
21528 17141.6 20783.1 26940.2
21529 17141.6 20783.1 26940.2
21530 17141.6 20783.1 26940.2
21531 17141.6 20783.1 26940.2
21539 17141.6 23752.1 29291.6
21540 17141.6 23752.1 29291.6
21541 17141.6 23752.1 29291.6
21542 17141.6 23752.1 29291.6
21543 17141.6 23752.1 29291.6
21544 17141.6 23752.1 29291.6
21545 17141.6 23752.1 29291.6
21546 17998.7 25236.6 30997.5
21547 17998.7 25236.6 30997.5
21548 17998.7 25236.6 30997.5
21549 17998.7 25236.6 30997.5
21550 17998.7 25236.6 30997.5
21551 17998.7 25236.6 30997.5
21552 17998.7 25236.6 30997.5
21567 17141.6 29690.2 34283.3
21568 17141.6 29690.2 34283.3
21569 17141.6 29690.2 34283.3
21570 17141.6 29690.2 34283.3
21571 17141.6 29690.2 34283.3
21572 17141.6 29690.2 34283.3
21573 17141.6 29690.2 34283.3
21574 17998.7 31174.7 35997.4
21575 17998.7 31174.7 35997.4
21576 17998.7 31174.7 35997.4
21577 17998.7 31174.7 35997.4
21578 17998.7 31174.7 35997.4
21579 17998.7 31174.7 35997.4
21580 17998.7 31174.7 35997.4
21595 17141.6 35628.2 39537.4
21596 17141.6 35628.2 39537.4
21597 17141.6 35628.2 39537.4
21598 17141.6 35628.2 39537.4
21599 17141.6 35628.2 39537.4
21600 17141.6 35628.2 39537.4
21601 17141.6 35628.2 39537.4
21602 17998.7 37112.7 41246.9
21603 17998.7 37112.7 41246.9
21604 17998.7 37112.7 41246.9
21605 17998.7 37112.7 41246.9
21606 17998.7 37112.7 41246.9
21607 17998.7 37112.7 41246.9
21608 17998.7 37112.7 41246.9
21609 17141.6 38597.2 42232.5
21610 17141.6 38597.2 42232.5
21611 17141.6 38597.2 42232.5
21612 17141.6 38597.2 42232.5
21613 17141.6 38597.2 42232.5
21614 17141.6 38597.2 42232.5
21615 17141.6 38597.2 42232.5
21616 17998.7 40081.7 43937.4
21617 17998.7 40081.7 43937.4
21618 17998.7 40081.7 43937.4
21619 17998.7 40081.7 43937.4
21620 17998.7 40081.7 43937.4
21621 17998.7 40081.7 43937.4
21622 17998.7 40081.7 43937.4
21658 17998.7 48988.8 52190.6
21659 17998.7 48988.8 52190.6
21660 17998.7 48988.8 52190.6
21661 17998.7 48988.8 52190.6
21662 17998.7 48988.8 52190.6
21663 17998.7 48988.8 52190.6
21664 17998.7 48988.8 52190.6
21672 17998.7 51957.8 54987.0
21673 17998.7 51957.8 54987.0
21674 17998.7 51957.8 54987.0
21675 17998.7 51957.8 54987.0
21676 17998.7 51957.8 54987.0
21677 17998.7 51957.8 54987.0
21678 17998.7 51957.8 54987.0
21679 17141.6 53442.3 56124.1
21680 17141.6 53442.3 56124.1
21681 17141.6 53442.3 56124.1
21682 17141.6 53442.3 56124.1
21683 17141.6 53442.3 56124.1
21684 17141.6 53442.3 56124.1
21685 17141.6 53442.3 56124.1
21686 17998.7 54926.8 57800.6
21687 17998.7 54926.8 57800.6
21688 17998.7 54926.8 57800.6
21689 17998.7 54926.8 57800.6
21690 17998.7 54926.8 57800.6
21691 17998.7 54926.8 57800.6
21692 17998.7 54926.8 57800.6
21693 17141.6 56411.3 58958.2
21694 17141.6 56411.3 58958.2
21695 17141.6 56411.3 58958.2
21696 17141.6 56411.3 58958.2
21697 17141.6 56411.3 58958.2
21698 17141.6 56411.3 58958.2
21699 17141.6 56411.3 58958.2
21728 18855.8 -50473.3 53880.4
21729 18855.8 -50473.3 53880.4
21730 18855.8 -50473.3 53880.4
21731 18855.8 -50473.3 53880.4
21732 18855.8 -50473.3 53880.4
21733 18855.8 -50473.3 53880.4
21734 18855.8 -50473.3 53880.4
21742 18855.8 -47504.3 51109.7
21743 18855.8 -47504.3 51109.7
21744 18855.8 -47504.3 51109.7
21745 18855.8 -47504.3 51109.7
21746 18855.8 -47504.3 51109.7
21747 18855.8 -47504.3 51109.7
21748 18855.8 -47504.3 51109.7
21749 19712.9 -46019.8 50064.1
21750 19712.9 -46019.8 50064.1
21751 19712.9 -46019.8 50064.1
21752 19712.9 -46019.8 50064.1
21753 19712.9 -46019.8 50064.1
21754 19712.9 -46019.8 50064.1
21755 19712.9 -46019.8 50064.1
21756 18855.8 -44535.3 48362.5
21757 18855.8 -44535.3 48362.5
21758 18855.8 -44535.3 48362.5
21759 18855.8 -44535.3 48362.5
21760 18855.8 -44535.3 48362.5
21761 18855.8 -44535.3 48362.5
21762 18855.8 -44535.3 48362.5
21763 19712.9 -43050.8 47349.4
21764 19712.9 -43050.8 47349.4
21765 19712.9 -43050.8 47349.4
21766 19712.9 -43050.8 47349.4
21767 19712.9 -43050.8 47349.4
21768 19712.9 -43050.8 47349.4
21769 19712.9 -43050.8 47349.4
21770 18855.8 -41566.2 45643.1
21771 18855.8 -41566.2 45643.1
21772 18855.8 -41566.2 45643.1
21773 18855.8 -41566.2 45643.1
21774 18855.8 -41566.2 45643.1
21775 18855.8 -41566.2 45643.1
21776 18855.8 -41566.2 45643.1
21805 19712.9 -34143.7 39425.8
21806 19712.9 -34143.7 39425.8
21807 19712.9 -34143.7 39425.8
21808 19712.9 -34143.7 39425.8
21809 19712.9 -34143.7 39425.8
21810 19712.9 -34143.7 39425.8
21811 19712.9 -34143.7 39425.8
21812 18855.8 -32659.2 37711.6
21813 18855.8 -32659.2 37711.6
21814 18855.8 -32659.2 37711.6
21815 18855.8 -32659.2 37711.6
21816 18855.8 -32659.2 37711.6
21817 18855.8 -32659.2 37711.6
21818 18855.8 -32659.2 37711.6
21833 19712.9 -28205.7 34411.6
21834 19712.9 -28205.7 34411.6
21835 19712.9 -28205.7 34411.6
21836 19712.9 -28205.7 34411.6
21837 19712.9 -28205.7 34411.6
21838 19712.9 -28205.7 34411.6
21839 19712.9 -28205.7 34411.6
21840 18855.8 -26721.2 32704.1
21841 18855.8 -26721.2 32704.1
21842 18855.8 -26721.2 32704.1
21843 18855.8 -26721.2 32704.1
21844 18855.8 -26721.2 32704.1
21845 18855.8 -26721.2 32704.1
21846 18855.8 -26721.2 32704.1
21861 19712.9 -22267.6 29739.6
21862 19712.9 -22267.6 29739.6
21863 19712.9 -22267.6 29739.6
21864 19712.9 -22267.6 29739.6
21865 19712.9 -22267.6 29739.6
21866 19712.9 -22267.6 29739.6
21867 19712.9 -22267.6 29739.6
21875 19712.9 -19298.6 27586.8
21876 19712.9 -19298.6 27586.8
21877 19712.9 -19298.6 27586.8
21878 19712.9 -19298.6 27586.8
21879 19712.9 -19298.6 27586.8
21880 19712.9 -19298.6 27586.8
21881 19712.9 -19298.6 27586.8
21882 18855.8 -17814.1 25940.0
21883 18855.8 -17814.1 25940.0
21884 18855.8 -17814.1 25940.0
21885 18855.8 -17814.1 25940.0
21886 18855.8 -17814.1 25940.0
21887 18855.8 -17814.1 25940.0
21888 18855.8 -17814.1 25940.0
21917 19712.9 -10391.6 22284.1
21918 19712.9 -10391.6 22284.1
21919 19712.9 -10391.6 22284.1
21920 19712.9 -10391.6 22284.1
21921 19712.9 -10391.6 22284.1
21922 19712.9 -10391.6 22284.1
21923 19712.9 -10391.6 22284.1
21931 19712.9 -7422.5 21064.0
21932 19712.9 -7422.5 21064.0
21933 19712.9 -7422.5 21064.0
21934 19712.9 -7422.5 21064.0
21935 19712.9 -7422.5 21064.0
21936 19712.9 -7422.5 21064.0
21937 19712.9 -7422.5 21064.0
21945 19712.9 -4453.5 20209.7
21946 19712.9 -4453.5 20209.7
21947 19712.9 -4453.5 20209.7
21948 19712.9 -4453.5 20209.7
21949 19712.9 -4453.5 20209.7
21950 19712.9 -4453.5 20209.7
21951 19712.9 -4453.5 20209.7
21952 18855.8 -2969.0 19088.1
21953 18855.8 -2969.0 19088.1
21954 18855.8 -2969.0 19088.1
21955 18855.8 -2969.0 19088.1
21956 18855.8 -2969.0 19088.1
21957 18855.8 -2969.0 19088.1
21958 18855.8 -2969.0 19088.1
21959 19712.9 -1484.5 19768.7
21960 19712.9 -1484.5 19768.7
21961 19712.9 -1484.5 19768.7
21962 19712.9 -1484.5 19768.7
21963 19712.9 -1484.5 19768.7
21964 19712.9 -1484.5 19768.7
21965 19712.9 -1484.5 19768.7
21966 18855.8 0.0 18855.8
21967 18855.8 0.0 18855.8
21968 18855.8 0.0 18855.8
21969 18855.8 0.0 18855.8
21970 18855.8 0.0 18855.8
21971 18855.8 0.0 18855.8
21972 18855.8 0.0 18855.8
21973 19712.9 1484.5 19768.7
21974 19712.9 1484.5 19768.7
21975 19712.9 1484.5 19768.7
21976 19712.9 1484.5 19768.7
21977 19712.9 1484.5 19768.7
21978 19712.9 1484.5 19768.7
21979 19712.9 1484.5 19768.7
21980 18855.8 2969.0 19088.1
21981 18855.8 2969.0 19088.1
21982 18855.8 2969.0 19088.1
21983 18855.8 2969.0 19088.1
21984 18855.8 2969.0 19088.1
21985 18855.8 2969.0 19088.1
21986 18855.8 2969.0 19088.1
21987 19712.9 4453.5 20209.7
21988 19712.9 4453.5 20209.7
21989 19712.9 4453.5 20209.7
21990 19712.9 4453.5 20209.7
21991 19712.9 4453.5 20209.7
21992 19712.9 4453.5 20209.7
21993 19712.9 4453.5 20209.7
22001 19712.9 7422.5 21064.0
22002 19712.9 7422.5 21064.0
22003 19712.9 7422.5 21064.0
22004 19712.9 7422.5 21064.0
22005 19712.9 7422.5 21064.0
22006 19712.9 7422.5 21064.0
22007 19712.9 7422.5 21064.0
22015 19712.9 10391.6 22284.1
22016 19712.9 10391.6 22284.1
22017 19712.9 10391.6 22284.1
22018 19712.9 10391.6 22284.1
22019 19712.9 10391.6 22284.1
22020 19712.9 10391.6 22284.1
22021 19712.9 10391.6 22284.1
22050 18855.8 17814.1 25940.0
22051 18855.8 17814.1 25940.0
22052 18855.8 17814.1 25940.0
22053 18855.8 17814.1 25940.0
22054 18855.8 17814.1 25940.0
22055 18855.8 17814.1 25940.0
22056 18855.8 17814.1 25940.0
22057 19712.9 19298.6 27586.8
22058 19712.9 19298.6 27586.8
22059 19712.9 19298.6 27586.8
22060 19712.9 19298.6 27586.8
22061 19712.9 19298.6 27586.8
22062 19712.9 19298.6 27586.8
22063 19712.9 19298.6 27586.8
22071 19712.9 22267.6 29739.6
22072 19712.9 22267.6 29739.6
22073 19712.9 22267.6 29739.6
22074 19712.9 22267.6 29739.6
22075 19712.9 22267.6 29739.6
22076 19712.9 22267.6 29739.6
22077 19712.9 22267.6 29739.6
22092 18855.8 26721.2 32704.1
22093 18855.8 26721.2 32704.1
22094 18855.8 26721.2 32704.1
22095 18855.8 26721.2 32704.1
22096 18855.8 26721.2 32704.1
22097 18855.8 26721.2 32704.1
22098 18855.8 26721.2 32704.1
22099 19712.9 28205.7 34411.6
22100 19712.9 28205.7 34411.6
22101 19712.9 28205.7 34411.6
22102 19712.9 28205.7 34411.6
22103 19712.9 28205.7 34411.6
22104 19712.9 28205.7 34411.6
22105 19712.9 28205.7 34411.6
22120 18855.8 32659.2 37711.6
22121 18855.8 32659.2 37711.6
22122 18855.8 32659.2 37711.6
22123 18855.8 32659.2 37711.6
22124 18855.8 32659.2 37711.6
22125 18855.8 32659.2 37711.6
22126 18855.8 32659.2 37711.6
22127 19712.9 34143.7 39425.8
22128 19712.9 34143.7 39425.8
22129 19712.9 34143.7 39425.8
22130 19712.9 34143.7 39425.8
22131 19712.9 34143.7 39425.8
22132 19712.9 34143.7 39425.8
22133 19712.9 34143.7 39425.8
22162 18855.8 41566.2 45643.1
22163 18855.8 41566.2 45643.1
22164 18855.8 41566.2 45643.1
22165 18855.8 41566.2 45643.1
22166 18855.8 41566.2 45643.1
22167 18855.8 41566.2 45643.1
22168 18855.8 41566.2 45643.1
22169 19712.9 43050.8 47349.4
22170 19712.9 43050.8 47349.4
22171 19712.9 43050.8 47349.4
22172 19712.9 43050.8 47349.4
22173 19712.9 43050.8 47349.4
22174 19712.9 43050.8 47349.4
22175 19712.9 43050.8 47349.4
22176 18855.8 44535.3 48362.5
22177 18855.8 44535.3 48362.5
22178 18855.8 44535.3 48362.5
22179 18855.8 44535.3 48362.5
22180 18855.8 44535.3 48362.5
22181 18855.8 44535.3 48362.5
22182 18855.8 44535.3 48362.5
22183 19712.9 46019.8 50064.1
22184 19712.9 46019.8 50064.1
22185 19712.9 46019.8 50064.1
22186 19712.9 46019.8 50064.1
22187 19712.9 46019.8 50064.1
22188 19712.9 46019.8 50064.1
22189 19712.9 46019.8 50064.1
22190 18855.8 47504.3 51109.7
22191 18855.8 47504.3 51109.7
22192 18855.8 47504.3 51109.7
22193 18855.8 47504.3 51109.7
22194 18855.8 47504.3 51109.7
22195 18855.8 47504.3 51109.7
22196 18855.8 47504.3 51109.7
22204 18855.8 50473.3 53880.4
22205 18855.8 50473.3 53880.4
22206 18855.8 50473.3 53880.4
22207 18855.8 50473.3 53880.4
22208 18855.8 50473.3 53880.4
22209 18855.8 50473.3 53880.4
22210 18855.8 50473.3 53880.4
22239 20570.0 -56411.3 60044.7
22240 20570.0 -56411.3 60044.7
22241 20570.0 -56411.3 60044.7
22242 20570.0 -56411.3 60044.7
22243 20570.0 -56411.3 60044.7
22244 20570.0 -56411.3 60044.7
22245 20570.0 -56411.3 60044.7
22246 21427.0 -54926.8 58958.2
22247 21427.0 -54926.8 58958.2
22248 21427.0 -54926.8 58958.2
22249 21427.0 -54926.8 58958.2
22250 21427.0 -54926.8 58958.2
22251 21427.0 -54926.8 58958.2
22252 21427.0 -54926.8 58958.2
22253 20570.0 -53442.3 57264.3
22254 20570.0 -53442.3 57264.3
22255 20570.0 -53442.3 57264.3
22256 20570.0 -53442.3 57264.3
22257 20570.0 -53442.3 57264.3
22258 20570.0 -53442.3 57264.3
22259 20570.0 -53442.3 57264.3
22260 21427.0 -51957.8 56202.6
22261 21427.0 -51957.8 56202.6
22262 21427.0 -51957.8 56202.6
22263 21427.0 -51957.8 56202.6
22264 21427.0 -51957.8 56202.6
22265 21427.0 -51957.8 56202.6
22266 21427.0 -51957.8 56202.6
22274 21427.0 -48988.8 53469.8
22275 21427.0 -48988.8 53469.8
22276 21427.0 -48988.8 53469.8
22277 21427.0 -48988.8 53469.8
22278 21427.0 -48988.8 53469.8
22279 21427.0 -48988.8 53469.8
22280 21427.0 -48988.8 53469.8
22316 21427.0 -40081.7 45449.6
22317 21427.0 -40081.7 45449.6
22318 21427.0 -40081.7 45449.6
22319 21427.0 -40081.7 45449.6
22320 21427.0 -40081.7 45449.6
22321 21427.0 -40081.7 45449.6
22322 21427.0 -40081.7 45449.6
22323 20570.0 -38597.2 43736.4
22324 20570.0 -38597.2 43736.4
22325 20570.0 -38597.2 43736.4
22326 20570.0 -38597.2 43736.4
22327 20570.0 -38597.2 43736.4
22328 20570.0 -38597.2 43736.4
22329 20570.0 -38597.2 43736.4
22330 21427.0 -37112.7 42854.1
22331 21427.0 -37112.7 42854.1
22332 21427.0 -37112.7 42854.1
22333 21427.0 -37112.7 42854.1
22334 21427.0 -37112.7 42854.1
22335 21427.0 -37112.7 42854.1
22336 21427.0 -37112.7 42854.1
22337 20570.0 -35628.2 41139.9
22338 20570.0 -35628.2 41139.9
22339 20570.0 -35628.2 41139.9
22340 20570.0 -35628.2 41139.9
22341 20570.0 -35628.2 41139.9
22342 20570.0 -35628.2 41139.9
22343 20570.0 -35628.2 41139.9
22358 21427.0 -31174.7 37828.3
22359 21427.0 -31174.7 37828.3
22360 21427.0 -31174.7 37828.3
22361 21427.0 -31174.7 37828.3
22362 21427.0 -31174.7 37828.3
22363 21427.0 -31174.7 37828.3
22364 21427.0 -31174.7 37828.3
22365 20570.0 -29690.2 36119.7
22366 20570.0 -29690.2 36119.7
22367 20570.0 -29690.2 36119.7
22368 20570.0 -29690.2 36119.7
22369 20570.0 -29690.2 36119.7
22370 20570.0 -29690.2 36119.7
22371 20570.0 -29690.2 36119.7
22386 21427.0 -25236.6 33106.0
22387 21427.0 -25236.6 33106.0
22388 21427.0 -25236.6 33106.0
22389 21427.0 -25236.6 33106.0
22390 21427.0 -25236.6 33106.0
22391 21427.0 -25236.6 33106.0
22392 21427.0 -25236.6 33106.0
22393 20570.0 -23752.1 31421.1
22394 20570.0 -23752.1 31421.1
22395 20570.0 -23752.1 31421.1
22396 20570.0 -23752.1 31421.1
22397 20570.0 -23752.1 31421.1
22398 20570.0 -23752.1 31421.1
22399 20570.0 -23752.1 31421.1
22407 20570.0 -20783.1 29241.4
22408 20570.0 -20783.1 29241.4
22409 20570.0 -20783.1 29241.4
22410 20570.0 -20783.1 29241.4
22411 20570.0 -20783.1 29241.4
22412 20570.0 -20783.1 29241.4
22413 20570.0 -20783.1 29241.4
22428 21427.0 -16329.6 26940.2
22429 21427.0 -16329.6 26940.2
22430 21427.0 -16329.6 26940.2
22431 21427.0 -16329.6 26940.2
22432 21427.0 -16329.6 26940.2
22433 21427.0 -16329.6 26940.2
22434 21427.0 -16329.6 26940.2
22435 20570.0 -14845.1 25367.3
22436 20570.0 -14845.1 25367.3
22437 20570.0 -14845.1 25367.3
22438 20570.0 -14845.1 25367.3
22439 20570.0 -14845.1 25367.3
22440 20570.0 -14845.1 25367.3
22441 20570.0 -14845.1 25367.3
22442 21427.0 -13360.6 25251.2
22443 21427.0 -13360.6 25251.2
22444 21427.0 -13360.6 25251.2
22445 21427.0 -13360.6 25251.2
22446 21427.0 -13360.6 25251.2
22447 21427.0 -13360.6 25251.2
22448 21427.0 -13360.6 25251.2
22449 20570.0 -11876.1 23752.1
22450 20570.0 -11876.1 23752.1
22451 20570.0 -11876.1 23752.1
22452 20570.0 -11876.1 23752.1
22453 20570.0 -11876.1 23752.1
22454 20570.0 -11876.1 23752.1
22455 20570.0 -11876.1 23752.1
22463 20570.0 -8907.1 22415.6
22464 20570.0 -8907.1 22415.6
22465 20570.0 -8907.1 22415.6
22466 20570.0 -8907.1 22415.6
22467 20570.0 -8907.1 22415.6
22468 20570.0 -8907.1 22415.6
22469 20570.0 -8907.1 22415.6
22477 20570.0 -5938.0 21409.9
22478 20570.0 -5938.0 21409.9
22479 20570.0 -5938.0 21409.9
22480 20570.0 -5938.0 21409.9
22481 20570.0 -5938.0 21409.9
22482 20570.0 -5938.0 21409.9
22483 20570.0 -5938.0 21409.9
22533 20570.0 5938.0 21409.9
22534 20570.0 5938.0 21409.9
22535 20570.0 5938.0 21409.9
22536 20570.0 5938.0 21409.9
22537 20570.0 5938.0 21409.9
22538 20570.0 5938.0 21409.9
22539 20570.0 5938.0 21409.9
22547 20570.0 8907.1 22415.6
22548 20570.0 8907.1 22415.6
22549 20570.0 8907.1 22415.6
22550 20570.0 8907.1 22415.6
22551 20570.0 8907.1 22415.6
22552 20570.0 8907.1 22415.6
22553 20570.0 8907.1 22415.6
22561 20570.0 11876.1 23752.1
22562 20570.0 11876.1 23752.1
22563 20570.0 11876.1 23752.1
22564 20570.0 11876.1 23752.1
22565 20570.0 11876.1 23752.1
22566 20570.0 11876.1 23752.1
22567 20570.0 11876.1 23752.1
22568 21427.0 13360.6 25251.2
22569 21427.0 13360.6 25251.2
22570 21427.0 13360.6 25251.2
22571 21427.0 13360.6 25251.2
22572 21427.0 13360.6 25251.2
22573 21427.0 13360.6 25251.2
22574 21427.0 13360.6 25251.2
22575 20570.0 14845.1 25367.3
22576 20570.0 14845.1 25367.3
22577 20570.0 14845.1 25367.3
22578 20570.0 14845.1 25367.3
22579 20570.0 14845.1 25367.3
22580 20570.0 14845.1 25367.3
22581 20570.0 14845.1 25367.3
22582 21427.0 16329.6 26940.2
22583 21427.0 16329.6 26940.2
22584 21427.0 16329.6 26940.2
22585 21427.0 16329.6 26940.2
22586 21427.0 16329.6 26940.2
22587 21427.0 16329.6 26940.2
22588 21427.0 16329.6 26940.2
22603 20570.0 20783.1 29241.4
22604 20570.0 20783.1 29241.4
22605 20570.0 20783.1 29241.4
22606 20570.0 20783.1 29241.4
22607 20570.0 20783.1 29241.4
22608 20570.0 20783.1 29241.4
22609 20570.0 20783.1 29241.4
22617 20570.0 23752.1 31421.1
22618 20570.0 23752.1 31421.1
22619 20570.0 23752.1 31421.1
22620 20570.0 23752.1 31421.1
22621 20570.0 23752.1 31421.1
22622 20570.0 23752.1 31421.1
22623 20570.0 23752.1 31421.1
22624 21427.0 25236.6 33106.0
22625 21427.0 25236.6 33106.0
22626 21427.0 25236.6 33106.0
22627 21427.0 25236.6 33106.0
22628 21427.0 25236.6 33106.0
22629 21427.0 25236.6 33106.0
22630 21427.0 25236.6 33106.0
22645 20570.0 29690.2 36119.7
22646 20570.0 29690.2 36119.7
22647 20570.0 29690.2 36119.7
22648 20570.0 29690.2 36119.7
22649 20570.0 29690.2 36119.7
22650 20570.0 29690.2 36119.7
22651 20570.0 29690.2 36119.7
22652 21427.0 31174.7 37828.3
22653 21427.0 31174.7 37828.3
22654 21427.0 31174.7 37828.3
22655 21427.0 31174.7 37828.3
22656 21427.0 31174.7 37828.3
22657 21427.0 31174.7 37828.3
22658 21427.0 31174.7 37828.3
22673 20570.0 35628.2 41139.9
22674 20570.0 35628.2 41139.9
22675 20570.0 35628.2 41139.9
22676 20570.0 35628.2 41139.9
22677 20570.0 35628.2 41139.9
22678 20570.0 35628.2 41139.9
22679 20570.0 35628.2 41139.9
22680 21427.0 37112.7 42854.1
22681 21427.0 37112.7 42854.1
22682 21427.0 37112.7 42854.1
22683 21427.0 37112.7 42854.1
22684 21427.0 37112.7 42854.1
22685 21427.0 37112.7 42854.1
22686 21427.0 37112.7 42854.1
22687 20570.0 38597.2 43736.4
22688 20570.0 38597.2 43736.4
22689 20570.0 38597.2 43736.4
22690 20570.0 38597.2 43736.4
22691 20570.0 38597.2 43736.4
22692 20570.0 38597.2 43736.4
22693 20570.0 38597.2 43736.4
22694 21427.0 40081.7 45449.6
22695 21427.0 40081.7 45449.6
22696 21427.0 40081.7 45449.6
22697 21427.0 40081.7 45449.6
22698 21427.0 40081.7 45449.6
22699 21427.0 40081.7 45449.6
22700 21427.0 40081.7 45449.6
22736 21427.0 48988.8 53469.8
22737 21427.0 48988.8 53469.8
22738 21427.0 48988.8 53469.8
22739 21427.0 48988.8 53469.8
22740 21427.0 48988.8 53469.8
22741 21427.0 48988.8 53469.8
22742 21427.0 48988.8 53469.8
22750 21427.0 51957.8 56202.6
22751 21427.0 51957.8 56202.6
22752 21427.0 51957.8 56202.6
22753 21427.0 51957.8 56202.6
22754 21427.0 51957.8 56202.6
22755 21427.0 51957.8 56202.6
22756 21427.0 51957.8 56202.6
22757 20570.0 53442.3 57264.3
22758 20570.0 53442.3 57264.3
22759 20570.0 53442.3 57264.3
22760 20570.0 53442.3 57264.3
22761 20570.0 53442.3 57264.3
22762 20570.0 53442.3 57264.3
22763 20570.0 53442.3 57264.3
22764 21427.0 54926.8 58958.2
22765 21427.0 54926.8 58958.2
22766 21427.0 54926.8 58958.2
22767 21427.0 54926.8 58958.2
22768 21427.0 54926.8 58958.2
22769 21427.0 54926.8 58958.2
22770 21427.0 54926.8 58958.2
22771 20570.0 56411.3 60044.7
22772 20570.0 56411.3 60044.7
22773 20570.0 56411.3 60044.7
22774 20570.0 56411.3 60044.7
22775 20570.0 56411.3 60044.7
22776 20570.0 56411.3 60044.7
22777 20570.0 56411.3 60044.7
22799 22284.1 -50473.3 55173.7
22800 22284.1 -50473.3 55173.7
22801 22284.1 -50473.3 55173.7
22802 22284.1 -50473.3 55173.7
22803 22284.1 -50473.3 55173.7
22804 22284.1 -50473.3 55173.7
22805 22284.1 -50473.3 55173.7
22813 22284.1 -47504.3 52471.3
22814 22284.1 -47504.3 52471.3
22815 22284.1 -47504.3 52471.3
22816 22284.1 -47504.3 52471.3
22817 22284.1 -47504.3 52471.3
22818 22284.1 -47504.3 52471.3
22819 22284.1 -47504.3 52471.3
22820 23141.2 -46019.8 51510.5
22821 23141.2 -46019.8 51510.5
22822 23141.2 -46019.8 51510.5
22823 23141.2 -46019.8 51510.5
22824 23141.2 -46019.8 51510.5
22825 23141.2 -46019.8 51510.5
22826 23141.2 -46019.8 51510.5
22827 22284.1 -44535.3 49799.3
22828 22284.1 -44535.3 49799.3
22829 22284.1 -44535.3 49799.3
22830 22284.1 -44535.3 49799.3
22831 22284.1 -44535.3 49799.3
22832 22284.1 -44535.3 49799.3
22833 22284.1 -44535.3 49799.3
22834 23141.2 -43050.8 48876.2
22835 23141.2 -43050.8 48876.2
22836 23141.2 -43050.8 48876.2
22837 23141.2 -43050.8 48876.2
22838 23141.2 -43050.8 48876.2
22839 23141.2 -43050.8 48876.2
22840 23141.2 -43050.8 48876.2
22841 22284.1 -41566.2 47162.9
22842 22284.1 -41566.2 47162.9
22843 22284.1 -41566.2 47162.9
22844 22284.1 -41566.2 47162.9
22845 22284.1 -41566.2 47162.9
22846 22284.1 -41566.2 47162.9
22847 22284.1 -41566.2 47162.9
22876 23141.2 -34143.7 41246.9
22877 23141.2 -34143.7 41246.9
22878 23141.2 -34143.7 41246.9
22879 23141.2 -34143.7 41246.9
22880 23141.2 -34143.7 41246.9
22881 23141.2 -34143.7 41246.9
22882 23141.2 -34143.7 41246.9
22883 22284.1 -32659.2 39537.4
22884 22284.1 -32659.2 39537.4
22885 22284.1 -32659.2 39537.4
22886 22284.1 -32659.2 39537.4
22887 22284.1 -32659.2 39537.4
22888 22284.1 -32659.2 39537.4
22889 22284.1 -32659.2 39537.4
22904 23141.2 -28205.7 36483.9
22905 23141.2 -28205.7 36483.9
22906 23141.2 -28205.7 36483.9
22907 23141.2 -28205.7 36483.9
22908 23141.2 -28205.7 36483.9
22909 23141.2 -28205.7 36483.9
22910 23141.2 -28205.7 36483.9
22911 22284.1 -26721.2 34793.7
22912 22284.1 -26721.2 34793.7
22913 22284.1 -26721.2 34793.7
22914 22284.1 -26721.2 34793.7
22915 22284.1 -26721.2 34793.7
22916 22284.1 -26721.2 34793.7
22917 22284.1 -26721.2 34793.7
22932 23141.2 -22267.6 32114.8
22933 23141.2 -22267.6 32114.8
22934 23141.2 -22267.6 32114.8
22935 23141.2 -22267.6 32114.8
22936 23141.2 -22267.6 32114.8
22937 23141.2 -22267.6 32114.8
22938 23141.2 -22267.6 32114.8
22946 23141.2 -19298.6 30132.2
22947 23141.2 -19298.6 30132.2
22948 23141.2 -19298.6 30132.2
22949 23141.2 -19298.6 30132.2
22950 23141.2 -19298.6 30132.2
22951 23141.2 -19298.6 30132.2
22952 23141.2 -19298.6 30132.2
22953 22284.1 -17814.1 28529.4
22954 22284.1 -17814.1 28529.4
22955 22284.1 -17814.1 28529.4
22956 22284.1 -17814.1 28529.4
22957 22284.1 -17814.1 28529.4
22958 22284.1 -17814.1 28529.4
22959 22284.1 -17814.1 28529.4
22988 23141.2 -10391.6 25367.3
22989 23141.2 -10391.6 25367.3
22990 23141.2 -10391.6 25367.3
22991 23141.2 -10391.6 25367.3
22992 23141.2 -10391.6 25367.3
22993 23141.2 -10391.6 25367.3
22994 23141.2 -10391.6 25367.3
23002 23141.2 -7422.5 24302.5
23003 23141.2 -7422.5 24302.5
23004 23141.2 -7422.5 24302.5
23005 23141.2 -7422.5 24302.5
23006 23141.2 -7422.5 24302.5
23007 23141.2 -7422.5 24302.5
23008 23141.2 -7422.5 24302.5
23016 23141.2 -4453.5 23565.8
23017 23141.2 -4453.5 23565.8
23018 23141.2 -4453.5 23565.8
23019 23141.2 -4453.5 23565.8
23020 23141.2 -4453.5 23565.8
23021 23141.2 -4453.5 23565.8
23022 23141.2 -4453.5 23565.8
23023 22284.1 -2969.0 22481.0
23024 22284.1 -2969.0 22481.0
23025 22284.1 -2969.0 22481.0
23026 22284.1 -2969.0 22481.0
23027 22284.1 -2969.0 22481.0
23028 22284.1 -2969.0 22481.0
23029 22284.1 -2969.0 22481.0
23030 23141.2 -1484.5 23188.8
23031 23141.2 -1484.5 23188.8
23032 23141.2 -1484.5 23188.8
23033 23141.2 -1484.5 23188.8
23034 23141.2 -1484.5 23188.8
23035 23141.2 -1484.5 23188.8
23036 23141.2 -1484.5 23188.8
23037 22284.1 0.0 22284.1
23038 22284.1 0.0 22284.1
23039 22284.1 0.0 22284.1
23040 22284.1 0.0 22284.1
23041 22284.1 0.0 22284.1
23042 22284.1 0.0 22284.1
23043 22284.1 0.0 22284.1
23044 23141.2 1484.5 23188.8
23045 23141.2 1484.5 23188.8
23046 23141.2 1484.5 23188.8
23047 23141.2 1484.5 23188.8
23048 23141.2 1484.5 23188.8
23049 23141.2 1484.5 23188.8
23050 23141.2 1484.5 23188.8
23051 22284.1 2969.0 22481.0
23052 22284.1 2969.0 22481.0
23053 22284.1 2969.0 22481.0
23054 22284.1 2969.0 22481.0
23055 22284.1 2969.0 22481.0
23056 22284.1 2969.0 22481.0
23057 22284.1 2969.0 22481.0
23058 23141.2 4453.5 23565.8
23059 23141.2 4453.5 23565.8
23060 23141.2 4453.5 23565.8
23061 23141.2 4453.5 23565.8
23062 23141.2 4453.5 23565.8
23063 23141.2 4453.5 23565.8
23064 23141.2 4453.5 23565.8
23072 23141.2 7422.5 24302.5
23073 23141.2 7422.5 24302.5
23074 23141.2 7422.5 24302.5
23075 23141.2 7422.5 24302.5
23076 23141.2 7422.5 24302.5
23077 23141.2 7422.5 24302.5
23078 23141.2 7422.5 24302.5
23086 23141.2 10391.6 25367.3
23087 23141.2 10391.6 25367.3
23088 23141.2 10391.6 25367.3
23089 23141.2 10391.6 25367.3
23090 23141.2 10391.6 25367.3
23091 23141.2 10391.6 25367.3
23092 23141.2 10391.6 25367.3
23121 22284.1 17814.1 28529.4
23122 22284.1 17814.1 28529.4
23123 22284.1 17814.1 28529.4
23124 22284.1 17814.1 28529.4
23125 22284.1 17814.1 28529.4
23126 22284.1 17814.1 28529.4
23127 22284.1 17814.1 28529.4
23128 23141.2 19298.6 30132.2
23129 23141.2 19298.6 30132.2
23130 23141.2 19298.6 30132.2
23131 23141.2 19298.6 30132.2
23132 23141.2 19298.6 30132.2
23133 23141.2 19298.6 30132.2
23134 23141.2 19298.6 30132.2
23142 23141.2 22267.6 32114.8
23143 23141.2 22267.6 32114.8
23144 23141.2 22267.6 32114.8
23145 23141.2 22267.6 32114.8
23146 23141.2 22267.6 32114.8
23147 23141.2 22267.6 32114.8
23148 23141.2 22267.6 32114.8
23163 22284.1 26721.2 34793.7
23164 22284.1 26721.2 34793.7
23165 22284.1 26721.2 34793.7
23166 22284.1 26721.2 34793.7
23167 22284.1 26721.2 34793.7
23168 22284.1 26721.2 34793.7
23169 22284.1 26721.2 34793.7
23170 23141.2 28205.7 36483.9
23171 23141.2 28205.7 36483.9
23172 23141.2 28205.7 36483.9
23173 23141.2 28205.7 36483.9
23174 23141.2 28205.7 36483.9
23175 23141.2 28205.7 36483.9
23176 23141.2 28205.7 36483.9
23191 22284.1 32659.2 39537.4
23192 22284.1 32659.2 39537.4
23193 22284.1 32659.2 39537.4
23194 22284.1 32659.2 39537.4
23195 22284.1 32659.2 39537.4
23196 22284.1 32659.2 39537.4
23197 22284.1 32659.2 39537.4
23198 23141.2 34143.7 41246.9
23199 23141.2 34143.7 41246.9
23200 23141.2 34143.7 41246.9
23201 23141.2 34143.7 41246.9
23202 23141.2 34143.7 41246.9
23203 23141.2 34143.7 41246.9
23204 23141.2 34143.7 41246.9
23233 22284.1 41566.2 47162.9
23234 22284.1 41566.2 47162.9
23235 22284.1 41566.2 47162.9
23236 22284.1 41566.2 47162.9
23237 22284.1 41566.2 47162.9
23238 22284.1 41566.2 47162.9
23239 22284.1 41566.2 47162.9
23240 23141.2 43050.8 48876.2
23241 23141.2 43050.8 48876.2
23242 23141.2 43050.8 48876.2
23243 23141.2 43050.8 48876.2
23244 23141.2 43050.8 48876.2
23245 23141.2 43050.8 48876.2
23246 23141.2 43050.8 48876.2
23247 22284.1 44535.3 49799.3
23248 22284.1 44535.3 49799.3
23249 22284.1 44535.3 49799.3
23250 22284.1 44535.3 49799.3
23251 22284.1 44535.3 49799.3
23252 22284.1 44535.3 49799.3
23253 22284.1 44535.3 49799.3
23254 23141.2 46019.8 51510.5
23255 23141.2 46019.8 51510.5
23256 23141.2 46019.8 51510.5
23257 23141.2 46019.8 51510.5
23258 23141.2 46019.8 51510.5
23259 23141.2 46019.8 51510.5
23260 23141.2 46019.8 51510.5
23261 22284.1 47504.3 52471.3
23262 22284.1 47504.3 52471.3
23263 22284.1 47504.3 52471.3
23264 22284.1 47504.3 52471.3
23265 22284.1 47504.3 52471.3
23266 22284.1 47504.3 52471.3
23267 22284.1 47504.3 52471.3
23275 22284.1 50473.3 55173.7
23276 22284.1 50473.3 55173.7
23277 22284.1 50473.3 55173.7
23278 22284.1 50473.3 55173.7
23279 22284.1 50473.3 55173.7
23280 22284.1 50473.3 55173.7
23281 22284.1 50473.3 55173.7
23303 23998.3 -53442.3 58583.3
23304 23998.3 -53442.3 58583.3
23305 23998.3 -53442.3 58583.3
23306 23998.3 -53442.3 58583.3
23307 23998.3 -53442.3 58583.3
23308 23998.3 -53442.3 58583.3
23309 23998.3 -53442.3 58583.3
23310 24855.4 -51957.8 57596.9
23311 24855.4 -51957.8 57596.9
23312 24855.4 -51957.8 57596.9
23313 24855.4 -51957.8 57596.9
23314 24855.4 -51957.8 57596.9
23315 24855.4 -51957.8 57596.9
23316 24855.4 -51957.8 57596.9
23324 24855.4 -48988.8 54933.5
23325 24855.4 -48988.8 54933.5
23326 24855.4 -48988.8 54933.5
23327 24855.4 -48988.8 54933.5
23328 24855.4 -48988.8 54933.5
23329 24855.4 -48988.8 54933.5
23330 24855.4 -48988.8 54933.5
23366 24855.4 -40081.7 47162.9
23367 24855.4 -40081.7 47162.9
23368 24855.4 -40081.7 47162.9
23369 24855.4 -40081.7 47162.9
23370 24855.4 -40081.7 47162.9
23371 24855.4 -40081.7 47162.9
23372 24855.4 -40081.7 47162.9
23373 23998.3 -38597.2 45449.6
23374 23998.3 -38597.2 45449.6
23375 23998.3 -38597.2 45449.6
23376 23998.3 -38597.2 45449.6
23377 23998.3 -38597.2 45449.6
23378 23998.3 -38597.2 45449.6
23379 23998.3 -38597.2 45449.6
23380 24855.4 -37112.7 44667.0
23381 24855.4 -37112.7 44667.0
23382 24855.4 -37112.7 44667.0
23383 24855.4 -37112.7 44667.0
23384 24855.4 -37112.7 44667.0
23385 24855.4 -37112.7 44667.0
23386 24855.4 -37112.7 44667.0
23387 23998.3 -35628.2 42956.8
23388 23998.3 -35628.2 42956.8
23389 23998.3 -35628.2 42956.8
23390 23998.3 -35628.2 42956.8
23391 23998.3 -35628.2 42956.8
23392 23998.3 -35628.2 42956.8
23393 23998.3 -35628.2 42956.8
23408 24855.4 -31174.7 39870.4
23409 24855.4 -31174.7 39870.4
23410 24855.4 -31174.7 39870.4
23411 24855.4 -31174.7 39870.4
23412 24855.4 -31174.7 39870.4
23413 24855.4 -31174.7 39870.4
23414 24855.4 -31174.7 39870.4
23415 23998.3 -29690.2 38176.2
23416 23998.3 -29690.2 38176.2
23417 23998.3 -29690.2 38176.2
23418 23998.3 -29690.2 38176.2
23419 23998.3 -29690.2 38176.2
23420 23998.3 -29690.2 38176.2
23421 23998.3 -29690.2 38176.2
23436 24855.4 -25236.6 35421.4
23437 24855.4 -25236.6 35421.4
23438 24855.4 -25236.6 35421.4
23439 24855.4 -25236.6 35421.4
23440 24855.4 -25236.6 35421.4
23441 24855.4 -25236.6 35421.4
23442 24855.4 -25236.6 35421.4
23443 23998.3 -23752.1 33765.1
23444 23998.3 -23752.1 33765.1
23445 23998.3 -23752.1 33765.1
23446 23998.3 -23752.1 33765.1
23447 23998.3 -23752.1 33765.1
23448 23998.3 -23752.1 33765.1
23449 23998.3 -23752.1 33765.1
23457 23998.3 -20783.1 31746.7
23458 23998.3 -20783.1 31746.7
23459 23998.3 -20783.1 31746.7
23460 23998.3 -20783.1 31746.7
23461 23998.3 -20783.1 31746.7
23462 23998.3 -20783.1 31746.7
23463 23998.3 -20783.1 31746.7
23478 24855.4 -16329.6 29739.6
23479 24855.4 -16329.6 29739.6
23480 24855.4 -16329.6 29739.6
23481 24855.4 -16329.6 29739.6
23482 24855.4 -16329.6 29739.6
23483 24855.4 -16329.6 29739.6
23484 24855.4 -16329.6 29739.6
23485 23998.3 -14845.1 28218.7
23486 23998.3 -14845.1 28218.7
23487 23998.3 -14845.1 28218.7
23488 23998.3 -14845.1 28218.7
23489 23998.3 -14845.1 28218.7
23490 23998.3 -14845.1 28218.7
23491 23998.3 -14845.1 28218.7
23492 24855.4 -13360.6 28218.7
23493 24855.4 -13360.6 28218.7
23494 24855.4 -13360.6 28218.7
23495 24855.4 -13360.6 28218.7
23496 24855.4 -13360.6 28218.7
23497 24855.4 -13360.6 28218.7
23498 24855.4 -13360.6 28218.7
23499 23998.3 -11876.1 26776.1
23500 23998.3 -11876.1 26776.1
23501 23998.3 -11876.1 26776.1
23502 23998.3 -11876.1 26776.1
23503 23998.3 -11876.1 26776.1
23504 23998.3 -11876.1 26776.1
23505 23998.3 -11876.1 26776.1
23513 23998.3 -8907.1 25597.9
23514 23998.3 -8907.1 25597.9
23515 23998.3 -8907.1 25597.9
23516 23998.3 -8907.1 25597.9
23517 23998.3 -8907.1 25597.9
23518 23998.3 -8907.1 25597.9
23519 23998.3 -8907.1 25597.9
23527 23998.3 -5938.0 24722.0
23528 23998.3 -5938.0 24722.0
23529 23998.3 -5938.0 24722.0
23530 23998.3 -5938.0 24722.0
23531 23998.3 -5938.0 24722.0
23532 23998.3 -5938.0 24722.0
23533 23998.3 -5938.0 24722.0
23583 23998.3 5938.0 24722.0
23584 23998.3 5938.0 24722.0
23585 23998.3 5938.0 24722.0
23586 23998.3 5938.0 24722.0
23587 23998.3 5938.0 24722.0
23588 23998.3 5938.0 24722.0
23589 23998.3 5938.0 24722.0
23597 23998.3 8907.1 25597.9
23598 23998.3 8907.1 25597.9
23599 23998.3 8907.1 25597.9
23600 23998.3 8907.1 25597.9
23601 23998.3 8907.1 25597.9
23602 23998.3 8907.1 25597.9
23603 23998.3 8907.1 25597.9
23611 23998.3 11876.1 26776.1
23612 23998.3 11876.1 26776.1
23613 23998.3 11876.1 26776.1
23614 23998.3 11876.1 26776.1
23615 23998.3 11876.1 26776.1
23616 23998.3 11876.1 26776.1
23617 23998.3 11876.1 26776.1
23618 24855.4 13360.6 28218.7
23619 24855.4 13360.6 28218.7
23620 24855.4 13360.6 28218.7
23621 24855.4 13360.6 28218.7
23622 24855.4 13360.6 28218.7
23623 24855.4 13360.6 28218.7
23624 24855.4 13360.6 28218.7
23625 23998.3 14845.1 28218.7
23626 23998.3 14845.1 28218.7
23627 23998.3 14845.1 28218.7
23628 23998.3 14845.1 28218.7
23629 23998.3 14845.1 28218.7
23630 23998.3 14845.1 28218.7
23631 23998.3 14845.1 28218.7
23632 24855.4 16329.6 29739.6
23633 24855.4 16329.6 29739.6
23634 24855.4 16329.6 29739.6
23635 24855.4 16329.6 29739.6
23636 24855.4 16329.6 29739.6
23637 24855.4 16329.6 29739.6
23638 24855.4 16329.6 29739.6
23653 23998.3 20783.1 31746.7
23654 23998.3 20783.1 31746.7
23655 23998.3 20783.1 31746.7
23656 23998.3 20783.1 31746.7
23657 23998.3 20783.1 31746.7
23658 23998.3 20783.1 31746.7
23659 23998.3 20783.1 31746.7
23667 23998.3 23752.1 33765.1
23668 23998.3 23752.1 33765.1
23669 23998.3 23752.1 33765.1
23670 23998.3 23752.1 33765.1
23671 23998.3 23752.1 33765.1
23672 23998.3 23752.1 33765.1
23673 23998.3 23752.1 33765.1
23674 24855.4 25236.6 35421.4
23675 24855.4 25236.6 35421.4
23676 24855.4 25236.6 35421.4
23677 24855.4 25236.6 35421.4
23678 24855.4 25236.6 35421.4
23679 24855.4 25236.6 35421.4
23680 24855.4 25236.6 35421.4
23695 23998.3 29690.2 38176.2
23696 23998.3 29690.2 38176.2
23697 23998.3 29690.2 38176.2
23698 23998.3 29690.2 38176.2
23699 23998.3 29690.2 38176.2
23700 23998.3 29690.2 38176.2
23701 23998.3 29690.2 38176.2
23702 24855.4 31174.7 39870.4
23703 24855.4 31174.7 39870.4
23704 24855.4 31174.7 39870.4
23705 24855.4 31174.7 39870.4
23706 24855.4 31174.7 39870.4
23707 24855.4 31174.7 39870.4
23708 24855.4 31174.7 39870.4
23723 23998.3 35628.2 42956.8
23724 23998.3 35628.2 42956.8
23725 23998.3 35628.2 42956.8
23726 23998.3 35628.2 42956.8
23727 23998.3 35628.2 42956.8
23728 23998.3 35628.2 42956.8
23729 23998.3 35628.2 42956.8
23730 24855.4 37112.7 44667.0
23731 24855.4 37112.7 44667.0
23732 24855.4 37112.7 44667.0
23733 24855.4 37112.7 44667.0
23734 24855.4 37112.7 44667.0
23735 24855.4 37112.7 44667.0
23736 24855.4 37112.7 44667.0
23737 23998.3 38597.2 45449.6
23738 23998.3 38597.2 45449.6
23739 23998.3 38597.2 45449.6
23740 23998.3 38597.2 45449.6
23741 23998.3 38597.2 45449.6
23742 23998.3 38597.2 45449.6
23743 23998.3 38597.2 45449.6
23744 24855.4 40081.7 47162.9
23745 24855.4 40081.7 47162.9
23746 24855.4 40081.7 47162.9
23747 24855.4 40081.7 47162.9
23748 24855.4 40081.7 47162.9
23749 24855.4 40081.7 47162.9
23750 24855.4 40081.7 47162.9
23786 24855.4 48988.8 54933.5
23787 24855.4 48988.8 54933.5
23788 24855.4 48988.8 54933.5
23789 24855.4 48988.8 54933.5
23790 24855.4 48988.8 54933.5
23791 24855.4 48988.8 54933.5
23792 24855.4 48988.8 54933.5
23800 24855.4 51957.8 57596.9
23801 24855.4 51957.8 57596.9
23802 24855.4 51957.8 57596.9
23803 24855.4 51957.8 57596.9
23804 24855.4 51957.8 57596.9
23805 24855.4 51957.8 57596.9
23806 24855.4 51957.8 57596.9
23807 23998.3 53442.3 58583.3
23808 23998.3 53442.3 58583.3
23809 23998.3 53442.3 58583.3
23810 23998.3 53442.3 58583.3
23811 23998.3 53442.3 58583.3
23812 23998.3 53442.3 58583.3
23813 23998.3 53442.3 58583.3
23828 25712.4 -50473.3 56645.2
23829 25712.4 -50473.3 56645.2
23830 25712.4 -50473.3 56645.2
23831 25712.4 -50473.3 56645.2
23832 25712.4 -50473.3 56645.2
23833 25712.4 -50473.3 56645.2
23834 25712.4 -50473.3 56645.2
23842 25712.4 -47504.3 54016.5
23843 25712.4 -47504.3 54016.5
23844 25712.4 -47504.3 54016.5
23845 25712.4 -47504.3 54016.5
23846 25712.4 -47504.3 54016.5
23847 25712.4 -47504.3 54016.5
23848 25712.4 -47504.3 54016.5
23849 26569.5 -46019.8 53139.1
23850 26569.5 -46019.8 53139.1
23851 26569.5 -46019.8 53139.1
23852 26569.5 -46019.8 53139.1
23853 26569.5 -46019.8 53139.1
23854 26569.5 -46019.8 53139.1
23855 26569.5 -46019.8 53139.1
23856 25712.4 -44535.3 51424.9
23857 25712.4 -44535.3 51424.9
23858 25712.4 -44535.3 51424.9
23859 25712.4 -44535.3 51424.9
23860 25712.4 -44535.3 51424.9
23861 25712.4 -44535.3 51424.9
23862 25712.4 -44535.3 51424.9
23863 26569.5 -43050.8 50589.6
23864 26569.5 -43050.8 50589.6
23865 26569.5 -43050.8 50589.6
23866 26569.5 -43050.8 50589.6
23867 26569.5 -43050.8 50589.6
23868 26569.5 -43050.8 50589.6
23869 26569.5 -43050.8 50589.6
23870 25712.4 -41566.2 48876.2
23871 25712.4 -41566.2 48876.2
23872 25712.4 -41566.2 48876.2
23873 25712.4 -41566.2 48876.2
23874 25712.4 -41566.2 48876.2
23875 25712.4 -41566.2 48876.2
23876 25712.4 -41566.2 48876.2
23905 26569.5 -34143.7 43263.5
23906 26569.5 -34143.7 43263.5
23907 26569.5 -34143.7 43263.5
23908 26569.5 -34143.7 43263.5
23909 26569.5 -34143.7 43263.5
23910 26569.5 -34143.7 43263.5
23911 26569.5 -34143.7 43263.5
23912 25712.4 -32659.2 41566.2
23913 25712.4 -32659.2 41566.2
23914 25712.4 -32659.2 41566.2
23915 25712.4 -32659.2 41566.2
23916 25712.4 -32659.2 41566.2
23917 25712.4 -32659.2 41566.2
23918 25712.4 -32659.2 41566.2
23933 26569.5 -28205.7 38749.2
23934 26569.5 -28205.7 38749.2
23935 26569.5 -28205.7 38749.2
23936 26569.5 -28205.7 38749.2
23937 26569.5 -28205.7 38749.2
23938 26569.5 -28205.7 38749.2
23939 26569.5 -28205.7 38749.2
23940 25712.4 -26721.2 37083.0
23941 25712.4 -26721.2 37083.0
23942 25712.4 -26721.2 37083.0
23943 25712.4 -26721.2 37083.0
23944 25712.4 -26721.2 37083.0
23945 25712.4 -26721.2 37083.0
23946 25712.4 -26721.2 37083.0
23961 26569.5 -22267.6 34666.8
23962 26569.5 -22267.6 34666.8
23963 26569.5 -22267.6 34666.8
23964 26569.5 -22267.6 34666.8
23965 26569.5 -22267.6 34666.8
23966 26569.5 -22267.6 34666.8
23967 26569.5 -22267.6 34666.8
23975 26569.5 -19298.6 32838.6
23976 26569.5 -19298.6 32838.6
23977 26569.5 -19298.6 32838.6
23978 26569.5 -19298.6 32838.6
23979 26569.5 -19298.6 32838.6
23980 26569.5 -19298.6 32838.6
23981 26569.5 -19298.6 32838.6
23982 25712.4 -17814.1 31280.5
23983 25712.4 -17814.1 31280.5
23984 25712.4 -17814.1 31280.5
23985 25712.4 -17814.1 31280.5
23986 25712.4 -17814.1 31280.5
23987 25712.4 -17814.1 31280.5
23988 25712.4 -17814.1 31280.5
24017 26569.5 -10391.6 28529.4
24018 26569.5 -10391.6 28529.4
24019 26569.5 -10391.6 28529.4
24020 26569.5 -10391.6 28529.4
24021 26569.5 -10391.6 28529.4
24022 26569.5 -10391.6 28529.4
24023 26569.5 -10391.6 28529.4
24031 26569.5 -7422.5 27586.8
24032 26569.5 -7422.5 27586.8
24033 26569.5 -7422.5 27586.8
24034 26569.5 -7422.5 27586.8
24035 26569.5 -7422.5 27586.8
24036 26569.5 -7422.5 27586.8
24037 26569.5 -7422.5 27586.8
24045 26569.5 -4453.5 26940.2
24046 26569.5 -4453.5 26940.2
24047 26569.5 -4453.5 26940.2
24048 26569.5 -4453.5 26940.2
24049 26569.5 -4453.5 26940.2
24050 26569.5 -4453.5 26940.2
24051 26569.5 -4453.5 26940.2
24052 25712.4 -2969.0 25883.3
24053 25712.4 -2969.0 25883.3
24054 25712.4 -2969.0 25883.3
24055 25712.4 -2969.0 25883.3
24056 25712.4 -2969.0 25883.3
24057 25712.4 -2969.0 25883.3
24058 25712.4 -2969.0 25883.3
24059 26569.5 -1484.5 26611.0
24060 26569.5 -1484.5 26611.0
24061 26569.5 -1484.5 26611.0
24062 26569.5 -1484.5 26611.0
24063 26569.5 -1484.5 26611.0
24064 26569.5 -1484.5 26611.0
24065 26569.5 -1484.5 26611.0
24066 25712.4 0.0 25712.4
24067 25712.4 0.0 25712.4
24068 25712.4 0.0 25712.4
24069 25712.4 0.0 25712.4
24070 25712.4 0.0 25712.4
24071 25712.4 0.0 25712.4
24072 25712.4 0.0 25712.4
24073 26569.5 1484.5 26611.0
24074 26569.5 1484.5 26611.0
24075 26569.5 1484.5 26611.0
24076 26569.5 1484.5 26611.0
24077 26569.5 1484.5 26611.0
24078 26569.5 1484.5 26611.0
24079 26569.5 1484.5 26611.0
24080 25712.4 2969.0 25883.3
24081 25712.4 2969.0 25883.3
24082 25712.4 2969.0 25883.3
24083 25712.4 2969.0 25883.3
24084 25712.4 2969.0 25883.3
24085 25712.4 2969.0 25883.3
24086 25712.4 2969.0 25883.3
24087 26569.5 4453.5 26940.2
24088 26569.5 4453.5 26940.2
24089 26569.5 4453.5 26940.2
24090 26569.5 4453.5 26940.2
24091 26569.5 4453.5 26940.2
24092 26569.5 4453.5 26940.2
24093 26569.5 4453.5 26940.2
24101 26569.5 7422.5 27586.8
24102 26569.5 7422.5 27586.8
24103 26569.5 7422.5 27586.8
24104 26569.5 7422.5 27586.8
24105 26569.5 7422.5 27586.8
24106 26569.5 7422.5 27586.8
24107 26569.5 7422.5 27586.8
24115 26569.5 10391.6 28529.4
24116 26569.5 10391.6 28529.4
24117 26569.5 10391.6 28529.4
24118 26569.5 10391.6 28529.4
24119 26569.5 10391.6 28529.4
24120 26569.5 10391.6 28529.4
24121 26569.5 10391.6 28529.4
24150 25712.4 17814.1 31280.5
24151 25712.4 17814.1 31280.5
24152 25712.4 17814.1 31280.5
24153 25712.4 17814.1 31280.5
24154 25712.4 17814.1 31280.5
24155 25712.4 17814.1 31280.5
24156 25712.4 17814.1 31280.5
24157 26569.5 19298.6 32838.6
24158 26569.5 19298.6 32838.6
24159 26569.5 19298.6 32838.6
24160 26569.5 19298.6 32838.6
24161 26569.5 19298.6 32838.6
24162 26569.5 19298.6 32838.6
24163 26569.5 19298.6 32838.6
24171 26569.5 22267.6 34666.8
24172 26569.5 22267.6 34666.8
24173 26569.5 22267.6 34666.8
24174 26569.5 22267.6 34666.8
24175 26569.5 22267.6 34666.8
24176 26569.5 22267.6 34666.8
24177 26569.5 22267.6 34666.8
24192 25712.4 26721.2 37083.0
24193 25712.4 26721.2 37083.0
24194 25712.4 26721.2 37083.0
24195 25712.4 26721.2 37083.0
24196 25712.4 26721.2 37083.0
24197 25712.4 26721.2 37083.0
24198 25712.4 26721.2 37083.0
24199 26569.5 28205.7 38749.2
24200 26569.5 28205.7 38749.2
24201 26569.5 28205.7 38749.2
24202 26569.5 28205.7 38749.2
24203 26569.5 28205.7 38749.2
24204 26569.5 28205.7 38749.2
24205 26569.5 28205.7 38749.2
24220 25712.4 32659.2 41566.2
24221 25712.4 32659.2 41566.2
24222 25712.4 32659.2 41566.2
24223 25712.4 32659.2 41566.2
24224 25712.4 32659.2 41566.2
24225 25712.4 32659.2 41566.2
24226 25712.4 32659.2 41566.2
24227 26569.5 34143.7 43263.5
24228 26569.5 34143.7 43263.5
24229 26569.5 34143.7 43263.5
24230 26569.5 34143.7 43263.5
24231 26569.5 34143.7 43263.5
24232 26569.5 34143.7 43263.5
24233 26569.5 34143.7 43263.5
24262 25712.4 41566.2 48876.2
24263 25712.4 41566.2 48876.2
24264 25712.4 41566.2 48876.2
24265 25712.4 41566.2 48876.2
24266 25712.4 41566.2 48876.2
24267 25712.4 41566.2 48876.2
24268 25712.4 41566.2 48876.2
24269 26569.5 43050.8 50589.6
24270 26569.5 43050.8 50589.6
24271 26569.5 43050.8 50589.6
24272 26569.5 43050.8 50589.6
24273 26569.5 43050.8 50589.6
24274 26569.5 43050.8 50589.6
24275 26569.5 43050.8 50589.6
24276 25712.4 44535.3 51424.9
24277 25712.4 44535.3 51424.9
24278 25712.4 44535.3 51424.9
24279 25712.4 44535.3 51424.9
24280 25712.4 44535.3 51424.9
24281 25712.4 44535.3 51424.9
24282 25712.4 44535.3 51424.9
24283 26569.5 46019.8 53139.1
24284 26569.5 46019.8 53139.1
24285 26569.5 46019.8 53139.1
24286 26569.5 46019.8 53139.1
24287 26569.5 46019.8 53139.1
24288 26569.5 46019.8 53139.1
24289 26569.5 46019.8 53139.1
24290 25712.4 47504.3 54016.5
24291 25712.4 47504.3 54016.5
24292 25712.4 47504.3 54016.5
24293 25712.4 47504.3 54016.5
24294 25712.4 47504.3 54016.5
24295 25712.4 47504.3 54016.5
24296 25712.4 47504.3 54016.5
24304 25712.4 50473.3 56645.2
24305 25712.4 50473.3 56645.2
24306 25712.4 50473.3 56645.2
24307 25712.4 50473.3 56645.2
24308 25712.4 50473.3 56645.2
24309 25712.4 50473.3 56645.2
24310 25712.4 50473.3 56645.2
24325 27426.6 -53442.3 60069.1
24326 27426.6 -53442.3 60069.1
24327 27426.6 -53442.3 60069.1
24328 27426.6 -53442.3 60069.1
24329 27426.6 -53442.3 60069.1
24330 27426.6 -53442.3 60069.1
24331 27426.6 -53442.3 60069.1
24332 28283.7 -51957.8 59157.3
24333 28283.7 -51957.8 59157.3
24334 28283.7 -51957.8 59157.3
24335 28283.7 -51957.8 59157.3
24336 28283.7 -51957.8 59157.3
24337 28283.7 -51957.8 59157.3
24338 28283.7 -51957.8 59157.3
24346 28283.7 -48988.8 56567.4
24347 28283.7 -48988.8 56567.4
24348 28283.7 -48988.8 56567.4
24349 28283.7 -48988.8 56567.4
24350 28283.7 -48988.8 56567.4
24351 28283.7 -48988.8 56567.4
24352 28283.7 -48988.8 56567.4
24388 28283.7 -40081.7 49056.2
24389 28283.7 -40081.7 49056.2
24390 28283.7 -40081.7 49056.2
24391 28283.7 -40081.7 49056.2
24392 28283.7 -40081.7 49056.2
24393 28283.7 -40081.7 49056.2
24394 28283.7 -40081.7 49056.2
24395 27426.6 -38597.2 47349.4
24396 27426.6 -38597.2 47349.4
24397 27426.6 -38597.2 47349.4
24398 27426.6 -38597.2 47349.4
24399 27426.6 -38597.2 47349.4
24400 27426.6 -38597.2 47349.4
24401 27426.6 -38597.2 47349.4
24402 28283.7 -37112.7 46661.8
24403 28283.7 -37112.7 46661.8
24404 28283.7 -37112.7 46661.8
24405 28283.7 -37112.7 46661.8
24406 28283.7 -37112.7 46661.8
24407 28283.7 -37112.7 46661.8
24408 28283.7 -37112.7 46661.8
24409 27426.6 -35628.2 44962.1
24410 27426.6 -35628.2 44962.1
24411 27426.6 -35628.2 44962.1
24412 27426.6 -35628.2 44962.1
24413 27426.6 -35628.2 44962.1
24414 27426.6 -35628.2 44962.1
24415 27426.6 -35628.2 44962.1
24430 28283.7 -31174.7 42093.1
24431 28283.7 -31174.7 42093.1
24432 28283.7 -31174.7 42093.1
24433 28283.7 -31174.7 42093.1
24434 28283.7 -31174.7 42093.1
24435 28283.7 -31174.7 42093.1
24436 28283.7 -31174.7 42093.1
24437 27426.6 -29690.2 40419.4
24438 27426.6 -29690.2 40419.4
24439 27426.6 -29690.2 40419.4
24440 27426.6 -29690.2 40419.4
24441 27426.6 -29690.2 40419.4
24442 27426.6 -29690.2 40419.4
24443 27426.6 -29690.2 40419.4
24458 28283.7 -25236.6 37905.9
24459 28283.7 -25236.6 37905.9
24460 28283.7 -25236.6 37905.9
24461 28283.7 -25236.6 37905.9
24462 28283.7 -25236.6 37905.9
24463 28283.7 -25236.6 37905.9
24464 28283.7 -25236.6 37905.9
24465 27426.6 -23752.1 36282.0
24466 27426.6 -23752.1 36282.0
24467 27426.6 -23752.1 36282.0
24468 27426.6 -23752.1 36282.0
24469 27426.6 -23752.1 36282.0
24470 27426.6 -23752.1 36282.0
24471 27426.6 -23752.1 36282.0
24479 27426.6 -20783.1 34411.6
24480 27426.6 -20783.1 34411.6
24481 27426.6 -20783.1 34411.6
24482 27426.6 -20783.1 34411.6
24483 27426.6 -20783.1 34411.6
24484 27426.6 -20783.1 34411.6
24485 27426.6 -20783.1 34411.6
24500 28283.7 -16329.6 32659.2
24501 28283.7 -16329.6 32659.2
24502 28283.7 -16329.6 32659.2
24503 28283.7 -16329.6 32659.2
24504 28283.7 -16329.6 32659.2
24505 28283.7 -16329.6 32659.2
24506 28283.7 -16329.6 32659.2
24507 27426.6 -14845.1 31186.5
24508 27426.6 -14845.1 31186.5
24509 27426.6 -14845.1 31186.5
24510 27426.6 -14845.1 31186.5
24511 27426.6 -14845.1 31186.5
24512 27426.6 -14845.1 31186.5
24513 27426.6 -14845.1 31186.5
24514 28283.7 -13360.6 31280.5
24515 28283.7 -13360.6 31280.5
24516 28283.7 -13360.6 31280.5
24517 28283.7 -13360.6 31280.5
24518 28283.7 -13360.6 31280.5
24519 28283.7 -13360.6 31280.5
24520 28283.7 -13360.6 31280.5
24521 27426.6 -11876.1 29887.5
24522 27426.6 -11876.1 29887.5
24523 27426.6 -11876.1 29887.5
24524 27426.6 -11876.1 29887.5
24525 27426.6 -11876.1 29887.5
24526 27426.6 -11876.1 29887.5
24527 27426.6 -11876.1 29887.5
24535 27426.6 -8907.1 28836.7
24536 27426.6 -8907.1 28836.7
24537 27426.6 -8907.1 28836.7
24538 27426.6 -8907.1 28836.7
24539 27426.6 -8907.1 28836.7
24540 27426.6 -8907.1 28836.7
24541 27426.6 -8907.1 28836.7
24549 27426.6 -5938.0 28062.1
24550 27426.6 -5938.0 28062.1
24551 27426.6 -5938.0 28062.1
24552 27426.6 -5938.0 28062.1
24553 27426.6 -5938.0 28062.1
24554 27426.6 -5938.0 28062.1
24555 27426.6 -5938.0 28062.1
24605 27426.6 5938.0 28062.1
24606 27426.6 5938.0 28062.1
24607 27426.6 5938.0 28062.1
24608 27426.6 5938.0 28062.1
24609 27426.6 5938.0 28062.1
24610 27426.6 5938.0 28062.1
24611 27426.6 5938.0 28062.1
24619 27426.6 8907.1 28836.7
24620 27426.6 8907.1 28836.7
24621 27426.6 8907.1 28836.7
24622 27426.6 8907.1 28836.7
24623 27426.6 8907.1 28836.7
24624 27426.6 8907.1 28836.7
24625 27426.6 8907.1 28836.7
24633 27426.6 11876.1 29887.5
24634 27426.6 11876.1 29887.5
24635 27426.6 11876.1 29887.5
24636 27426.6 11876.1 29887.5
24637 27426.6 11876.1 29887.5
24638 27426.6 11876.1 29887.5
24639 27426.6 11876.1 29887.5
24640 28283.7 13360.6 31280.5
24641 28283.7 13360.6 31280.5
24642 28283.7 13360.6 31280.5
24643 28283.7 13360.6 31280.5
24644 28283.7 13360.6 31280.5
24645 28283.7 13360.6 31280.5
24646 28283.7 13360.6 31280.5
24647 27426.6 14845.1 31186.5
24648 27426.6 14845.1 31186.5
24649 27426.6 14845.1 31186.5
24650 27426.6 14845.1 31186.5
24651 27426.6 14845.1 31186.5
24652 27426.6 14845.1 31186.5
24653 27426.6 14845.1 31186.5
24654 28283.7 16329.6 32659.2
24655 28283.7 16329.6 32659.2
24656 28283.7 16329.6 32659.2
24657 28283.7 16329.6 32659.2
24658 28283.7 16329.6 32659.2
24659 28283.7 16329.6 32659.2
24660 28283.7 16329.6 32659.2
24675 27426.6 20783.1 34411.6
24676 27426.6 20783.1 34411.6
24677 27426.6 20783.1 34411.6
24678 27426.6 20783.1 34411.6
24679 27426.6 20783.1 34411.6
24680 27426.6 20783.1 34411.6
24681 27426.6 20783.1 34411.6
24689 27426.6 23752.1 36282.0
24690 27426.6 23752.1 36282.0
24691 27426.6 23752.1 36282.0
24692 27426.6 23752.1 36282.0
24693 27426.6 23752.1 36282.0
24694 27426.6 23752.1 36282.0
24695 27426.6 23752.1 36282.0
24696 28283.7 25236.6 37905.9
24697 28283.7 25236.6 37905.9
24698 28283.7 25236.6 37905.9
24699 28283.7 25236.6 37905.9
24700 28283.7 25236.6 37905.9
24701 28283.7 25236.6 37905.9
24702 28283.7 25236.6 37905.9
24717 27426.6 29690.2 40419.4
24718 27426.6 29690.2 40419.4
24719 27426.6 29690.2 40419.4
24720 27426.6 29690.2 40419.4
24721 27426.6 29690.2 40419.4
24722 27426.6 29690.2 40419.4
24723 27426.6 29690.2 40419.4
24724 28283.7 31174.7 42093.1
24725 28283.7 31174.7 42093.1
24726 28283.7 31174.7 42093.1
24727 28283.7 31174.7 42093.1
24728 28283.7 31174.7 42093.1
24729 28283.7 31174.7 42093.1
24730 28283.7 31174.7 42093.1
24745 27426.6 35628.2 44962.1
24746 27426.6 35628.2 44962.1
24747 27426.6 35628.2 44962.1
24748 27426.6 35628.2 44962.1
24749 27426.6 35628.2 44962.1
24750 27426.6 35628.2 44962.1
24751 27426.6 35628.2 44962.1
24752 28283.7 37112.7 46661.8
24753 28283.7 37112.7 46661.8
24754 28283.7 37112.7 46661.8
24755 28283.7 37112.7 46661.8
24756 28283.7 37112.7 46661.8
24757 28283.7 37112.7 46661.8
24758 28283.7 37112.7 46661.8
24759 27426.6 38597.2 47349.4
24760 27426.6 38597.2 47349.4
24761 27426.6 38597.2 47349.4
24762 27426.6 38597.2 47349.4
24763 27426.6 38597.2 47349.4
24764 27426.6 38597.2 47349.4
24765 27426.6 38597.2 47349.4
24766 28283.7 40081.7 49056.2
24767 28283.7 40081.7 49056.2
24768 28283.7 40081.7 49056.2
24769 28283.7 40081.7 49056.2
24770 28283.7 40081.7 49056.2
24771 28283.7 40081.7 49056.2
24772 28283.7 40081.7 49056.2
24808 28283.7 48988.8 56567.4
24809 28283.7 48988.8 56567.4
24810 28283.7 48988.8 56567.4
24811 28283.7 48988.8 56567.4
24812 28283.7 48988.8 56567.4
24813 28283.7 48988.8 56567.4
24814 28283.7 48988.8 56567.4
24822 28283.7 51957.8 59157.3
24823 28283.7 51957.8 59157.3
24824 28283.7 51957.8 59157.3
24825 28283.7 51957.8 59157.3
24826 28283.7 51957.8 59157.3
24827 28283.7 51957.8 59157.3
24828 28283.7 51957.8 59157.3
24829 27426.6 53442.3 60069.1
24830 27426.6 53442.3 60069.1
24831 27426.6 53442.3 60069.1
24832 27426.6 53442.3 60069.1
24833 27426.6 53442.3 60069.1
24834 27426.6 53442.3 60069.1
24835 27426.6 53442.3 60069.1
24843 29140.8 -50473.3 58281.5
24844 29140.8 -50473.3 58281.5
24845 29140.8 -50473.3 58281.5
24846 29140.8 -50473.3 58281.5
24847 29140.8 -50473.3 58281.5
24848 29140.8 -50473.3 58281.5
24849 29140.8 -50473.3 58281.5
24857 29140.8 -47504.3 55730.1
24858 29140.8 -47504.3 55730.1
24859 29140.8 -47504.3 55730.1
24860 29140.8 -47504.3 55730.1
24861 29140.8 -47504.3 55730.1
24862 29140.8 -47504.3 55730.1
24863 29140.8 -47504.3 55730.1
24864 29997.9 -46019.8 54933.5
24865 29997.9 -46019.8 54933.5
24866 29997.9 -46019.8 54933.5
24867 29997.9 -46019.8 54933.5
24868 29997.9 -46019.8 54933.5
24869 29997.9 -46019.8 54933.5
24870 29997.9 -46019.8 54933.5
24871 29140.8 -44535.3 53221.9
24872 29140.8 -44535.3 53221.9
24873 29140.8 -44535.3 53221.9
24874 29140.8 -44535.3 53221.9
24875 29140.8 -44535.3 53221.9
24876 29140.8 -44535.3 53221.9
24877 29140.8 -44535.3 53221.9
24878 29997.9 -43050.8 52471.3
24879 29997.9 -43050.8 52471.3
24880 29997.9 -43050.8 52471.3
24881 29997.9 -43050.8 52471.3
24882 29997.9 -43050.8 52471.3
24883 29997.9 -43050.8 52471.3
24884 29997.9 -43050.8 52471.3
24885 29140.8 -41566.2 50763.5
24886 29140.8 -41566.2 50763.5
24887 29140.8 -41566.2 50763.5
24888 29140.8 -41566.2 50763.5
24889 29140.8 -41566.2 50763.5
24890 29140.8 -41566.2 50763.5
24891 29140.8 -41566.2 50763.5
24920 29997.9 -34143.7 45449.6
24921 29997.9 -34143.7 45449.6
24922 29997.9 -34143.7 45449.6
24923 29997.9 -34143.7 45449.6
24924 29997.9 -34143.7 45449.6
24925 29997.9 -34143.7 45449.6
24926 29997.9 -34143.7 45449.6
24927 29140.8 -32659.2 43769.9
24928 29140.8 -32659.2 43769.9
24929 29140.8 -32659.2 43769.9
24930 29140.8 -32659.2 43769.9
24931 29140.8 -32659.2 43769.9
24932 29140.8 -32659.2 43769.9
24933 29140.8 -32659.2 43769.9
24948 29997.9 -28205.7 41175.6
24949 29997.9 -28205.7 41175.6
24950 29997.9 -28205.7 41175.6
24951 29997.9 -28205.7 41175.6
24952 29997.9 -28205.7 41175.6
24953 29997.9 -28205.7 41175.6
24954 29997.9 -28205.7 41175.6
24955 29140.8 -26721.2 39537.4
24956 29140.8 -26721.2 39537.4
24957 29140.8 -26721.2 39537.4
24958 29140.8 -26721.2 39537.4
24959 29140.8 -26721.2 39537.4
24960 29140.8 -26721.2 39537.4
24961 29140.8 -26721.2 39537.4
24976 29997.9 -22267.6 37359.3
24977 29997.9 -22267.6 37359.3
24978 29997.9 -22267.6 37359.3
24979 29997.9 -22267.6 37359.3
24980 29997.9 -22267.6 37359.3
24981 29997.9 -22267.6 37359.3
24982 29997.9 -22267.6 37359.3
24990 29997.9 -19298.6 35669.4
24991 29997.9 -19298.6 35669.4
24992 29997.9 -19298.6 35669.4
24993 29997.9 -19298.6 35669.4
24994 29997.9 -19298.6 35669.4
24995 29997.9 -19298.6 35669.4
24996 29997.9 -19298.6 35669.4
24997 29140.8 -17814.1 34154.5
24998 29140.8 -17814.1 34154.5
24999 29140.8 -17814.1 34154.5
25000 29140.8 -17814.1 34154.5
25001 29140.8 -17814.1 34154.5
25002 29140.8 -17814.1 34154.5
25003 29140.8 -17814.1 34154.5
25032 29997.9 -10391.6 31746.7
25033 29997.9 -10391.6 31746.7
25034 29997.9 -10391.6 31746.7
25035 29997.9 -10391.6 31746.7
25036 29997.9 -10391.6 31746.7
25037 29997.9 -10391.6 31746.7
25038 29997.9 -10391.6 31746.7
25046 29997.9 -7422.5 30902.5
25047 29997.9 -7422.5 30902.5
25048 29997.9 -7422.5 30902.5
25049 29997.9 -7422.5 30902.5
25050 29997.9 -7422.5 30902.5
25051 29997.9 -7422.5 30902.5
25052 29997.9 -7422.5 30902.5
25060 29997.9 -4453.5 30326.6
25061 29997.9 -4453.5 30326.6
25062 29997.9 -4453.5 30326.6
25063 29997.9 -4453.5 30326.6
25064 29997.9 -4453.5 30326.6
25065 29997.9 -4453.5 30326.6
25066 29997.9 -4453.5 30326.6
25067 29140.8 -2969.0 29291.6
25068 29140.8 -2969.0 29291.6
25069 29140.8 -2969.0 29291.6
25070 29140.8 -2969.0 29291.6
25071 29140.8 -2969.0 29291.6
25072 29140.8 -2969.0 29291.6
25073 29140.8 -2969.0 29291.6
25074 29997.9 -1484.5 30034.6
25075 29997.9 -1484.5 30034.6
25076 29997.9 -1484.5 30034.6
25077 29997.9 -1484.5 30034.6
25078 29997.9 -1484.5 30034.6
25079 29997.9 -1484.5 30034.6
25080 29997.9 -1484.5 30034.6
25081 29140.8 0.0 29140.8
25082 29140.8 0.0 29140.8
25083 29140.8 0.0 29140.8
25084 29140.8 0.0 29140.8
25085 29140.8 0.0 29140.8
25086 29140.8 0.0 29140.8
25087 29140.8 0.0 29140.8
25088 29997.9 1484.5 30034.6
25089 29997.9 1484.5 30034.6
25090 29997.9 1484.5 30034.6
25091 29997.9 1484.5 30034.6
25092 29997.9 1484.5 30034.6
25093 29997.9 1484.5 30034.6
25094 29997.9 1484.5 30034.6
25095 29140.8 2969.0 29291.6
25096 29140.8 2969.0 29291.6
25097 29140.8 2969.0 29291.6
25098 29140.8 2969.0 29291.6
25099 29140.8 2969.0 29291.6
25100 29140.8 2969.0 29291.6
25101 29140.8 2969.0 29291.6
25102 29997.9 4453.5 30326.6
25103 29997.9 4453.5 30326.6
25104 29997.9 4453.5 30326.6
25105 29997.9 4453.5 30326.6
25106 29997.9 4453.5 30326.6
25107 29997.9 4453.5 30326.6
25108 29997.9 4453.5 30326.6
25116 29997.9 7422.5 30902.5
25117 29997.9 7422.5 30902.5
25118 29997.9 7422.5 30902.5
25119 29997.9 7422.5 30902.5
25120 29997.9 7422.5 30902.5
25121 29997.9 7422.5 30902.5
25122 29997.9 7422.5 30902.5
25130 29997.9 10391.6 31746.7
25131 29997.9 10391.6 31746.7
25132 29997.9 10391.6 31746.7
25133 29997.9 10391.6 31746.7
25134 29997.9 10391.6 31746.7
25135 29997.9 10391.6 31746.7
25136 29997.9 10391.6 31746.7
25165 29140.8 17814.1 34154.5
25166 29140.8 17814.1 34154.5
25167 29140.8 17814.1 34154.5
25168 29140.8 17814.1 34154.5
25169 29140.8 17814.1 34154.5
25170 29140.8 17814.1 34154.5
25171 29140.8 17814.1 34154.5
25172 29997.9 19298.6 35669.4
25173 29997.9 19298.6 35669.4
25174 29997.9 19298.6 35669.4
25175 29997.9 19298.6 35669.4
25176 29997.9 19298.6 35669.4
25177 29997.9 19298.6 35669.4
25178 29997.9 19298.6 35669.4
25186 29997.9 22267.6 37359.3
25187 29997.9 22267.6 37359.3
25188 29997.9 22267.6 37359.3
25189 29997.9 22267.6 37359.3
25190 29997.9 22267.6 37359.3
25191 29997.9 22267.6 37359.3
25192 29997.9 22267.6 37359.3
25207 29140.8 26721.2 39537.4
25208 29140.8 26721.2 39537.4
25209 29140.8 26721.2 39537.4
25210 29140.8 26721.2 39537.4
25211 29140.8 26721.2 39537.4
25212 29140.8 26721.2 39537.4
25213 29140.8 26721.2 39537.4
25214 29997.9 28205.7 41175.6
25215 29997.9 28205.7 41175.6
25216 29997.9 28205.7 41175.6
25217 29997.9 28205.7 41175.6
25218 29997.9 28205.7 41175.6
25219 29997.9 28205.7 41175.6
25220 29997.9 28205.7 41175.6
25235 29140.8 32659.2 43769.9
25236 29140.8 32659.2 43769.9
25237 29140.8 32659.2 43769.9
25238 29140.8 32659.2 43769.9
25239 29140.8 32659.2 43769.9
25240 29140.8 32659.2 43769.9
25241 29140.8 32659.2 43769.9
25242 29997.9 34143.7 45449.6
25243 29997.9 34143.7 45449.6
25244 29997.9 34143.7 45449.6
25245 29997.9 34143.7 45449.6
25246 29997.9 34143.7 45449.6
25247 29997.9 34143.7 45449.6
25248 29997.9 34143.7 45449.6
25277 29140.8 41566.2 50763.5
25278 29140.8 41566.2 50763.5
25279 29140.8 41566.2 50763.5
25280 29140.8 41566.2 50763.5
25281 29140.8 41566.2 50763.5
25282 29140.8 41566.2 50763.5
25283 29140.8 41566.2 50763.5
25284 29997.9 43050.8 52471.3
25285 29997.9 43050.8 52471.3
25286 29997.9 43050.8 52471.3
25287 29997.9 43050.8 52471.3
25288 29997.9 43050.8 52471.3
25289 29997.9 43050.8 52471.3
25290 29997.9 43050.8 52471.3
25291 29140.8 44535.3 53221.9
25292 29140.8 44535.3 53221.9
25293 29140.8 44535.3 53221.9
25294 29140.8 44535.3 53221.9
25295 29140.8 44535.3 53221.9
25296 29140.8 44535.3 53221.9
25297 29140.8 44535.3 53221.9
25298 29997.9 46019.8 54933.5
25299 29997.9 46019.8 54933.5
25300 29997.9 46019.8 54933.5
25301 29997.9 46019.8 54933.5
25302 29997.9 46019.8 54933.5
25303 29997.9 46019.8 54933.5
25304 29997.9 46019.8 54933.5
25305 29140.8 47504.3 55730.1
25306 29140.8 47504.3 55730.1
25307 29140.8 47504.3 55730.1
25308 29140.8 47504.3 55730.1
25309 29140.8 47504.3 55730.1
25310 29140.8 47504.3 55730.1
25311 29140.8 47504.3 55730.1
25319 29140.8 50473.3 58281.5
25320 29140.8 50473.3 58281.5
25321 29140.8 50473.3 58281.5
25322 29140.8 50473.3 58281.5
25323 29140.8 50473.3 58281.5
25324 29140.8 50473.3 58281.5
25325 29140.8 50473.3 58281.5
25340 31712.0 -48988.8 58357.1
25341 31712.0 -48988.8 58357.1
25342 31712.0 -48988.8 58357.1
25343 31712.0 -48988.8 58357.1
25344 31712.0 -48988.8 58357.1
25345 31712.0 -48988.8 58357.1
25346 31712.0 -48988.8 58357.1
25382 31712.0 -40081.7 51109.7
25383 31712.0 -40081.7 51109.7
25384 31712.0 -40081.7 51109.7
25385 31712.0 -40081.7 51109.7
25386 31712.0 -40081.7 51109.7
25387 31712.0 -40081.7 51109.7
25388 31712.0 -40081.7 51109.7
25389 30854.9 -38597.2 49414.3
25390 30854.9 -38597.2 49414.3
25391 30854.9 -38597.2 49414.3
25392 30854.9 -38597.2 49414.3
25393 30854.9 -38597.2 49414.3
25394 30854.9 -38597.2 49414.3
25395 30854.9 -38597.2 49414.3
25396 31712.0 -37112.7 48816.0
25397 31712.0 -37112.7 48816.0
25398 31712.0 -37112.7 48816.0
25399 31712.0 -37112.7 48816.0
25400 31712.0 -37112.7 48816.0
25401 31712.0 -37112.7 48816.0
25402 31712.0 -37112.7 48816.0
25403 30854.9 -35628.2 47131.7
25404 30854.9 -35628.2 47131.7
25405 30854.9 -35628.2 47131.7
25406 30854.9 -35628.2 47131.7
25407 30854.9 -35628.2 47131.7
25408 30854.9 -35628.2 47131.7
25409 30854.9 -35628.2 47131.7
25424 31712.0 -31174.7 44469.2
25425 31712.0 -31174.7 44469.2
25426 31712.0 -31174.7 44469.2
25427 31712.0 -31174.7 44469.2
25428 31712.0 -31174.7 44469.2
25429 31712.0 -31174.7 44469.2
25430 31712.0 -31174.7 44469.2
25431 30854.9 -29690.2 42819.8
25432 30854.9 -29690.2 42819.8
25433 30854.9 -29690.2 42819.8
25434 30854.9 -29690.2 42819.8
25435 30854.9 -29690.2 42819.8
25436 30854.9 -29690.2 42819.8
25437 30854.9 -29690.2 42819.8
25452 31712.0 -25236.6 40528.3
25453 31712.0 -25236.6 40528.3
25454 31712.0 -25236.6 40528.3
25455 31712.0 -25236.6 40528.3
25456 31712.0 -25236.6 40528.3
25457 31712.0 -25236.6 40528.3
25458 31712.0 -25236.6 40528.3
25459 30854.9 -23752.1 38938.3
25460 30854.9 -23752.1 38938.3
25461 30854.9 -23752.1 38938.3
25462 30854.9 -23752.1 38938.3
25463 30854.9 -23752.1 38938.3
25464 30854.9 -23752.1 38938.3
25465 30854.9 -23752.1 38938.3
25473 30854.9 -20783.1 37201.7
25474 30854.9 -20783.1 37201.7
25475 30854.9 -20783.1 37201.7
25476 30854.9 -20783.1 37201.7
25477 30854.9 -20783.1 37201.7
25478 30854.9 -20783.1 37201.7
25479 30854.9 -20783.1 37201.7
25494 31712.0 -16329.6 35669.4
25495 31712.0 -16329.6 35669.4
25496 31712.0 -16329.6 35669.4
25497 31712.0 -16329.6 35669.4
25498 31712.0 -16329.6 35669.4
25499 31712.0 -16329.6 35669.4
25500 31712.0 -16329.6 35669.4
25501 30854.9 -14845.1 34240.4
25502 30854.9 -14845.1 34240.4
25503 30854.9 -14845.1 34240.4
25504 30854.9 -14845.1 34240.4
25505 30854.9 -14845.1 34240.4
25506 30854.9 -14845.1 34240.4
25507 30854.9 -14845.1 34240.4
25508 31712.0 -13360.6 34411.6
25509 31712.0 -13360.6 34411.6
25510 31712.0 -13360.6 34411.6
25511 31712.0 -13360.6 34411.6
25512 31712.0 -13360.6 34411.6
25513 31712.0 -13360.6 34411.6
25514 31712.0 -13360.6 34411.6
25515 30854.9 -11876.1 33061.6
25516 30854.9 -11876.1 33061.6
25517 30854.9 -11876.1 33061.6
25518 30854.9 -11876.1 33061.6
25519 30854.9 -11876.1 33061.6
25520 30854.9 -11876.1 33061.6
25521 30854.9 -11876.1 33061.6
25529 30854.9 -8907.1 32114.8
25530 30854.9 -8907.1 32114.8
25531 30854.9 -8907.1 32114.8
25532 30854.9 -8907.1 32114.8
25533 30854.9 -8907.1 32114.8
25534 30854.9 -8907.1 32114.8
25535 30854.9 -8907.1 32114.8
25543 30854.9 -5938.0 31421.1
25544 30854.9 -5938.0 31421.1
25545 30854.9 -5938.0 31421.1
25546 30854.9 -5938.0 31421.1
25547 30854.9 -5938.0 31421.1
25548 30854.9 -5938.0 31421.1
25549 30854.9 -5938.0 31421.1
25599 30854.9 5938.0 31421.1
25600 30854.9 5938.0 31421.1
25601 30854.9 5938.0 31421.1
25602 30854.9 5938.0 31421.1
25603 30854.9 5938.0 31421.1
25604 30854.9 5938.0 31421.1
25605 30854.9 5938.0 31421.1
25613 30854.9 8907.1 32114.8
25614 30854.9 8907.1 32114.8
25615 30854.9 8907.1 32114.8
25616 30854.9 8907.1 32114.8
25617 30854.9 8907.1 32114.8
25618 30854.9 8907.1 32114.8
25619 30854.9 8907.1 32114.8
25627 30854.9 11876.1 33061.6
25628 30854.9 11876.1 33061.6
25629 30854.9 11876.1 33061.6
25630 30854.9 11876.1 33061.6
25631 30854.9 11876.1 33061.6
25632 30854.9 11876.1 33061.6
25633 30854.9 11876.1 33061.6
25634 31712.0 13360.6 34411.6
25635 31712.0 13360.6 34411.6
25636 31712.0 13360.6 34411.6
25637 31712.0 13360.6 34411.6
25638 31712.0 13360.6 34411.6
25639 31712.0 13360.6 34411.6
25640 31712.0 13360.6 34411.6
25641 30854.9 14845.1 34240.4
25642 30854.9 14845.1 34240.4
25643 30854.9 14845.1 34240.4
25644 30854.9 14845.1 34240.4
25645 30854.9 14845.1 34240.4
25646 30854.9 14845.1 34240.4
25647 30854.9 14845.1 34240.4
25648 31712.0 16329.6 35669.4
25649 31712.0 16329.6 35669.4
25650 31712.0 16329.6 35669.4
25651 31712.0 16329.6 35669.4
25652 31712.0 16329.6 35669.4
25653 31712.0 16329.6 35669.4
25654 31712.0 16329.6 35669.4
25669 30854.9 20783.1 37201.7
25670 30854.9 20783.1 37201.7
25671 30854.9 20783.1 37201.7
25672 30854.9 20783.1 37201.7
25673 30854.9 20783.1 37201.7
25674 30854.9 20783.1 37201.7
25675 30854.9 20783.1 37201.7
25683 30854.9 23752.1 38938.3
25684 30854.9 23752.1 38938.3
25685 30854.9 23752.1 38938.3
25686 30854.9 23752.1 38938.3
25687 30854.9 23752.1 38938.3
25688 30854.9 23752.1 38938.3
25689 30854.9 23752.1 38938.3
25690 31712.0 25236.6 40528.3
25691 31712.0 25236.6 40528.3
25692 31712.0 25236.6 40528.3
25693 31712.0 25236.6 40528.3
25694 31712.0 25236.6 40528.3
25695 31712.0 25236.6 40528.3
25696 31712.0 25236.6 40528.3
25711 30854.9 29690.2 42819.8
25712 30854.9 29690.2 42819.8
25713 30854.9 29690.2 42819.8
25714 30854.9 29690.2 42819.8
25715 30854.9 29690.2 42819.8
25716 30854.9 29690.2 42819.8
25717 30854.9 29690.2 42819.8
25718 31712.0 31174.7 44469.2
25719 31712.0 31174.7 44469.2
25720 31712.0 31174.7 44469.2
25721 31712.0 31174.7 44469.2
25722 31712.0 31174.7 44469.2
25723 31712.0 31174.7 44469.2
25724 31712.0 31174.7 44469.2
25739 30854.9 35628.2 47131.7
25740 30854.9 35628.2 47131.7
25741 30854.9 35628.2 47131.7
25742 30854.9 35628.2 47131.7
25743 30854.9 35628.2 47131.7
25744 30854.9 35628.2 47131.7
25745 30854.9 35628.2 47131.7
25746 31712.0 37112.7 48816.0
25747 31712.0 37112.7 48816.0
25748 31712.0 37112.7 48816.0
25749 31712.0 37112.7 48816.0
25750 31712.0 37112.7 48816.0
25751 31712.0 37112.7 48816.0
25752 31712.0 37112.7 48816.0
25753 30854.9 38597.2 49414.3
25754 30854.9 38597.2 49414.3
25755 30854.9 38597.2 49414.3
25756 30854.9 38597.2 49414.3
25757 30854.9 38597.2 49414.3
25758 30854.9 38597.2 49414.3
25759 30854.9 38597.2 49414.3
25760 31712.0 40081.7 51109.7
25761 31712.0 40081.7 51109.7
25762 31712.0 40081.7 51109.7
25763 31712.0 40081.7 51109.7
25764 31712.0 40081.7 51109.7
25765 31712.0 40081.7 51109.7
25766 31712.0 40081.7 51109.7
25802 31712.0 48988.8 58357.1
25803 31712.0 48988.8 58357.1
25804 31712.0 48988.8 58357.1
25805 31712.0 48988.8 58357.1
25806 31712.0 48988.8 58357.1
25807 31712.0 48988.8 58357.1
25808 31712.0 48988.8 58357.1
25816 32569.1 -50473.3 60069.1
25817 32569.1 -50473.3 60069.1
25818 32569.1 -50473.3 60069.1
25819 32569.1 -50473.3 60069.1
25820 32569.1 -50473.3 60069.1
25821 32569.1 -50473.3 60069.1
25822 32569.1 -50473.3 60069.1
25830 32569.1 -47504.3 57596.9
25831 32569.1 -47504.3 57596.9
25832 32569.1 -47504.3 57596.9
25833 32569.1 -47504.3 57596.9
25834 32569.1 -47504.3 57596.9
25835 32569.1 -47504.3 57596.9
25836 32569.1 -47504.3 57596.9
25837 33426.2 -46019.8 56878.2
25838 33426.2 -46019.8 56878.2
25839 33426.2 -46019.8 56878.2
25840 33426.2 -46019.8 56878.2
25841 33426.2 -46019.8 56878.2
25842 33426.2 -46019.8 56878.2
25843 33426.2 -46019.8 56878.2
25844 32569.1 -44535.3 55173.7
25845 32569.1 -44535.3 55173.7
25846 32569.1 -44535.3 55173.7
25847 32569.1 -44535.3 55173.7
25848 32569.1 -44535.3 55173.7
25849 32569.1 -44535.3 55173.7
25850 32569.1 -44535.3 55173.7
25851 33426.2 -43050.8 54503.9
25852 33426.2 -43050.8 54503.9
25853 33426.2 -43050.8 54503.9
25854 33426.2 -43050.8 54503.9
25855 33426.2 -43050.8 54503.9
25856 33426.2 -43050.8 54503.9
25857 33426.2 -43050.8 54503.9
25858 32569.1 -41566.2 52806.2
25859 32569.1 -41566.2 52806.2
25860 32569.1 -41566.2 52806.2
25861 32569.1 -41566.2 52806.2
25862 32569.1 -41566.2 52806.2
25863 32569.1 -41566.2 52806.2
25864 32569.1 -41566.2 52806.2
25893 33426.2 -34143.7 47781.8
25894 33426.2 -34143.7 47781.8
25895 33426.2 -34143.7 47781.8
25896 33426.2 -34143.7 47781.8
25897 33426.2 -34143.7 47781.8
25898 33426.2 -34143.7 47781.8
25899 33426.2 -34143.7 47781.8
25900 32569.1 -32659.2 46123.4
25901 32569.1 -32659.2 46123.4
25902 32569.1 -32659.2 46123.4
25903 32569.1 -32659.2 46123.4
25904 32569.1 -32659.2 46123.4
25905 32569.1 -32659.2 46123.4
25906 32569.1 -32659.2 46123.4
25921 33426.2 -28205.7 43736.4
25922 33426.2 -28205.7 43736.4
25923 33426.2 -28205.7 43736.4
25924 33426.2 -28205.7 43736.4
25925 33426.2 -28205.7 43736.4
25926 33426.2 -28205.7 43736.4
25927 33426.2 -28205.7 43736.4
25928 32569.1 -26721.2 42128.0
25929 32569.1 -26721.2 42128.0
25930 32569.1 -26721.2 42128.0
25931 32569.1 -26721.2 42128.0
25932 32569.1 -26721.2 42128.0
25933 32569.1 -26721.2 42128.0
25934 32569.1 -26721.2 42128.0
25949 33426.2 -22267.6 40164.1
25950 33426.2 -22267.6 40164.1
25951 33426.2 -22267.6 40164.1
25952 33426.2 -22267.6 40164.1
25953 33426.2 -22267.6 40164.1
25954 33426.2 -22267.6 40164.1
25955 33426.2 -22267.6 40164.1
25963 33426.2 -19298.6 38597.2
25964 33426.2 -19298.6 38597.2
25965 33426.2 -19298.6 38597.2
25966 33426.2 -19298.6 38597.2
25967 33426.2 -19298.6 38597.2
25968 33426.2 -19298.6 38597.2
25969 33426.2 -19298.6 38597.2
25970 32569.1 -17814.1 37122.6
25971 32569.1 -17814.1 37122.6
25972 32569.1 -17814.1 37122.6
25973 32569.1 -17814.1 37122.6
25974 32569.1 -17814.1 37122.6
25975 32569.1 -17814.1 37122.6
25976 32569.1 -17814.1 37122.6
26005 33426.2 -10391.6 35004.2
26006 33426.2 -10391.6 35004.2
26007 33426.2 -10391.6 35004.2
26008 33426.2 -10391.6 35004.2
26009 33426.2 -10391.6 35004.2
26010 33426.2 -10391.6 35004.2
26011 33426.2 -10391.6 35004.2
26019 33426.2 -7422.5 34240.4
26020 33426.2 -7422.5 34240.4
26021 33426.2 -7422.5 34240.4
26022 33426.2 -7422.5 34240.4
26023 33426.2 -7422.5 34240.4
26024 33426.2 -7422.5 34240.4
26025 33426.2 -7422.5 34240.4
26033 33426.2 -4453.5 33721.6
26034 33426.2 -4453.5 33721.6
26035 33426.2 -4453.5 33721.6
26036 33426.2 -4453.5 33721.6
26037 33426.2 -4453.5 33721.6
26038 33426.2 -4453.5 33721.6
26039 33426.2 -4453.5 33721.6
26040 32569.1 -2969.0 32704.1
26041 32569.1 -2969.0 32704.1
26042 32569.1 -2969.0 32704.1
26043 32569.1 -2969.0 32704.1
26044 32569.1 -2969.0 32704.1
26045 32569.1 -2969.0 32704.1
26046 32569.1 -2969.0 32704.1
26047 33426.2 -1484.5 33459.1
26048 33426.2 -1484.5 33459.1
26049 33426.2 -1484.5 33459.1
26050 33426.2 -1484.5 33459.1
26051 33426.2 -1484.5 33459.1
26052 33426.2 -1484.5 33459.1
26053 33426.2 -1484.5 33459.1
26054 32569.1 0.0 32569.1
26055 32569.1 0.0 32569.1
26056 32569.1 0.0 32569.1
26057 32569.1 0.0 32569.1
26058 32569.1 0.0 32569.1
26059 32569.1 0.0 32569.1
26060 32569.1 0.0 32569.1
26061 33426.2 1484.5 33459.1
26062 33426.2 1484.5 33459.1
26063 33426.2 1484.5 33459.1
26064 33426.2 1484.5 33459.1
26065 33426.2 1484.5 33459.1
26066 33426.2 1484.5 33459.1
26067 33426.2 1484.5 33459.1
26068 32569.1 2969.0 32704.1
26069 32569.1 2969.0 32704.1
26070 32569.1 2969.0 32704.1
26071 32569.1 2969.0 32704.1
26072 32569.1 2969.0 32704.1
26073 32569.1 2969.0 32704.1
26074 32569.1 2969.0 32704.1
26075 33426.2 4453.5 33721.6
26076 33426.2 4453.5 33721.6
26077 33426.2 4453.5 33721.6
26078 33426.2 4453.5 33721.6
26079 33426.2 4453.5 33721.6
26080 33426.2 4453.5 33721.6
26081 33426.2 4453.5 33721.6
26089 33426.2 7422.5 34240.4
26090 33426.2 7422.5 34240.4
26091 33426.2 7422.5 34240.4
26092 33426.2 7422.5 34240.4
26093 33426.2 7422.5 34240.4
26094 33426.2 7422.5 34240.4
26095 33426.2 7422.5 34240.4
26103 33426.2 10391.6 35004.2
26104 33426.2 10391.6 35004.2
26105 33426.2 10391.6 35004.2
26106 33426.2 10391.6 35004.2
26107 33426.2 10391.6 35004.2
26108 33426.2 10391.6 35004.2
26109 33426.2 10391.6 35004.2
26138 32569.1 17814.1 37122.6
26139 32569.1 17814.1 37122.6
26140 32569.1 17814.1 37122.6
26141 32569.1 17814.1 37122.6
26142 32569.1 17814.1 37122.6
26143 32569.1 17814.1 37122.6
26144 32569.1 17814.1 37122.6
26145 33426.2 19298.6 38597.2
26146 33426.2 19298.6 38597.2
26147 33426.2 19298.6 38597.2
26148 33426.2 19298.6 38597.2
26149 33426.2 19298.6 38597.2
26150 33426.2 19298.6 38597.2
26151 33426.2 19298.6 38597.2
26159 33426.2 22267.6 40164.1
26160 33426.2 22267.6 40164.1
26161 33426.2 22267.6 40164.1
26162 33426.2 22267.6 40164.1
26163 33426.2 22267.6 40164.1
26164 33426.2 22267.6 40164.1
26165 33426.2 22267.6 40164.1
26180 32569.1 26721.2 42128.0
26181 32569.1 26721.2 42128.0
26182 32569.1 26721.2 42128.0
26183 32569.1 26721.2 42128.0
26184 32569.1 26721.2 42128.0
26185 32569.1 26721.2 42128.0
26186 32569.1 26721.2 42128.0
26187 33426.2 28205.7 43736.4
26188 33426.2 28205.7 43736.4
26189 33426.2 28205.7 43736.4
26190 33426.2 28205.7 43736.4
26191 33426.2 28205.7 43736.4
26192 33426.2 28205.7 43736.4
26193 33426.2 28205.7 43736.4
26208 32569.1 32659.2 46123.4
26209 32569.1 32659.2 46123.4
26210 32569.1 32659.2 46123.4
26211 32569.1 32659.2 46123.4
26212 32569.1 32659.2 46123.4
26213 32569.1 32659.2 46123.4
26214 32569.1 32659.2 46123.4
26215 33426.2 34143.7 47781.8
26216 33426.2 34143.7 47781.8
26217 33426.2 34143.7 47781.8
26218 33426.2 34143.7 47781.8
26219 33426.2 34143.7 47781.8
26220 33426.2 34143.7 47781.8
26221 33426.2 34143.7 47781.8
26250 32569.1 41566.2 52806.2
26251 32569.1 41566.2 52806.2
26252 32569.1 41566.2 52806.2
26253 32569.1 41566.2 52806.2
26254 32569.1 41566.2 52806.2
26255 32569.1 41566.2 52806.2
26256 32569.1 41566.2 52806.2
26257 33426.2 43050.8 54503.9
26258 33426.2 43050.8 54503.9
26259 33426.2 43050.8 54503.9
26260 33426.2 43050.8 54503.9
26261 33426.2 43050.8 54503.9
26262 33426.2 43050.8 54503.9
26263 33426.2 43050.8 54503.9
26264 32569.1 44535.3 55173.7
26265 32569.1 44535.3 55173.7
26266 32569.1 44535.3 55173.7
26267 32569.1 44535.3 55173.7
26268 32569.1 44535.3 55173.7
26269 32569.1 44535.3 55173.7
26270 32569.1 44535.3 55173.7
26271 33426.2 46019.8 56878.2
26272 33426.2 46019.8 56878.2
26273 33426.2 46019.8 56878.2
26274 33426.2 46019.8 56878.2
26275 33426.2 46019.8 56878.2
26276 33426.2 46019.8 56878.2
26277 33426.2 46019.8 56878.2
26278 32569.1 47504.3 57596.9
26279 32569.1 47504.3 57596.9
26280 32569.1 47504.3 57596.9
26281 32569.1 47504.3 57596.9
26282 32569.1 47504.3 57596.9
26283 32569.1 47504.3 57596.9
26284 32569.1 47504.3 57596.9
26292 32569.1 50473.3 60069.1
26293 32569.1 50473.3 60069.1
26294 32569.1 50473.3 60069.1
26295 32569.1 50473.3 60069.1
26296 32569.1 50473.3 60069.1
26297 32569.1 50473.3 60069.1
26298 32569.1 50473.3 60069.1
26334 35140.3 -40081.7 53304.7
26335 35140.3 -40081.7 53304.7
26336 35140.3 -40081.7 53304.7
26337 35140.3 -40081.7 53304.7
26338 35140.3 -40081.7 53304.7
26339 35140.3 -40081.7 53304.7
26340 35140.3 -40081.7 53304.7
26341 34283.3 -38597.2 51624.5
26342 34283.3 -38597.2 51624.5
26343 34283.3 -38597.2 51624.5
26344 34283.3 -38597.2 51624.5
26345 34283.3 -38597.2 51624.5
26346 34283.3 -38597.2 51624.5
26347 34283.3 -38597.2 51624.5
26348 35140.3 -37112.7 51109.7
26349 35140.3 -37112.7 51109.7
26350 35140.3 -37112.7 51109.7
26351 35140.3 -37112.7 51109.7
26352 35140.3 -37112.7 51109.7
26353 35140.3 -37112.7 51109.7
26354 35140.3 -37112.7 51109.7
26355 34283.3 -35628.2 49444.0
26356 34283.3 -35628.2 49444.0
26357 34283.3 -35628.2 49444.0
26358 34283.3 -35628.2 49444.0
26359 34283.3 -35628.2 49444.0
26360 34283.3 -35628.2 49444.0
26361 34283.3 -35628.2 49444.0
26376 35140.3 -31174.7 46975.6
26377 35140.3 -31174.7 46975.6
26378 35140.3 -31174.7 46975.6
26379 35140.3 -31174.7 46975.6
26380 35140.3 -31174.7 46975.6
26381 35140.3 -31174.7 46975.6
26382 35140.3 -31174.7 46975.6
26383 34283.3 -29690.2 45352.5
26384 34283.3 -29690.2 45352.5
26385 34283.3 -29690.2 45352.5
26386 34283.3 -29690.2 45352.5
26387 34283.3 -29690.2 45352.5
26388 34283.3 -29690.2 45352.5
26389 34283.3 -29690.2 45352.5
26404 35140.3 -25236.6 43263.5
26405 35140.3 -25236.6 43263.5
26406 35140.3 -25236.6 43263.5
26407 35140.3 -25236.6 43263.5
26408 35140.3 -25236.6 43263.5
26409 35140.3 -25236.6 43263.5
26410 35140.3 -25236.6 43263.5
26411 34283.3 -23752.1 41707.4
26412 34283.3 -23752.1 41707.4
26413 34283.3 -23752.1 41707.4
26414 34283.3 -23752.1 41707.4
26415 34283.3 -23752.1 41707.4
26416 34283.3 -23752.1 41707.4
26417 34283.3 -23752.1 41707.4
26425 34283.3 -20783.1 40090.9
26426 34283.3 -20783.1 40090.9
26427 34283.3 -20783.1 40090.9
26428 34283.3 -20783.1 40090.9
26429 34283.3 -20783.1 40090.9
26430 34283.3 -20783.1 40090.9
26431 34283.3 -20783.1 40090.9
26446 35140.3 -16329.6 38749.2
26447 35140.3 -16329.6 38749.2
26448 35140.3 -16329.6 38749.2
26449 35140.3 -16329.6 38749.2
26450 35140.3 -16329.6 38749.2
26451 35140.3 -16329.6 38749.2
26452 35140.3 -16329.6 38749.2
26453 34283.3 -14845.1 37359.3
26454 34283.3 -14845.1 37359.3
26455 34283.3 -14845.1 37359.3
26456 34283.3 -14845.1 37359.3
26457 34283.3 -14845.1 37359.3
26458 34283.3 -14845.1 37359.3
26459 34283.3 -14845.1 37359.3
26460 35140.3 -13360.6 37594.5
26461 35140.3 -13360.6 37594.5
26462 35140.3 -13360.6 37594.5
26463 35140.3 -13360.6 37594.5
26464 35140.3 -13360.6 37594.5
26465 35140.3 -13360.6 37594.5
26466 35140.3 -13360.6 37594.5
26467 34283.3 -11876.1 36282.0
26468 34283.3 -11876.1 36282.0
26469 34283.3 -11876.1 36282.0
26470 34283.3 -11876.1 36282.0
26471 34283.3 -11876.1 36282.0
26472 34283.3 -11876.1 36282.0
26473 34283.3 -11876.1 36282.0
26481 34283.3 -8907.1 35421.4
26482 34283.3 -8907.1 35421.4
26483 34283.3 -8907.1 35421.4
26484 34283.3 -8907.1 35421.4
26485 34283.3 -8907.1 35421.4
26486 34283.3 -8907.1 35421.4
26487 34283.3 -8907.1 35421.4
26495 34283.3 -5938.0 34793.7
26496 34283.3 -5938.0 34793.7
26497 34283.3 -5938.0 34793.7
26498 34283.3 -5938.0 34793.7
26499 34283.3 -5938.0 34793.7
26500 34283.3 -5938.0 34793.7
26501 34283.3 -5938.0 34793.7
26551 34283.3 5938.0 34793.7
26552 34283.3 5938.0 34793.7
26553 34283.3 5938.0 34793.7
26554 34283.3 5938.0 34793.7
26555 34283.3 5938.0 34793.7
26556 34283.3 5938.0 34793.7
26557 34283.3 5938.0 34793.7
26565 34283.3 8907.1 35421.4
26566 34283.3 8907.1 35421.4
26567 34283.3 8907.1 35421.4
26568 34283.3 8907.1 35421.4
26569 34283.3 8907.1 35421.4
26570 34283.3 8907.1 35421.4
26571 34283.3 8907.1 35421.4
26579 34283.3 11876.1 36282.0
26580 34283.3 11876.1 36282.0
26581 34283.3 11876.1 36282.0
26582 34283.3 11876.1 36282.0
26583 34283.3 11876.1 36282.0
26584 34283.3 11876.1 36282.0
26585 34283.3 11876.1 36282.0
26586 35140.3 13360.6 37594.5
26587 35140.3 13360.6 37594.5
26588 35140.3 13360.6 37594.5
26589 35140.3 13360.6 37594.5
26590 35140.3 13360.6 37594.5
26591 35140.3 13360.6 37594.5
26592 35140.3 13360.6 37594.5
26593 34283.3 14845.1 37359.3
26594 34283.3 14845.1 37359.3
26595 34283.3 14845.1 37359.3
26596 34283.3 14845.1 37359.3
26597 34283.3 14845.1 37359.3
26598 34283.3 14845.1 37359.3
26599 34283.3 14845.1 37359.3
26600 35140.3 16329.6 38749.2
26601 35140.3 16329.6 38749.2
26602 35140.3 16329.6 38749.2
26603 35140.3 16329.6 38749.2
26604 35140.3 16329.6 38749.2
26605 35140.3 16329.6 38749.2
26606 35140.3 16329.6 38749.2
26621 34283.3 20783.1 40090.9
26622 34283.3 20783.1 40090.9
26623 34283.3 20783.1 40090.9
26624 34283.3 20783.1 40090.9
26625 34283.3 20783.1 40090.9
26626 34283.3 20783.1 40090.9
26627 34283.3 20783.1 40090.9
26635 34283.3 23752.1 41707.4
26636 34283.3 23752.1 41707.4
26637 34283.3 23752.1 41707.4
26638 34283.3 23752.1 41707.4
26639 34283.3 23752.1 41707.4
26640 34283.3 23752.1 41707.4
26641 34283.3 23752.1 41707.4
26642 35140.3 25236.6 43263.5
26643 35140.3 25236.6 43263.5
26644 35140.3 25236.6 43263.5
26645 35140.3 25236.6 43263.5
26646 35140.3 25236.6 43263.5
26647 35140.3 25236.6 43263.5
26648 35140.3 25236.6 43263.5
26663 34283.3 29690.2 45352.5
26664 34283.3 29690.2 45352.5
26665 34283.3 29690.2 45352.5
26666 34283.3 29690.2 45352.5
26667 34283.3 29690.2 45352.5
26668 34283.3 29690.2 45352.5
26669 34283.3 29690.2 45352.5
26670 35140.3 31174.7 46975.6
26671 35140.3 31174.7 46975.6
26672 35140.3 31174.7 46975.6
26673 35140.3 31174.7 46975.6
26674 35140.3 31174.7 46975.6
26675 35140.3 31174.7 46975.6
26676 35140.3 31174.7 46975.6
26691 34283.3 35628.2 49444.0
26692 34283.3 35628.2 49444.0
26693 34283.3 35628.2 49444.0
26694 34283.3 35628.2 49444.0
26695 34283.3 35628.2 49444.0
26696 34283.3 35628.2 49444.0
26697 34283.3 35628.2 49444.0
26698 35140.3 37112.7 51109.7
26699 35140.3 37112.7 51109.7
26700 35140.3 37112.7 51109.7
26701 35140.3 37112.7 51109.7
26702 35140.3 37112.7 51109.7
26703 35140.3 37112.7 51109.7
26704 35140.3 37112.7 51109.7
26705 34283.3 38597.2 51624.5
26706 34283.3 38597.2 51624.5
26707 34283.3 38597.2 51624.5
26708 34283.3 38597.2 51624.5
26709 34283.3 38597.2 51624.5
26710 34283.3 38597.2 51624.5
26711 34283.3 38597.2 51624.5
26712 35140.3 40081.7 53304.7
26713 35140.3 40081.7 53304.7
26714 35140.3 40081.7 53304.7
26715 35140.3 40081.7 53304.7
26716 35140.3 40081.7 53304.7
26717 35140.3 40081.7 53304.7
26718 35140.3 40081.7 53304.7
26754 35997.4 -47504.3 59602.6
26755 35997.4 -47504.3 59602.6
26756 35997.4 -47504.3 59602.6
26757 35997.4 -47504.3 59602.6
26758 35997.4 -47504.3 59602.6
26759 35997.4 -47504.3 59602.6
26760 35997.4 -47504.3 59602.6
26761 36854.5 -46019.8 58958.2
26762 36854.5 -46019.8 58958.2
26763 36854.5 -46019.8 58958.2
26764 36854.5 -46019.8 58958.2
26765 36854.5 -46019.8 58958.2
26766 36854.5 -46019.8 58958.2
26767 36854.5 -46019.8 58958.2
26768 35997.4 -44535.3 57264.3
26769 35997.4 -44535.3 57264.3
26770 35997.4 -44535.3 57264.3
26771 35997.4 -44535.3 57264.3
26772 35997.4 -44535.3 57264.3
26773 35997.4 -44535.3 57264.3
26774 35997.4 -44535.3 57264.3
26775 36854.5 -43050.8 56671.2
26776 36854.5 -43050.8 56671.2
26777 36854.5 -43050.8 56671.2
26778 36854.5 -43050.8 56671.2
26779 36854.5 -43050.8 56671.2
26780 36854.5 -43050.8 56671.2
26781 36854.5 -43050.8 56671.2
26782 35997.4 -41566.2 54987.0
26783 35997.4 -41566.2 54987.0
26784 35997.4 -41566.2 54987.0
26785 35997.4 -41566.2 54987.0
26786 35997.4 -41566.2 54987.0
26787 35997.4 -41566.2 54987.0
26788 35997.4 -41566.2 54987.0
26817 36854.5 -34143.7 50239.9
26818 36854.5 -34143.7 50239.9
26819 36854.5 -34143.7 50239.9
26820 36854.5 -34143.7 50239.9
26821 36854.5 -34143.7 50239.9
26822 36854.5 -34143.7 50239.9
26823 36854.5 -34143.7 50239.9
26824 35997.4 -32659.2 48604.9
26825 35997.4 -32659.2 48604.9
26826 35997.4 -32659.2 48604.9
26827 35997.4 -32659.2 48604.9
26828 35997.4 -32659.2 48604.9
26829 35997.4 -32659.2 48604.9
26830 35997.4 -32659.2 48604.9
26845 36854.5 -28205.7 46409.2
26846 36854.5 -28205.7 46409.2
26847 36854.5 -28205.7 46409.2
26848 36854.5 -28205.7 46409.2
26849 36854.5 -28205.7 46409.2
26850 36854.5 -28205.7 46409.2
26851 36854.5 -28205.7 46409.2
26852 35997.4 -26721.2 44831.2
26853 35997.4 -26721.2 44831.2
26854 35997.4 -26721.2 44831.2
26855 35997.4 -26721.2 44831.2
26856 35997.4 -26721.2 44831.2
26857 35997.4 -26721.2 44831.2
26858 35997.4 -26721.2 44831.2
26873 36854.5 -22267.6 43059.3
26874 36854.5 -22267.6 43059.3
26875 36854.5 -22267.6 43059.3
26876 36854.5 -22267.6 43059.3
26877 36854.5 -22267.6 43059.3
26878 36854.5 -22267.6 43059.3
26879 36854.5 -22267.6 43059.3
26887 36854.5 -19298.6 41601.6
26888 36854.5 -19298.6 41601.6
26889 36854.5 -19298.6 41601.6
26890 36854.5 -19298.6 41601.6
26891 36854.5 -19298.6 41601.6
26892 36854.5 -19298.6 41601.6
26893 36854.5 -19298.6 41601.6
26894 35997.4 -17814.1 40164.1
26895 35997.4 -17814.1 40164.1
26896 35997.4 -17814.1 40164.1
26897 35997.4 -17814.1 40164.1
26898 35997.4 -17814.1 40164.1
26899 35997.4 -17814.1 40164.1
26900 35997.4 -17814.1 40164.1
26929 36854.5 -10391.6 38291.5
26930 36854.5 -10391.6 38291.5
26931 36854.5 -10391.6 38291.5
26932 36854.5 -10391.6 38291.5
26933 36854.5 -10391.6 38291.5
26934 36854.5 -10391.6 38291.5
26935 36854.5 -10391.6 38291.5
26943 36854.5 -7422.5 37594.5
26944 36854.5 -7422.5 37594.5
26945 36854.5 -7422.5 37594.5
26946 36854.5 -7422.5 37594.5
26947 36854.5 -7422.5 37594.5
26948 36854.5 -7422.5 37594.5
26949 36854.5 -7422.5 37594.5
26957 36854.5 -4453.5 37122.6
26958 36854.5 -4453.5 37122.6
26959 36854.5 -4453.5 37122.6
26960 36854.5 -4453.5 37122.6
26961 36854.5 -4453.5 37122.6
26962 36854.5 -4453.5 37122.6
26963 36854.5 -4453.5 37122.6
26964 35997.4 -2969.0 36119.7
26965 35997.4 -2969.0 36119.7
26966 35997.4 -2969.0 36119.7
26967 35997.4 -2969.0 36119.7
26968 35997.4 -2969.0 36119.7
26969 35997.4 -2969.0 36119.7
26970 35997.4 -2969.0 36119.7
26971 36854.5 -1484.5 36884.4
26972 36854.5 -1484.5 36884.4
26973 36854.5 -1484.5 36884.4
26974 36854.5 -1484.5 36884.4
26975 36854.5 -1484.5 36884.4
26976 36854.5 -1484.5 36884.4
26977 36854.5 -1484.5 36884.4
26978 35997.4 0.0 35997.4
26979 35997.4 0.0 35997.4
26980 35997.4 0.0 35997.4
26981 35997.4 0.0 35997.4
26982 35997.4 0.0 35997.4
26983 35997.4 0.0 35997.4
26984 35997.4 0.0 35997.4
26985 36854.5 1484.5 36884.4
26986 36854.5 1484.5 36884.4
26987 36854.5 1484.5 36884.4
26988 36854.5 1484.5 36884.4
26989 36854.5 1484.5 36884.4
26990 36854.5 1484.5 36884.4
26991 36854.5 1484.5 36884.4
26992 35997.4 2969.0 36119.7
26993 35997.4 2969.0 36119.7
26994 35997.4 2969.0 36119.7
26995 35997.4 2969.0 36119.7
26996 35997.4 2969.0 36119.7
26997 35997.4 2969.0 36119.7
26998 35997.4 2969.0 36119.7
26999 36854.5 4453.5 37122.6
27000 36854.5 4453.5 37122.6
27001 36854.5 4453.5 37122.6
27002 36854.5 4453.5 37122.6
27003 36854.5 4453.5 37122.6
27004 36854.5 4453.5 37122.6
27005 36854.5 4453.5 37122.6
27013 36854.5 7422.5 37594.5
27014 36854.5 7422.5 37594.5
27015 36854.5 7422.5 37594.5
27016 36854.5 7422.5 37594.5
27017 36854.5 7422.5 37594.5
27018 36854.5 7422.5 37594.5
27019 36854.5 7422.5 37594.5
27027 36854.5 10391.6 38291.5
27028 36854.5 10391.6 38291.5
27029 36854.5 10391.6 38291.5
27030 36854.5 10391.6 38291.5
27031 36854.5 10391.6 38291.5
27032 36854.5 10391.6 38291.5
27033 36854.5 10391.6 38291.5
27062 35997.4 17814.1 40164.1
27063 35997.4 17814.1 40164.1
27064 35997.4 17814.1 40164.1
27065 35997.4 17814.1 40164.1
27066 35997.4 17814.1 40164.1
27067 35997.4 17814.1 40164.1
27068 35997.4 17814.1 40164.1
27069 36854.5 19298.6 41601.6
27070 36854.5 19298.6 41601.6
27071 36854.5 19298.6 41601.6
27072 36854.5 19298.6 41601.6
27073 36854.5 19298.6 41601.6
27074 36854.5 19298.6 41601.6
27075 36854.5 19298.6 41601.6
27083 36854.5 22267.6 43059.3
27084 36854.5 22267.6 43059.3
27085 36854.5 22267.6 43059.3
27086 36854.5 22267.6 43059.3
27087 36854.5 22267.6 43059.3
27088 36854.5 22267.6 43059.3
27089 36854.5 22267.6 43059.3
27104 35997.4 26721.2 44831.2
27105 35997.4 26721.2 44831.2
27106 35997.4 26721.2 44831.2
27107 35997.4 26721.2 44831.2
27108 35997.4 26721.2 44831.2
27109 35997.4 26721.2 44831.2
27110 35997.4 26721.2 44831.2
27111 36854.5 28205.7 46409.2
27112 36854.5 28205.7 46409.2
27113 36854.5 28205.7 46409.2
27114 36854.5 28205.7 46409.2
27115 36854.5 28205.7 46409.2
27116 36854.5 28205.7 46409.2
27117 36854.5 28205.7 46409.2
27132 35997.4 32659.2 48604.9
27133 35997.4 32659.2 48604.9
27134 35997.4 32659.2 48604.9
27135 35997.4 32659.2 48604.9
27136 35997.4 32659.2 48604.9
27137 35997.4 32659.2 48604.9
27138 35997.4 32659.2 48604.9
27139 36854.5 34143.7 50239.9
27140 36854.5 34143.7 50239.9
27141 36854.5 34143.7 50239.9
27142 36854.5 34143.7 50239.9
27143 36854.5 34143.7 50239.9
27144 36854.5 34143.7 50239.9
27145 36854.5 34143.7 50239.9
27174 35997.4 41566.2 54987.0
27175 35997.4 41566.2 54987.0
27176 35997.4 41566.2 54987.0
27177 35997.4 41566.2 54987.0
27178 35997.4 41566.2 54987.0
27179 35997.4 41566.2 54987.0
27180 35997.4 41566.2 54987.0
27181 36854.5 43050.8 56671.2
27182 36854.5 43050.8 56671.2
27183 36854.5 43050.8 56671.2
27184 36854.5 43050.8 56671.2
27185 36854.5 43050.8 56671.2
27186 36854.5 43050.8 56671.2
27187 36854.5 43050.8 56671.2
27188 35997.4 44535.3 57264.3
27189 35997.4 44535.3 57264.3
27190 35997.4 44535.3 57264.3
27191 35997.4 44535.3 57264.3
27192 35997.4 44535.3 57264.3
27193 35997.4 44535.3 57264.3
27194 35997.4 44535.3 57264.3
27195 36854.5 46019.8 58958.2
27196 36854.5 46019.8 58958.2
27197 36854.5 46019.8 58958.2
27198 36854.5 46019.8 58958.2
27199 36854.5 46019.8 58958.2
27200 36854.5 46019.8 58958.2
27201 36854.5 46019.8 58958.2
27202 35997.4 47504.3 59602.6
27203 35997.4 47504.3 59602.6
27204 35997.4 47504.3 59602.6
27205 35997.4 47504.3 59602.6
27206 35997.4 47504.3 59602.6
27207 35997.4 47504.3 59602.6
27208 35997.4 47504.3 59602.6
27237 38568.7 -40081.7 55624.5
27238 38568.7 -40081.7 55624.5
27239 38568.7 -40081.7 55624.5
27240 38568.7 -40081.7 55624.5
27241 38568.7 -40081.7 55624.5
27242 38568.7 -40081.7 55624.5
27243 38568.7 -40081.7 55624.5
27244 37711.6 -38597.2 53962.1
27245 37711.6 -38597.2 53962.1
27246 37711.6 -38597.2 53962.1
27247 37711.6 -38597.2 53962.1
27248 37711.6 -38597.2 53962.1
27249 37711.6 -38597.2 53962.1
27250 37711.6 -38597.2 53962.1
27251 38568.7 -37112.7 53524.7
27252 38568.7 -37112.7 53524.7
27253 38568.7 -37112.7 53524.7
27254 38568.7 -37112.7 53524.7
27255 38568.7 -37112.7 53524.7
27256 38568.7 -37112.7 53524.7
27257 38568.7 -37112.7 53524.7
27258 37711.6 -35628.2 51880.0
27259 37711.6 -35628.2 51880.0
27260 37711.6 -35628.2 51880.0
27261 37711.6 -35628.2 51880.0
27262 37711.6 -35628.2 51880.0
27263 37711.6 -35628.2 51880.0
27264 37711.6 -35628.2 51880.0
27279 38568.7 -31174.7 49592.4
27280 38568.7 -31174.7 49592.4
27281 38568.7 -31174.7 49592.4
27282 38568.7 -31174.7 49592.4
27283 38568.7 -31174.7 49592.4
27284 38568.7 -31174.7 49592.4
27285 38568.7 -31174.7 49592.4
27286 37711.6 -29690.2 47996.6
27287 37711.6 -29690.2 47996.6
27288 37711.6 -29690.2 47996.6
27289 37711.6 -29690.2 47996.6
27290 37711.6 -29690.2 47996.6
27291 37711.6 -29690.2 47996.6
27292 37711.6 -29690.2 47996.6
27307 38568.7 -25236.6 46091.5
27308 38568.7 -25236.6 46091.5
27309 38568.7 -25236.6 46091.5
27310 38568.7 -25236.6 46091.5
27311 38568.7 -25236.6 46091.5
27312 38568.7 -25236.6 46091.5
27313 38568.7 -25236.6 46091.5
27314 37711.6 -23752.1 44568.2
27315 37711.6 -23752.1 44568.2
27316 37711.6 -23752.1 44568.2
27317 37711.6 -23752.1 44568.2
27318 37711.6 -23752.1 44568.2
27319 37711.6 -23752.1 44568.2
27320 37711.6 -23752.1 44568.2
27328 37711.6 -20783.1 43059.3
27329 37711.6 -20783.1 43059.3
27330 37711.6 -20783.1 43059.3
27331 37711.6 -20783.1 43059.3
27332 37711.6 -20783.1 43059.3
27333 37711.6 -20783.1 43059.3
27334 37711.6 -20783.1 43059.3
27349 38568.7 -16329.6 41883.1
27350 38568.7 -16329.6 41883.1
27351 38568.7 -16329.6 41883.1
27352 38568.7 -16329.6 41883.1
27353 38568.7 -16329.6 41883.1
27354 38568.7 -16329.6 41883.1
27355 38568.7 -16329.6 41883.1
27356 37711.6 -14845.1 40528.3
27357 37711.6 -14845.1 40528.3
27358 37711.6 -14845.1 40528.3
27359 37711.6 -14845.1 40528.3
27360 37711.6 -14845.1 40528.3
27361 37711.6 -14845.1 40528.3
27362 37711.6 -14845.1 40528.3
27363 38568.7 -13360.6 40817.2
27364 38568.7 -13360.6 40817.2
27365 38568.7 -13360.6 40817.2
27366 38568.7 -13360.6 40817.2
27367 38568.7 -13360.6 40817.2
27368 38568.7 -13360.6 40817.2
27369 38568.7 -13360.6 40817.2
27370 37711.6 -11876.1 39537.4
27371 37711.6 -11876.1 39537.4
27372 37711.6 -11876.1 39537.4
27373 37711.6 -11876.1 39537.4
27374 37711.6 -11876.1 39537.4
27375 37711.6 -11876.1 39537.4
27376 37711.6 -11876.1 39537.4
27384 37711.6 -8907.1 38749.2
27385 37711.6 -8907.1 38749.2
27386 37711.6 -8907.1 38749.2
27387 37711.6 -8907.1 38749.2
27388 37711.6 -8907.1 38749.2
27389 37711.6 -8907.1 38749.2
27390 37711.6 -8907.1 38749.2
27398 37711.6 -5938.0 38176.2
27399 37711.6 -5938.0 38176.2
27400 37711.6 -5938.0 38176.2
27401 37711.6 -5938.0 38176.2
27402 37711.6 -5938.0 38176.2
27403 37711.6 -5938.0 38176.2
27404 37711.6 -5938.0 38176.2
27454 37711.6 5938.0 38176.2
27455 37711.6 5938.0 38176.2
27456 37711.6 5938.0 38176.2
27457 37711.6 5938.0 38176.2
27458 37711.6 5938.0 38176.2
27459 37711.6 5938.0 38176.2
27460 37711.6 5938.0 38176.2
27468 37711.6 8907.1 38749.2
27469 37711.6 8907.1 38749.2
27470 37711.6 8907.1 38749.2
27471 37711.6 8907.1 38749.2
27472 37711.6 8907.1 38749.2
27473 37711.6 8907.1 38749.2
27474 37711.6 8907.1 38749.2
27482 37711.6 11876.1 39537.4
27483 37711.6 11876.1 39537.4
27484 37711.6 11876.1 39537.4
27485 37711.6 11876.1 39537.4
27486 37711.6 11876.1 39537.4
27487 37711.6 11876.1 39537.4
27488 37711.6 11876.1 39537.4
27489 38568.7 13360.6 40817.2
27490 38568.7 13360.6 40817.2
27491 38568.7 13360.6 40817.2
27492 38568.7 13360.6 40817.2
27493 38568.7 13360.6 40817.2
27494 38568.7 13360.6 40817.2
27495 38568.7 13360.6 40817.2
27496 37711.6 14845.1 40528.3
27497 37711.6 14845.1 40528.3
27498 37711.6 14845.1 40528.3
27499 37711.6 14845.1 40528.3
27500 37711.6 14845.1 40528.3
27501 37711.6 14845.1 40528.3
27502 37711.6 14845.1 40528.3
27503 38568.7 16329.6 41883.1
27504 38568.7 16329.6 41883.1
27505 38568.7 16329.6 41883.1
27506 38568.7 16329.6 41883.1
27507 38568.7 16329.6 41883.1
27508 38568.7 16329.6 41883.1
27509 38568.7 16329.6 41883.1
27524 37711.6 20783.1 43059.3
27525 37711.6 20783.1 43059.3
27526 37711.6 20783.1 43059.3
27527 37711.6 20783.1 43059.3
27528 37711.6 20783.1 43059.3
27529 37711.6 20783.1 43059.3
27530 37711.6 20783.1 43059.3
27538 37711.6 23752.1 44568.2
27539 37711.6 23752.1 44568.2
27540 37711.6 23752.1 44568.2
27541 37711.6 23752.1 44568.2
27542 37711.6 23752.1 44568.2
27543 37711.6 23752.1 44568.2
27544 37711.6 23752.1 44568.2
27545 38568.7 25236.6 46091.5
27546 38568.7 25236.6 46091.5
27547 38568.7 25236.6 46091.5
27548 38568.7 25236.6 46091.5
27549 38568.7 25236.6 46091.5
27550 38568.7 25236.6 46091.5
27551 38568.7 25236.6 46091.5
27566 37711.6 29690.2 47996.6
27567 37711.6 29690.2 47996.6
27568 37711.6 29690.2 47996.6
27569 37711.6 29690.2 47996.6
27570 37711.6 29690.2 47996.6
27571 37711.6 29690.2 47996.6
27572 37711.6 29690.2 47996.6
27573 38568.7 31174.7 49592.4
27574 38568.7 31174.7 49592.4
27575 38568.7 31174.7 49592.4
27576 38568.7 31174.7 49592.4
27577 38568.7 31174.7 49592.4
27578 38568.7 31174.7 49592.4
27579 38568.7 31174.7 49592.4
27594 37711.6 35628.2 51880.0
27595 37711.6 35628.2 51880.0
27596 37711.6 35628.2 51880.0
27597 37711.6 35628.2 51880.0
27598 37711.6 35628.2 51880.0
27599 37711.6 35628.2 51880.0
27600 37711.6 35628.2 51880.0
27601 38568.7 37112.7 53524.7
27602 38568.7 37112.7 53524.7
27603 38568.7 37112.7 53524.7
27604 38568.7 37112.7 53524.7
27605 38568.7 37112.7 53524.7
27606 38568.7 37112.7 53524.7
27607 38568.7 37112.7 53524.7
27608 37711.6 38597.2 53962.1
27609 37711.6 38597.2 53962.1
27610 37711.6 38597.2 53962.1
27611 37711.6 38597.2 53962.1
27612 37711.6 38597.2 53962.1
27613 37711.6 38597.2 53962.1
27614 37711.6 38597.2 53962.1
27615 38568.7 40081.7 55624.5
27616 38568.7 40081.7 55624.5
27617 38568.7 40081.7 55624.5
27618 38568.7 40081.7 55624.5
27619 38568.7 40081.7 55624.5
27620 38568.7 40081.7 55624.5
27621 38568.7 40081.7 55624.5
27650 39425.8 -44535.3 59479.2
27651 39425.8 -44535.3 59479.2
27652 39425.8 -44535.3 59479.2
27653 39425.8 -44535.3 59479.2
27654 39425.8 -44535.3 59479.2
27655 39425.8 -44535.3 59479.2
27656 39425.8 -44535.3 59479.2
27657 40282.8 -43050.8 58958.2
27658 40282.8 -43050.8 58958.2
27659 40282.8 -43050.8 58958.2
27660 40282.8 -43050.8 58958.2
27661 40282.8 -43050.8 58958.2
27662 40282.8 -43050.8 58958.2
27663 40282.8 -43050.8 58958.2
27664 39425.8 -41566.2 57290.0
27665 39425.8 -41566.2 57290.0
27666 39425.8 -41566.2 57290.0
27667 39425.8 -41566.2 57290.0
27668 39425.8 -41566.2 57290.0
27669 39425.8 -41566.2 57290.0
27670 39425.8 -41566.2 57290.0
27699 40282.8 -34143.7 52806.2
27700 40282.8 -34143.7 52806.2
27701 40282.8 -34143.7 52806.2
27702 40282.8 -34143.7 52806.2
27703 40282.8 -34143.7 52806.2
27704 40282.8 -34143.7 52806.2
27705 40282.8 -34143.7 52806.2
27706 39425.8 -32659.2 51195.8
27707 39425.8 -32659.2 51195.8
27708 39425.8 -32659.2 51195.8
27709 39425.8 -32659.2 51195.8
27710 39425.8 -32659.2 51195.8
27711 39425.8 -32659.2 51195.8
27712 39425.8 -32659.2 51195.8
27727 40282.8 -28205.7 49175.9
27728 40282.8 -28205.7 49175.9
27729 40282.8 -28205.7 49175.9
27730 40282.8 -28205.7 49175.9
27731 40282.8 -28205.7 49175.9
27732 40282.8 -28205.7 49175.9
27733 40282.8 -28205.7 49175.9
27734 39425.8 -26721.2 47627.8
27735 39425.8 -26721.2 47627.8
27736 39425.8 -26721.2 47627.8
27737 39425.8 -26721.2 47627.8
27738 39425.8 -26721.2 47627.8
27739 39425.8 -26721.2 47627.8
27740 39425.8 -26721.2 47627.8
27755 40282.8 -22267.6 46027.8
27756 40282.8 -22267.6 46027.8
27757 40282.8 -22267.6 46027.8
27758 40282.8 -22267.6 46027.8
27759 40282.8 -22267.6 46027.8
27760 40282.8 -22267.6 46027.8
27761 40282.8 -22267.6 46027.8
27769 40282.8 -19298.6 44667.0
27770 40282.8 -19298.6 44667.0
27771 40282.8 -19298.6 44667.0
27772 40282.8 -19298.6 44667.0
27773 40282.8 -19298.6 44667.0
27774 40282.8 -19298.6 44667.0
27775 40282.8 -19298.6 44667.0
27776 39425.8 -17814.1 43263.5
27777 39425.8 -17814.1 43263.5
27778 39425.8 -17814.1 43263.5
27779 39425.8 -17814.1 43263.5
27780 39425.8 -17814.1 43263.5
27781 39425.8 -17814.1 43263.5
27782 39425.8 -17814.1 43263.5
27811 40282.8 -10391.6 41601.6
27812 40282.8 -10391.6 41601.6
27813 40282.8 -10391.6 41601.6
27814 40282.8 -10391.6 41601.6
27815 40282.8 -10391.6 41601.6
27816 40282.8 -10391.6 41601.6
27817 40282.8 -10391.6 41601.6
27825 40282.8 -7422.5 40961.0
27826 40282.8 -7422.5 40961.0
27827 40282.8 -7422.5 40961.0
27828 40282.8 -7422.5 40961.0
27829 40282.8 -7422.5 40961.0
27830 40282.8 -7422.5 40961.0
27831 40282.8 -7422.5 40961.0
27839 40282.8 -4453.5 40528.3
27840 40282.8 -4453.5 40528.3
27841 40282.8 -4453.5 40528.3
27842 40282.8 -4453.5 40528.3
27843 40282.8 -4453.5 40528.3
27844 40282.8 -4453.5 40528.3
27845 40282.8 -4453.5 40528.3
27846 39425.8 -2969.0 39537.4
27847 39425.8 -2969.0 39537.4
27848 39425.8 -2969.0 39537.4
27849 39425.8 -2969.0 39537.4
27850 39425.8 -2969.0 39537.4
27851 39425.8 -2969.0 39537.4
27852 39425.8 -2969.0 39537.4
27853 40282.8 -1484.5 40310.2
27854 40282.8 -1484.5 40310.2
27855 40282.8 -1484.5 40310.2
27856 40282.8 -1484.5 40310.2
27857 40282.8 -1484.5 40310.2
27858 40282.8 -1484.5 40310.2
27859 40282.8 -1484.5 40310.2
27860 39425.8 0.0 39425.8
27861 39425.8 0.0 39425.8
27862 39425.8 0.0 39425.8
27863 39425.8 0.0 39425.8
27864 39425.8 0.0 39425.8
27865 39425.8 0.0 39425.8
27866 39425.8 0.0 39425.8
27867 40282.8 1484.5 40310.2
27868 40282.8 1484.5 40310.2
27869 40282.8 1484.5 40310.2
27870 40282.8 1484.5 40310.2
27871 40282.8 1484.5 40310.2
27872 40282.8 1484.5 40310.2
27873 40282.8 1484.5 40310.2
27874 39425.8 2969.0 39537.4
27875 39425.8 2969.0 39537.4
27876 39425.8 2969.0 39537.4
27877 39425.8 2969.0 39537.4
27878 39425.8 2969.0 39537.4
27879 39425.8 2969.0 39537.4
27880 39425.8 2969.0 39537.4
27881 40282.8 4453.5 40528.3
27882 40282.8 4453.5 40528.3
27883 40282.8 4453.5 40528.3
27884 40282.8 4453.5 40528.3
27885 40282.8 4453.5 40528.3
27886 40282.8 4453.5 40528.3
27887 40282.8 4453.5 40528.3
27895 40282.8 7422.5 40961.0
27896 40282.8 7422.5 40961.0
27897 40282.8 7422.5 40961.0
27898 40282.8 7422.5 40961.0
27899 40282.8 7422.5 40961.0
27900 40282.8 7422.5 40961.0
27901 40282.8 7422.5 40961.0
27909 40282.8 10391.6 41601.6
27910 40282.8 10391.6 41601.6
27911 40282.8 10391.6 41601.6
27912 40282.8 10391.6 41601.6
27913 40282.8 10391.6 41601.6
27914 40282.8 10391.6 41601.6
27915 40282.8 10391.6 41601.6
27944 39425.8 17814.1 43263.5
27945 39425.8 17814.1 43263.5
27946 39425.8 17814.1 43263.5
27947 39425.8 17814.1 43263.5
27948 39425.8 17814.1 43263.5
27949 39425.8 17814.1 43263.5
27950 39425.8 17814.1 43263.5
27951 40282.8 19298.6 44667.0
27952 40282.8 19298.6 44667.0
27953 40282.8 19298.6 44667.0
27954 40282.8 19298.6 44667.0
27955 40282.8 19298.6 44667.0
27956 40282.8 19298.6 44667.0
27957 40282.8 19298.6 44667.0
27965 40282.8 22267.6 46027.8
27966 40282.8 22267.6 46027.8
27967 40282.8 22267.6 46027.8
27968 40282.8 22267.6 46027.8
27969 40282.8 22267.6 46027.8
27970 40282.8 22267.6 46027.8
27971 40282.8 22267.6 46027.8
27986 39425.8 26721.2 47627.8
27987 39425.8 26721.2 47627.8
27988 39425.8 26721.2 47627.8
27989 39425.8 26721.2 47627.8
27990 39425.8 26721.2 47627.8
27991 39425.8 26721.2 47627.8
27992 39425.8 26721.2 47627.8
27993 40282.8 28205.7 49175.9
27994 40282.8 28205.7 49175.9
27995 40282.8 28205.7 49175.9
27996 40282.8 28205.7 49175.9
27997 40282.8 28205.7 49175.9
27998 40282.8 28205.7 49175.9
27999 40282.8 28205.7 49175.9
28014 39425.8 32659.2 51195.8
28015 39425.8 32659.2 51195.8
28016 39425.8 32659.2 51195.8
28017 39425.8 32659.2 51195.8
28018 39425.8 32659.2 51195.8
28019 39425.8 32659.2 51195.8
28020 39425.8 32659.2 51195.8
28021 40282.8 34143.7 52806.2
28022 40282.8 34143.7 52806.2
28023 40282.8 34143.7 52806.2
28024 40282.8 34143.7 52806.2
28025 40282.8 34143.7 52806.2
28026 40282.8 34143.7 52806.2
28027 40282.8 34143.7 52806.2
28056 39425.8 41566.2 57290.0
28057 39425.8 41566.2 57290.0
28058 39425.8 41566.2 57290.0
28059 39425.8 41566.2 57290.0
28060 39425.8 41566.2 57290.0
28061 39425.8 41566.2 57290.0
28062 39425.8 41566.2 57290.0
28063 40282.8 43050.8 58958.2
28064 40282.8 43050.8 58958.2
28065 40282.8 43050.8 58958.2
28066 40282.8 43050.8 58958.2
28067 40282.8 43050.8 58958.2
28068 40282.8 43050.8 58958.2
28069 40282.8 43050.8 58958.2
28070 39425.8 44535.3 59479.2
28071 39425.8 44535.3 59479.2
28072 39425.8 44535.3 59479.2
28073 39425.8 44535.3 59479.2
28074 39425.8 44535.3 59479.2
28075 39425.8 44535.3 59479.2
28076 39425.8 44535.3 59479.2
28091 41997.0 -40081.7 58054.2
28092 41997.0 -40081.7 58054.2
28093 41997.0 -40081.7 58054.2
28094 41997.0 -40081.7 58054.2
28095 41997.0 -40081.7 58054.2
28096 41997.0 -40081.7 58054.2
28097 41997.0 -40081.7 58054.2
28098 41139.9 -38597.2 56411.3
28099 41139.9 -38597.2 56411.3
28100 41139.9 -38597.2 56411.3
28101 41139.9 -38597.2 56411.3
28102 41139.9 -38597.2 56411.3
28103 41139.9 -38597.2 56411.3
28104 41139.9 -38597.2 56411.3
28105 41997.0 -37112.7 56045.5
28106 41997.0 -37112.7 56045.5
28107 41997.0 -37112.7 56045.5
28108 41997.0 -37112.7 56045.5
28109 41997.0 -37112.7 56045.5
28110 41997.0 -37112.7 56045.5
28111 41997.0 -37112.7 56045.5
28112 41139.9 -35628.2 54423.0
28113 41139.9 -35628.2 54423.0
28114 41139.9 -35628.2 54423.0
28115 41139.9 -35628.2 54423.0
28116 41139.9 -35628.2 54423.0
28117 41139.9 -35628.2 54423.0
28118 41139.9 -35628.2 54423.0
28133 41997.0 -31174.7 52303.0
28134 41997.0 -31174.7 52303.0
28135 41997.0 -31174.7 52303.0
28136 41997.0 -31174.7 52303.0
28137 41997.0 -31174.7 52303.0
28138 41997.0 -31174.7 52303.0
28139 41997.0 -31174.7 52303.0
28140 41139.9 -29690.2 50734.6
28141 41139.9 -29690.2 50734.6
28142 41139.9 -29690.2 50734.6
28143 41139.9 -29690.2 50734.6
28144 41139.9 -29690.2 50734.6
28145 41139.9 -29690.2 50734.6
28146 41139.9 -29690.2 50734.6
28161 41997.0 -25236.6 48996.3
28162 41997.0 -25236.6 48996.3
28163 41997.0 -25236.6 48996.3
28164 41997.0 -25236.6 48996.3
28165 41997.0 -25236.6 48996.3
28166 41997.0 -25236.6 48996.3
28167 41997.0 -25236.6 48996.3
28168 41139.9 -23752.1 47504.3
28169 41139.9 -23752.1 47504.3
28170 41139.9 -23752.1 47504.3
28171 41139.9 -23752.1 47504.3
28172 41139.9 -23752.1 47504.3
28173 41139.9 -23752.1 47504.3
28174 41139.9 -23752.1 47504.3
28182 41139.9 -20783.1 46091.5
28183 41139.9 -20783.1 46091.5
28184 41139.9 -20783.1 46091.5
28185 41139.9 -20783.1 46091.5
28186 41139.9 -20783.1 46091.5
28187 41139.9 -20783.1 46091.5
28188 41139.9 -20783.1 46091.5
28203 41997.0 -16329.6 45060.0
28204 41997.0 -16329.6 45060.0
28205 41997.0 -16329.6 45060.0
28206 41997.0 -16329.6 45060.0
28207 41997.0 -16329.6 45060.0
28208 41997.0 -16329.6 45060.0
28209 41997.0 -16329.6 45060.0
28210 41139.9 -14845.1 43736.4
28211 41139.9 -14845.1 43736.4
28212 41139.9 -14845.1 43736.4
28213 41139.9 -14845.1 43736.4
28214 41139.9 -14845.1 43736.4
28215 41139.9 -14845.1 43736.4
28216 41139.9 -14845.1 43736.4
28217 41997.0 -13360.6 44071.0
28218 41997.0 -13360.6 44071.0
28219 41997.0 -13360.6 44071.0
28220 41997.0 -13360.6 44071.0
28221 41997.0 -13360.6 44071.0
28222 41997.0 -13360.6 44071.0
28223 41997.0 -13360.6 44071.0
28224 41139.9 -11876.1 42819.8
28225 41139.9 -11876.1 42819.8
28226 41139.9 -11876.1 42819.8
28227 41139.9 -11876.1 42819.8
28228 41139.9 -11876.1 42819.8
28229 41139.9 -11876.1 42819.8
28230 41139.9 -11876.1 42819.8
28238 41139.9 -8907.1 42093.1
28239 41139.9 -8907.1 42093.1
28240 41139.9 -8907.1 42093.1
28241 41139.9 -8907.1 42093.1
28242 41139.9 -8907.1 42093.1
28243 41139.9 -8907.1 42093.1
28244 41139.9 -8907.1 42093.1
28252 41139.9 -5938.0 41566.2
28253 41139.9 -5938.0 41566.2
28254 41139.9 -5938.0 41566.2
28255 41139.9 -5938.0 41566.2
28256 41139.9 -5938.0 41566.2
28257 41139.9 -5938.0 41566.2
28258 41139.9 -5938.0 41566.2
28308 41139.9 5938.0 41566.2
28309 41139.9 5938.0 41566.2
28310 41139.9 5938.0 41566.2
28311 41139.9 5938.0 41566.2
28312 41139.9 5938.0 41566.2
28313 41139.9 5938.0 41566.2
28314 41139.9 5938.0 41566.2
28322 41139.9 8907.1 42093.1
28323 41139.9 8907.1 42093.1
28324 41139.9 8907.1 42093.1
28325 41139.9 8907.1 42093.1
28326 41139.9 8907.1 42093.1
28327 41139.9 8907.1 42093.1
28328 41139.9 8907.1 42093.1
28336 41139.9 11876.1 42819.8
28337 41139.9 11876.1 42819.8
28338 41139.9 11876.1 42819.8
28339 41139.9 11876.1 42819.8
28340 41139.9 11876.1 42819.8
28341 41139.9 11876.1 42819.8
28342 41139.9 11876.1 42819.8
28343 41997.0 13360.6 44071.0
28344 41997.0 13360.6 44071.0
28345 41997.0 13360.6 44071.0
28346 41997.0 13360.6 44071.0
28347 41997.0 13360.6 44071.0
28348 41997.0 13360.6 44071.0
28349 41997.0 13360.6 44071.0
28350 41139.9 14845.1 43736.4
28351 41139.9 14845.1 43736.4
28352 41139.9 14845.1 43736.4
28353 41139.9 14845.1 43736.4
28354 41139.9 14845.1 43736.4
28355 41139.9 14845.1 43736.4
28356 41139.9 14845.1 43736.4
28357 41997.0 16329.6 45060.0
28358 41997.0 16329.6 45060.0
28359 41997.0 16329.6 45060.0
28360 41997.0 16329.6 45060.0
28361 41997.0 16329.6 45060.0
28362 41997.0 16329.6 45060.0
28363 41997.0 16329.6 45060.0
28378 41139.9 20783.1 46091.5
28379 41139.9 20783.1 46091.5
28380 41139.9 20783.1 46091.5
28381 41139.9 20783.1 46091.5
28382 41139.9 20783.1 46091.5
28383 41139.9 20783.1 46091.5
28384 41139.9 20783.1 46091.5
28392 41139.9 23752.1 47504.3
28393 41139.9 23752.1 47504.3
28394 41139.9 23752.1 47504.3
28395 41139.9 23752.1 47504.3
28396 41139.9 23752.1 47504.3
28397 41139.9 23752.1 47504.3
28398 41139.9 23752.1 47504.3
28399 41997.0 25236.6 48996.3
28400 41997.0 25236.6 48996.3
28401 41997.0 25236.6 48996.3
28402 41997.0 25236.6 48996.3
28403 41997.0 25236.6 48996.3
28404 41997.0 25236.6 48996.3
28405 41997.0 25236.6 48996.3
28420 41139.9 29690.2 50734.6
28421 41139.9 29690.2 50734.6
28422 41139.9 29690.2 50734.6
28423 41139.9 29690.2 50734.6
28424 41139.9 29690.2 50734.6
28425 41139.9 29690.2 50734.6
28426 41139.9 29690.2 50734.6
28427 41997.0 31174.7 52303.0
28428 41997.0 31174.7 52303.0
28429 41997.0 31174.7 52303.0
28430 41997.0 31174.7 52303.0
28431 41997.0 31174.7 52303.0
28432 41997.0 31174.7 52303.0
28433 41997.0 31174.7 52303.0
28448 41139.9 35628.2 54423.0
28449 41139.9 35628.2 54423.0
28450 41139.9 35628.2 54423.0
28451 41139.9 35628.2 54423.0
28452 41139.9 35628.2 54423.0
28453 41139.9 35628.2 54423.0
28454 41139.9 35628.2 54423.0
28455 41997.0 37112.7 56045.5
28456 41997.0 37112.7 56045.5
28457 41997.0 37112.7 56045.5
28458 41997.0 37112.7 56045.5
28459 41997.0 37112.7 56045.5
28460 41997.0 37112.7 56045.5
28461 41997.0 37112.7 56045.5
28462 41139.9 38597.2 56411.3
28463 41139.9 38597.2 56411.3
28464 41139.9 38597.2 56411.3
28465 41139.9 38597.2 56411.3
28466 41139.9 38597.2 56411.3
28467 41139.9 38597.2 56411.3
28468 41139.9 38597.2 56411.3
28469 41997.0 40081.7 58054.2
28470 41997.0 40081.7 58054.2
28471 41997.0 40081.7 58054.2
28472 41997.0 40081.7 58054.2
28473 41997.0 40081.7 58054.2
28474 41997.0 40081.7 58054.2
28475 41997.0 40081.7 58054.2
28490 42854.1 -41566.2 59701.1
28491 42854.1 -41566.2 59701.1
28492 42854.1 -41566.2 59701.1
28493 42854.1 -41566.2 59701.1
28494 42854.1 -41566.2 59701.1
28495 42854.1 -41566.2 59701.1
28496 42854.1 -41566.2 59701.1
28525 43711.2 -34143.7 55465.8
28526 43711.2 -34143.7 55465.8
28527 43711.2 -34143.7 55465.8
28528 43711.2 -34143.7 55465.8
28529 43711.2 -34143.7 55465.8
28530 43711.2 -34143.7 55465.8
28531 43711.2 -34143.7 55465.8
28532 42854.1 -32659.2 53880.4
28533 42854.1 -32659.2 53880.4
28534 42854.1 -32659.2 53880.4
28535 42854.1 -32659.2 53880.4
28536 42854.1 -32659.2 53880.4
28537 42854.1 -32659.2 53880.4
28538 42854.1 -32659.2 53880.4
28553 43711.2 -28205.7 52021.4
28554 43711.2 -28205.7 52021.4
28555 43711.2 -28205.7 52021.4
28556 43711.2 -28205.7 52021.4
28557 43711.2 -28205.7 52021.4
28558 43711.2 -28205.7 52021.4
28559 43711.2 -28205.7 52021.4
28560 42854.1 -26721.2 50502.4
28561 42854.1 -26721.2 50502.4
28562 42854.1 -26721.2 50502.4
28563 42854.1 -26721.2 50502.4
28564 42854.1 -26721.2 50502.4
28565 42854.1 -26721.2 50502.4
28566 42854.1 -26721.2 50502.4
28581 43711.2 -22267.6 49056.2
28582 43711.2 -22267.6 49056.2
28583 43711.2 -22267.6 49056.2
28584 43711.2 -22267.6 49056.2
28585 43711.2 -22267.6 49056.2
28586 43711.2 -22267.6 49056.2
28587 43711.2 -22267.6 49056.2
28595 43711.2 -19298.6 47781.8
28596 43711.2 -19298.6 47781.8
28597 43711.2 -19298.6 47781.8
28598 43711.2 -19298.6 47781.8
28599 43711.2 -19298.6 47781.8
28600 43711.2 -19298.6 47781.8
28601 43711.2 -19298.6 47781.8
28602 42854.1 -17814.1 46409.2
28603 42854.1 -17814.1 46409.2
28604 42854.1 -17814.1 46409.2
28605 42854.1 -17814.1 46409.2
28606 42854.1 -17814.1 46409.2
28607 42854.1 -17814.1 46409.2
28608 42854.1 -17814.1 46409.2
28637 43711.2 -10391.6 44929.4
28638 43711.2 -10391.6 44929.4
28639 43711.2 -10391.6 44929.4
28640 43711.2 -10391.6 44929.4
28641 43711.2 -10391.6 44929.4
28642 43711.2 -10391.6 44929.4
28643 43711.2 -10391.6 44929.4
28651 43711.2 -7422.5 44336.9
28652 43711.2 -7422.5 44336.9
28653 43711.2 -7422.5 44336.9
28654 43711.2 -7422.5 44336.9
28655 43711.2 -7422.5 44336.9
28656 43711.2 -7422.5 44336.9
28657 43711.2 -7422.5 44336.9
28665 43711.2 -4453.5 43937.4
28666 43711.2 -4453.5 43937.4
28667 43711.2 -4453.5 43937.4
28668 43711.2 -4453.5 43937.4
28669 43711.2 -4453.5 43937.4
28670 43711.2 -4453.5 43937.4
28671 43711.2 -4453.5 43937.4
28672 42854.1 -2969.0 42956.8
28673 42854.1 -2969.0 42956.8
28674 42854.1 -2969.0 42956.8
28675 42854.1 -2969.0 42956.8
28676 42854.1 -2969.0 42956.8
28677 42854.1 -2969.0 42956.8
28678 42854.1 -2969.0 42956.8
28679 43711.2 -1484.5 43736.4
28680 43711.2 -1484.5 43736.4
28681 43711.2 -1484.5 43736.4
28682 43711.2 -1484.5 43736.4
28683 43711.2 -1484.5 43736.4
28684 43711.2 -1484.5 43736.4
28685 43711.2 -1484.5 43736.4
28686 42854.1 0.0 42854.1
28687 42854.1 0.0 42854.1
28688 42854.1 0.0 42854.1
28689 42854.1 0.0 42854.1
28690 42854.1 0.0 42854.1
28691 42854.1 0.0 42854.1
28692 42854.1 0.0 42854.1
28693 43711.2 1484.5 43736.4
28694 43711.2 1484.5 43736.4
28695 43711.2 1484.5 43736.4
28696 43711.2 1484.5 43736.4
28697 43711.2 1484.5 43736.4
28698 43711.2 1484.5 43736.4
28699 43711.2 1484.5 43736.4
28700 42854.1 2969.0 42956.8
28701 42854.1 2969.0 42956.8
28702 42854.1 2969.0 42956.8
28703 42854.1 2969.0 42956.8
28704 42854.1 2969.0 42956.8
28705 42854.1 2969.0 42956.8
28706 42854.1 2969.0 42956.8
28707 43711.2 4453.5 43937.4
28708 43711.2 4453.5 43937.4
28709 43711.2 4453.5 43937.4
28710 43711.2 4453.5 43937.4
28711 43711.2 4453.5 43937.4
28712 43711.2 4453.5 43937.4
28713 43711.2 4453.5 43937.4
28721 43711.2 7422.5 44336.9
28722 43711.2 7422.5 44336.9
28723 43711.2 7422.5 44336.9
28724 43711.2 7422.5 44336.9
28725 43711.2 7422.5 44336.9
28726 43711.2 7422.5 44336.9
28727 43711.2 7422.5 44336.9
28735 43711.2 10391.6 44929.4
28736 43711.2 10391.6 44929.4
28737 43711.2 10391.6 44929.4
28738 43711.2 10391.6 44929.4
28739 43711.2 10391.6 44929.4
28740 43711.2 10391.6 44929.4
28741 43711.2 10391.6 44929.4
28770 42854.1 17814.1 46409.2
28771 42854.1 17814.1 46409.2
28772 42854.1 17814.1 46409.2
28773 42854.1 17814.1 46409.2
28774 42854.1 17814.1 46409.2
28775 42854.1 17814.1 46409.2
28776 42854.1 17814.1 46409.2
28777 43711.2 19298.6 47781.8
28778 43711.2 19298.6 47781.8
28779 43711.2 19298.6 47781.8
28780 43711.2 19298.6 47781.8
28781 43711.2 19298.6 47781.8
28782 43711.2 19298.6 47781.8
28783 43711.2 19298.6 47781.8
28791 43711.2 22267.6 49056.2
28792 43711.2 22267.6 49056.2
28793 43711.2 22267.6 49056.2
28794 43711.2 22267.6 49056.2
28795 43711.2 22267.6 49056.2
28796 43711.2 22267.6 49056.2
28797 43711.2 22267.6 49056.2
28812 42854.1 26721.2 50502.4
28813 42854.1 26721.2 50502.4
28814 42854.1 26721.2 50502.4
28815 42854.1 26721.2 50502.4
28816 42854.1 26721.2 50502.4
28817 42854.1 26721.2 50502.4
28818 42854.1 26721.2 50502.4
28819 43711.2 28205.7 52021.4
28820 43711.2 28205.7 52021.4
28821 43711.2 28205.7 52021.4
28822 43711.2 28205.7 52021.4
28823 43711.2 28205.7 52021.4
28824 43711.2 28205.7 52021.4
28825 43711.2 28205.7 52021.4
28840 42854.1 32659.2 53880.4
28841 42854.1 32659.2 53880.4
28842 42854.1 32659.2 53880.4
28843 42854.1 32659.2 53880.4
28844 42854.1 32659.2 53880.4
28845 42854.1 32659.2 53880.4
28846 42854.1 32659.2 53880.4
28847 43711.2 34143.7 55465.8
28848 43711.2 34143.7 55465.8
28849 43711.2 34143.7 55465.8
28850 43711.2 34143.7 55465.8
28851 43711.2 34143.7 55465.8
28852 43711.2 34143.7 55465.8
28853 43711.2 34143.7 55465.8
28882 42854.1 41566.2 59701.1
28883 42854.1 41566.2 59701.1
28884 42854.1 41566.2 59701.1
28885 42854.1 41566.2 59701.1
28886 42854.1 41566.2 59701.1
28887 42854.1 41566.2 59701.1
28888 42854.1 41566.2 59701.1
28889 44568.2 -38597.2 58958.2
28890 44568.2 -38597.2 58958.2
28891 44568.2 -38597.2 58958.2
28892 44568.2 -38597.2 58958.2
28893 44568.2 -38597.2 58958.2
28894 44568.2 -38597.2 58958.2
28895 44568.2 -38597.2 58958.2
28896 45425.3 -37112.7 58658.4
28897 45425.3 -37112.7 58658.4
28898 45425.3 -37112.7 58658.4
28899 45425.3 -37112.7 58658.4
28900 45425.3 -37112.7 58658.4
28901 45425.3 -37112.7 58658.4
28902 45425.3 -37112.7 58658.4
28903 44568.2 -35628.2 57058.7
28904 44568.2 -35628.2 57058.7
28905 44568.2 -35628.2 57058.7
28906 44568.2 -35628.2 57058.7
28907 44568.2 -35628.2 57058.7
28908 44568.2 -35628.2 57058.7
28909 44568.2 -35628.2 57058.7
28924 45425.3 -31174.7 55093.7
28925 45425.3 -31174.7 55093.7
28926 45425.3 -31174.7 55093.7
28927 45425.3 -31174.7 55093.7
28928 45425.3 -31174.7 55093.7
28929 45425.3 -31174.7 55093.7
28930 45425.3 -31174.7 55093.7
28931 44568.2 -29690.2 53552.2
28932 44568.2 -29690.2 53552.2
28933 44568.2 -29690.2 53552.2
28934 44568.2 -29690.2 53552.2
28935 44568.2 -29690.2 53552.2
28936 44568.2 -29690.2 53552.2
28937 44568.2 -29690.2 53552.2
28952 45425.3 -25236.6 51964.9
28953 45425.3 -25236.6 51964.9
28954 45425.3 -25236.6 51964.9
28955 45425.3 -25236.6 51964.9
28956 45425.3 -25236.6 51964.9
28957 45425.3 -25236.6 51964.9
28958 45425.3 -25236.6 51964.9
28959 44568.2 -23752.1 50502.4
28960 44568.2 -23752.1 50502.4
28961 44568.2 -23752.1 50502.4
28962 44568.2 -23752.1 50502.4
28963 44568.2 -23752.1 50502.4
28964 44568.2 -23752.1 50502.4
28965 44568.2 -23752.1 50502.4
28973 44568.2 -20783.1 49175.9
28974 44568.2 -20783.1 49175.9
28975 44568.2 -20783.1 49175.9
28976 44568.2 -20783.1 49175.9
28977 44568.2 -20783.1 49175.9
28978 44568.2 -20783.1 49175.9
28979 44568.2 -20783.1 49175.9
28994 45425.3 -16329.6 48271.3
28995 45425.3 -16329.6 48271.3
28996 45425.3 -16329.6 48271.3
28997 45425.3 -16329.6 48271.3
28998 45425.3 -16329.6 48271.3
28999 45425.3 -16329.6 48271.3
29000 45425.3 -16329.6 48271.3
29001 44568.2 -14845.1 46975.6
29002 44568.2 -14845.1 46975.6
29003 44568.2 -14845.1 46975.6
29004 44568.2 -14845.1 46975.6
29005 44568.2 -14845.1 46975.6
29006 44568.2 -14845.1 46975.6
29007 44568.2 -14845.1 46975.6
29008 45425.3 -13360.6 47349.4
29009 45425.3 -13360.6 47349.4
29010 45425.3 -13360.6 47349.4
29011 45425.3 -13360.6 47349.4
29012 45425.3 -13360.6 47349.4
29013 45425.3 -13360.6 47349.4
29014 45425.3 -13360.6 47349.4
29015 44568.2 -11876.1 46123.4
29016 44568.2 -11876.1 46123.4
29017 44568.2 -11876.1 46123.4
29018 44568.2 -11876.1 46123.4
29019 44568.2 -11876.1 46123.4
29020 44568.2 -11876.1 46123.4
29021 44568.2 -11876.1 46123.4
29029 44568.2 -8907.1 45449.6
29030 44568.2 -8907.1 45449.6
29031 44568.2 -8907.1 45449.6
29032 44568.2 -8907.1 45449.6
29033 44568.2 -8907.1 45449.6
29034 44568.2 -8907.1 45449.6
29035 44568.2 -8907.1 45449.6
29043 44568.2 -5938.0 44962.1
29044 44568.2 -5938.0 44962.1
29045 44568.2 -5938.0 44962.1
29046 44568.2 -5938.0 44962.1
29047 44568.2 -5938.0 44962.1
29048 44568.2 -5938.0 44962.1
29049 44568.2 -5938.0 44962.1
29099 44568.2 5938.0 44962.1
29100 44568.2 5938.0 44962.1
29101 44568.2 5938.0 44962.1
29102 44568.2 5938.0 44962.1
29103 44568.2 5938.0 44962.1
29104 44568.2 5938.0 44962.1
29105 44568.2 5938.0 44962.1
29113 44568.2 8907.1 45449.6
29114 44568.2 8907.1 45449.6
29115 44568.2 8907.1 45449.6
29116 44568.2 8907.1 45449.6
29117 44568.2 8907.1 45449.6
29118 44568.2 8907.1 45449.6
29119 44568.2 8907.1 45449.6
29127 44568.2 11876.1 46123.4
29128 44568.2 11876.1 46123.4
29129 44568.2 11876.1 46123.4
29130 44568.2 11876.1 46123.4
29131 44568.2 11876.1 46123.4
29132 44568.2 11876.1 46123.4
29133 44568.2 11876.1 46123.4
29134 45425.3 13360.6 47349.4
29135 45425.3 13360.6 47349.4
29136 45425.3 13360.6 47349.4
29137 45425.3 13360.6 47349.4
29138 45425.3 13360.6 47349.4
29139 45425.3 13360.6 47349.4
29140 45425.3 13360.6 47349.4
29141 44568.2 14845.1 46975.6
29142 44568.2 14845.1 46975.6
29143 44568.2 14845.1 46975.6
29144 44568.2 14845.1 46975.6
29145 44568.2 14845.1 46975.6
29146 44568.2 14845.1 46975.6
29147 44568.2 14845.1 46975.6
29148 45425.3 16329.6 48271.3
29149 45425.3 16329.6 48271.3
29150 45425.3 16329.6 48271.3
29151 45425.3 16329.6 48271.3
29152 45425.3 16329.6 48271.3
29153 45425.3 16329.6 48271.3
29154 45425.3 16329.6 48271.3
29169 44568.2 20783.1 49175.9
29170 44568.2 20783.1 49175.9
29171 44568.2 20783.1 49175.9
29172 44568.2 20783.1 49175.9
29173 44568.2 20783.1 49175.9
29174 44568.2 20783.1 49175.9
29175 44568.2 20783.1 49175.9
29183 44568.2 23752.1 50502.4
29184 44568.2 23752.1 50502.4
29185 44568.2 23752.1 50502.4
29186 44568.2 23752.1 50502.4
29187 44568.2 23752.1 50502.4
29188 44568.2 23752.1 50502.4
29189 44568.2 23752.1 50502.4
29190 45425.3 25236.6 51964.9
29191 45425.3 25236.6 51964.9
29192 45425.3 25236.6 51964.9
29193 45425.3 25236.6 51964.9
29194 45425.3 25236.6 51964.9
29195 45425.3 25236.6 51964.9
29196 45425.3 25236.6 51964.9
29211 44568.2 29690.2 53552.2
29212 44568.2 29690.2 53552.2
29213 44568.2 29690.2 53552.2
29214 44568.2 29690.2 53552.2
29215 44568.2 29690.2 53552.2
29216 44568.2 29690.2 53552.2
29217 44568.2 29690.2 53552.2
29218 45425.3 31174.7 55093.7
29219 45425.3 31174.7 55093.7
29220 45425.3 31174.7 55093.7
29221 45425.3 31174.7 55093.7
29222 45425.3 31174.7 55093.7
29223 45425.3 31174.7 55093.7
29224 45425.3 31174.7 55093.7
29239 44568.2 35628.2 57058.7
29240 44568.2 35628.2 57058.7
29241 44568.2 35628.2 57058.7
29242 44568.2 35628.2 57058.7
29243 44568.2 35628.2 57058.7
29244 44568.2 35628.2 57058.7
29245 44568.2 35628.2 57058.7
29246 45425.3 37112.7 58658.4
29247 45425.3 37112.7 58658.4
29248 45425.3 37112.7 58658.4
29249 45425.3 37112.7 58658.4
29250 45425.3 37112.7 58658.4
29251 45425.3 37112.7 58658.4
29252 45425.3 37112.7 58658.4
29253 44568.2 38597.2 58958.2
29254 44568.2 38597.2 58958.2
29255 44568.2 38597.2 58958.2
29256 44568.2 38597.2 58958.2
29257 44568.2 38597.2 58958.2
29258 44568.2 38597.2 58958.2
29259 44568.2 38597.2 58958.2
29274 47139.5 -34143.7 58205.9
29275 47139.5 -34143.7 58205.9
29276 47139.5 -34143.7 58205.9
29277 47139.5 -34143.7 58205.9
29278 47139.5 -34143.7 58205.9
29279 47139.5 -34143.7 58205.9
29280 47139.5 -34143.7 58205.9
29281 46282.4 -32659.2 56645.2
29282 46282.4 -32659.2 56645.2
29283 46282.4 -32659.2 56645.2
29284 46282.4 -32659.2 56645.2
29285 46282.4 -32659.2 56645.2
29286 46282.4 -32659.2 56645.2
29287 46282.4 -32659.2 56645.2
29302 47139.5 -28205.7 54933.5
29303 47139.5 -28205.7 54933.5
29304 47139.5 -28205.7 54933.5
29305 47139.5 -28205.7 54933.5
29306 47139.5 -28205.7 54933.5
29307 47139.5 -28205.7 54933.5
29308 47139.5 -28205.7 54933.5
29309 46282.4 -26721.2 53442.3
29310 46282.4 -26721.2 53442.3
29311 46282.4 -26721.2 53442.3
29312 46282.4 -26721.2 53442.3
29313 46282.4 -26721.2 53442.3
29314 46282.4 -26721.2 53442.3
29315 46282.4 -26721.2 53442.3
29330 47139.5 -22267.6 52134.2
29331 47139.5 -22267.6 52134.2
29332 47139.5 -22267.6 52134.2
29333 47139.5 -22267.6 52134.2
29334 47139.5 -22267.6 52134.2
29335 47139.5 -22267.6 52134.2
29336 47139.5 -22267.6 52134.2
29344 47139.5 -19298.6 50936.9
29345 47139.5 -19298.6 50936.9
29346 47139.5 -19298.6 50936.9
29347 47139.5 -19298.6 50936.9
29348 47139.5 -19298.6 50936.9
29349 47139.5 -19298.6 50936.9
29350 47139.5 -19298.6 50936.9
29351 46282.4 -17814.1 49592.4
29352 46282.4 -17814.1 49592.4
29353 46282.4 -17814.1 49592.4
29354 46282.4 -17814.1 49592.4
29355 46282.4 -17814.1 49592.4
29356 46282.4 -17814.1 49592.4
29357 46282.4 -17814.1 49592.4
29386 47139.5 -10391.6 48271.3
29387 47139.5 -10391.6 48271.3
29388 47139.5 -10391.6 48271.3
29389 47139.5 -10391.6 48271.3
29390 47139.5 -10391.6 48271.3
29391 47139.5 -10391.6 48271.3
29392 47139.5 -10391.6 48271.3
29400 47139.5 -7422.5 47720.3
29401 47139.5 -7422.5 47720.3
29402 47139.5 -7422.5 47720.3
29403 47139.5 -7422.5 47720.3
29404 47139.5 -7422.5 47720.3
29405 47139.5 -7422.5 47720.3
29406 47139.5 -7422.5 47720.3
29414 47139.5 -4453.5 47349.4
29415 47139.5 -4453.5 47349.4
29416 47139.5 -4453.5 47349.4
29417 47139.5 -4453.5 47349.4
29418 47139.5 -4453.5 47349.4
29419 47139.5 -4453.5 47349.4
29420 47139.5 -4453.5 47349.4
29421 46282.4 -2969.0 46377.5
29422 46282.4 -2969.0 46377.5
29423 46282.4 -2969.0 46377.5
29424 46282.4 -2969.0 46377.5
29425 46282.4 -2969.0 46377.5
29426 46282.4 -2969.0 46377.5
29427 46282.4 -2969.0 46377.5
29428 47139.5 -1484.5 47162.9
29429 47139.5 -1484.5 47162.9
29430 47139.5 -1484.5 47162.9
29431 47139.5 -1484.5 47162.9
29432 47139.5 -1484.5 47162.9
29433 47139.5 -1484.5 47162.9
29434 47139.5 -1484.5 47162.9
29435 46282.4 0.0 46282.4
29436 46282.4 0.0 46282.4
29437 46282.4 0.0 46282.4
29438 46282.4 0.0 46282.4
29439 46282.4 0.0 46282.4
29440 46282.4 0.0 46282.4
29441 46282.4 0.0 46282.4
29442 47139.5 1484.5 47162.9
29443 47139.5 1484.5 47162.9
29444 47139.5 1484.5 47162.9
29445 47139.5 1484.5 47162.9
29446 47139.5 1484.5 47162.9
29447 47139.5 1484.5 47162.9
29448 47139.5 1484.5 47162.9
29449 46282.4 2969.0 46377.5
29450 46282.4 2969.0 46377.5
29451 46282.4 2969.0 46377.5
29452 46282.4 2969.0 46377.5
29453 46282.4 2969.0 46377.5
29454 46282.4 2969.0 46377.5
29455 46282.4 2969.0 46377.5
29456 47139.5 4453.5 47349.4
29457 47139.5 4453.5 47349.4
29458 47139.5 4453.5 47349.4
29459 47139.5 4453.5 47349.4
29460 47139.5 4453.5 47349.4
29461 47139.5 4453.5 47349.4
29462 47139.5 4453.5 47349.4
29470 47139.5 7422.5 47720.3
29471 47139.5 7422.5 47720.3
29472 47139.5 7422.5 47720.3
29473 47139.5 7422.5 47720.3
29474 47139.5 7422.5 47720.3
29475 47139.5 7422.5 47720.3
29476 47139.5 7422.5 47720.3
29484 47139.5 10391.6 48271.3
29485 47139.5 10391.6 48271.3
29486 47139.5 10391.6 48271.3
29487 47139.5 10391.6 48271.3
29488 47139.5 10391.6 48271.3
29489 47139.5 10391.6 48271.3
29490 47139.5 10391.6 48271.3
29519 46282.4 17814.1 49592.4
29520 46282.4 17814.1 49592.4
29521 46282.4 17814.1 49592.4
29522 46282.4 17814.1 49592.4
29523 46282.4 17814.1 49592.4
29524 46282.4 17814.1 49592.4
29525 46282.4 17814.1 49592.4
29526 47139.5 19298.6 50936.9
29527 47139.5 19298.6 50936.9
29528 47139.5 19298.6 50936.9
29529 47139.5 19298.6 50936.9
29530 47139.5 19298.6 50936.9
29531 47139.5 19298.6 50936.9
29532 47139.5 19298.6 50936.9
29540 47139.5 22267.6 52134.2
29541 47139.5 22267.6 52134.2
29542 47139.5 22267.6 52134.2
29543 47139.5 22267.6 52134.2
29544 47139.5 22267.6 52134.2
29545 47139.5 22267.6 52134.2
29546 47139.5 22267.6 52134.2
29561 46282.4 26721.2 53442.3
29562 46282.4 26721.2 53442.3
29563 46282.4 26721.2 53442.3
29564 46282.4 26721.2 53442.3
29565 46282.4 26721.2 53442.3
29566 46282.4 26721.2 53442.3
29567 46282.4 26721.2 53442.3
29568 47139.5 28205.7 54933.5
29569 47139.5 28205.7 54933.5
29570 47139.5 28205.7 54933.5
29571 47139.5 28205.7 54933.5
29572 47139.5 28205.7 54933.5
29573 47139.5 28205.7 54933.5
29574 47139.5 28205.7 54933.5
29589 46282.4 32659.2 56645.2
29590 46282.4 32659.2 56645.2
29591 46282.4 32659.2 56645.2
29592 46282.4 32659.2 56645.2
29593 46282.4 32659.2 56645.2
29594 46282.4 32659.2 56645.2
29595 46282.4 32659.2 56645.2
29596 47139.5 34143.7 58205.9
29597 47139.5 34143.7 58205.9
29598 47139.5 34143.7 58205.9
29599 47139.5 34143.7 58205.9
29600 47139.5 34143.7 58205.9
29601 47139.5 34143.7 58205.9
29602 47139.5 34143.7 58205.9
29617 47996.6 -35628.2 59774.9
29618 47996.6 -35628.2 59774.9
29619 47996.6 -35628.2 59774.9
29620 47996.6 -35628.2 59774.9
29621 47996.6 -35628.2 59774.9
29622 47996.6 -35628.2 59774.9
29623 47996.6 -35628.2 59774.9
29638 48853.6 -31174.7 57952.9
29639 48853.6 -31174.7 57952.9
29640 48853.6 -31174.7 57952.9
29641 48853.6 -31174.7 57952.9
29642 48853.6 -31174.7 57952.9
29643 48853.6 -31174.7 57952.9
29644 48853.6 -31174.7 57952.9
29645 47996.6 -29690.2 56437.4
29646 47996.6 -29690.2 56437.4
29647 47996.6 -29690.2 56437.4
29648 47996.6 -29690.2 56437.4
29649 47996.6 -29690.2 56437.4
29650 47996.6 -29690.2 56437.4
29651 47996.6 -29690.2 56437.4
29666 48853.6 -25236.6 54987.0
29667 48853.6 -25236.6 54987.0
29668 48853.6 -25236.6 54987.0
29669 48853.6 -25236.6 54987.0
29670 48853.6 -25236.6 54987.0
29671 48853.6 -25236.6 54987.0
29672 48853.6 -25236.6 54987.0
29673 47996.6 -23752.1 53552.2
29674 47996.6 -23752.1 53552.2
29675 47996.6 -23752.1 53552.2
29676 47996.6 -23752.1 53552.2
29677 47996.6 -23752.1 53552.2
29678 47996.6 -23752.1 53552.2
29679 47996.6 -23752.1 53552.2
29687 47996.6 -20783.1 52303.0
29688 47996.6 -20783.1 52303.0
29689 47996.6 -20783.1 52303.0
29690 47996.6 -20783.1 52303.0
29691 47996.6 -20783.1 52303.0
29692 47996.6 -20783.1 52303.0
29693 47996.6 -20783.1 52303.0
29708 48853.6 -16329.6 51510.5
29709 48853.6 -16329.6 51510.5
29710 48853.6 -16329.6 51510.5
29711 48853.6 -16329.6 51510.5
29712 48853.6 -16329.6 51510.5
29713 48853.6 -16329.6 51510.5
29714 48853.6 -16329.6 51510.5
29715 47996.6 -14845.1 50239.9
29716 47996.6 -14845.1 50239.9
29717 47996.6 -14845.1 50239.9
29718 47996.6 -14845.1 50239.9
29719 47996.6 -14845.1 50239.9
29720 47996.6 -14845.1 50239.9
29721 47996.6 -14845.1 50239.9
29722 48853.6 -13360.6 50647.6
29723 48853.6 -13360.6 50647.6
29724 48853.6 -13360.6 50647.6
29725 48853.6 -13360.6 50647.6
29726 48853.6 -13360.6 50647.6
29727 48853.6 -13360.6 50647.6
29728 48853.6 -13360.6 50647.6
29729 47996.6 -11876.1 49444.0
29730 47996.6 -11876.1 49444.0
29731 47996.6 -11876.1 49444.0
29732 47996.6 -11876.1 49444.0
29733 47996.6 -11876.1 49444.0
29734 47996.6 -11876.1 49444.0
29735 47996.6 -11876.1 49444.0
29743 47996.6 -8907.1 48816.0
29744 47996.6 -8907.1 48816.0
29745 47996.6 -8907.1 48816.0
29746 47996.6 -8907.1 48816.0
29747 47996.6 -8907.1 48816.0
29748 47996.6 -8907.1 48816.0
29749 47996.6 -8907.1 48816.0
29757 47996.6 -5938.0 48362.5
29758 47996.6 -5938.0 48362.5
29759 47996.6 -5938.0 48362.5
29760 47996.6 -5938.0 48362.5
29761 47996.6 -5938.0 48362.5
29762 47996.6 -5938.0 48362.5
29763 47996.6 -5938.0 48362.5
29813 47996.6 5938.0 48362.5
29814 47996.6 5938.0 48362.5
29815 47996.6 5938.0 48362.5
29816 47996.6 5938.0 48362.5
29817 47996.6 5938.0 48362.5
29818 47996.6 5938.0 48362.5
29819 47996.6 5938.0 48362.5
29827 47996.6 8907.1 48816.0
29828 47996.6 8907.1 48816.0
29829 47996.6 8907.1 48816.0
29830 47996.6 8907.1 48816.0
29831 47996.6 8907.1 48816.0
29832 47996.6 8907.1 48816.0
29833 47996.6 8907.1 48816.0
29841 47996.6 11876.1 49444.0
29842 47996.6 11876.1 49444.0
29843 47996.6 11876.1 49444.0
29844 47996.6 11876.1 49444.0
29845 47996.6 11876.1 49444.0
29846 47996.6 11876.1 49444.0
29847 47996.6 11876.1 49444.0
29848 48853.6 13360.6 50647.6
29849 48853.6 13360.6 50647.6
29850 48853.6 13360.6 50647.6
29851 48853.6 13360.6 50647.6
29852 48853.6 13360.6 50647.6
29853 48853.6 13360.6 50647.6
29854 48853.6 13360.6 50647.6
29855 47996.6 14845.1 50239.9
29856 47996.6 14845.1 50239.9
29857 47996.6 14845.1 50239.9
29858 47996.6 14845.1 50239.9
29859 47996.6 14845.1 50239.9
29860 47996.6 14845.1 50239.9
29861 47996.6 14845.1 50239.9
29862 48853.6 16329.6 51510.5
29863 48853.6 16329.6 51510.5
29864 48853.6 16329.6 51510.5
29865 48853.6 16329.6 51510.5
29866 48853.6 16329.6 51510.5
29867 48853.6 16329.6 51510.5
29868 48853.6 16329.6 51510.5
29883 47996.6 20783.1 52303.0
29884 47996.6 20783.1 52303.0
29885 47996.6 20783.1 52303.0
29886 47996.6 20783.1 52303.0
29887 47996.6 20783.1 52303.0
29888 47996.6 20783.1 52303.0
29889 47996.6 20783.1 52303.0
29897 47996.6 23752.1 53552.2
29898 47996.6 23752.1 53552.2
29899 47996.6 23752.1 53552.2
29900 47996.6 23752.1 53552.2
29901 47996.6 23752.1 53552.2
29902 47996.6 23752.1 53552.2
29903 47996.6 23752.1 53552.2
29904 48853.6 25236.6 54987.0
29905 48853.6 25236.6 54987.0
29906 48853.6 25236.6 54987.0
29907 48853.6 25236.6 54987.0
29908 48853.6 25236.6 54987.0
29909 48853.6 25236.6 54987.0
29910 48853.6 25236.6 54987.0
29925 47996.6 29690.2 56437.4
29926 47996.6 29690.2 56437.4
29927 47996.6 29690.2 56437.4
29928 47996.6 29690.2 56437.4
29929 47996.6 29690.2 56437.4
29930 47996.6 29690.2 56437.4
29931 47996.6 29690.2 56437.4
29932 48853.6 31174.7 57952.9
29933 48853.6 31174.7 57952.9
29934 48853.6 31174.7 57952.9
29935 48853.6 31174.7 57952.9
29936 48853.6 31174.7 57952.9
29937 48853.6 31174.7 57952.9
29938 48853.6 31174.7 57952.9
29953 47996.6 35628.2 59774.9
29954 47996.6 35628.2 59774.9
29955 47996.6 35628.2 59774.9
29956 47996.6 35628.2 59774.9
29957 47996.6 35628.2 59774.9
29958 47996.6 35628.2 59774.9
29959 47996.6 35628.2 59774.9
29960 49710.7 -32659.2 59479.2
29961 49710.7 -32659.2 59479.2
29962 49710.7 -32659.2 59479.2
29963 49710.7 -32659.2 59479.2
29964 49710.7 -32659.2 59479.2
29965 49710.7 -32659.2 59479.2
29966 49710.7 -32659.2 59479.2
29981 50567.8 -28205.7 57902.2
29982 50567.8 -28205.7 57902.2
29983 50567.8 -28205.7 57902.2
29984 50567.8 -28205.7 57902.2
29985 50567.8 -28205.7 57902.2
29986 50567.8 -28205.7 57902.2
29987 50567.8 -28205.7 57902.2
29988 49710.7 -26721.2 56437.4
29989 49710.7 -26721.2 56437.4
29990 49710.7 -26721.2 56437.4
29991 49710.7 -26721.2 56437.4
29992 49710.7 -26721.2 56437.4
29993 49710.7 -26721.2 56437.4
29994 49710.7 -26721.2 56437.4
30009 50567.8 -22267.6 55253.5
30010 50567.8 -22267.6 55253.5
30011 50567.8 -22267.6 55253.5
30012 50567.8 -22267.6 55253.5
30013 50567.8 -22267.6 55253.5
30014 50567.8 -22267.6 55253.5
30015 50567.8 -22267.6 55253.5
30023 50567.8 -19298.6 54125.2
30024 50567.8 -19298.6 54125.2
30025 50567.8 -19298.6 54125.2
30026 50567.8 -19298.6 54125.2
30027 50567.8 -19298.6 54125.2
30028 50567.8 -19298.6 54125.2
30029 50567.8 -19298.6 54125.2
30030 49710.7 -17814.1 52806.2
30031 49710.7 -17814.1 52806.2
30032 49710.7 -17814.1 52806.2
30033 49710.7 -17814.1 52806.2
30034 49710.7 -17814.1 52806.2
30035 49710.7 -17814.1 52806.2
30036 49710.7 -17814.1 52806.2
30065 50567.8 -10391.6 51624.5
30066 50567.8 -10391.6 51624.5
30067 50567.8 -10391.6 51624.5
30068 50567.8 -10391.6 51624.5
30069 50567.8 -10391.6 51624.5
30070 50567.8 -10391.6 51624.5
30071 50567.8 -10391.6 51624.5
30079 50567.8 -7422.5 51109.7
30080 50567.8 -7422.5 51109.7
30081 50567.8 -7422.5 51109.7
30082 50567.8 -7422.5 51109.7
30083 50567.8 -7422.5 51109.7
30084 50567.8 -7422.5 51109.7
30085 50567.8 -7422.5 51109.7
30093 50567.8 -4453.5 50763.5
30094 50567.8 -4453.5 50763.5
30095 50567.8 -4453.5 50763.5
30096 50567.8 -4453.5 50763.5
30097 50567.8 -4453.5 50763.5
30098 50567.8 -4453.5 50763.5
30099 50567.8 -4453.5 50763.5
30100 49710.7 -2969.0 49799.3
30101 49710.7 -2969.0 49799.3
30102 49710.7 -2969.0 49799.3
30103 49710.7 -2969.0 49799.3
30104 49710.7 -2969.0 49799.3
30105 49710.7 -2969.0 49799.3
30106 49710.7 -2969.0 49799.3
30107 50567.8 -1484.5 50589.6
30108 50567.8 -1484.5 50589.6
30109 50567.8 -1484.5 50589.6
30110 50567.8 -1484.5 50589.6
30111 50567.8 -1484.5 50589.6
30112 50567.8 -1484.5 50589.6
30113 50567.8 -1484.5 50589.6
30114 49710.7 0.0 49710.7
30115 49710.7 0.0 49710.7
30116 49710.7 0.0 49710.7
30117 49710.7 0.0 49710.7
30118 49710.7 0.0 49710.7
30119 49710.7 0.0 49710.7
30120 49710.7 0.0 49710.7
30121 50567.8 1484.5 50589.6
30122 50567.8 1484.5 50589.6
30123 50567.8 1484.5 50589.6
30124 50567.8 1484.5 50589.6
30125 50567.8 1484.5 50589.6
30126 50567.8 1484.5 50589.6
30127 50567.8 1484.5 50589.6
30128 49710.7 2969.0 49799.3
30129 49710.7 2969.0 49799.3
30130 49710.7 2969.0 49799.3
30131 49710.7 2969.0 49799.3
30132 49710.7 2969.0 49799.3
30133 49710.7 2969.0 49799.3
30134 49710.7 2969.0 49799.3
30135 50567.8 4453.5 50763.5
30136 50567.8 4453.5 50763.5
30137 50567.8 4453.5 50763.5
30138 50567.8 4453.5 50763.5
30139 50567.8 4453.5 50763.5
30140 50567.8 4453.5 50763.5
30141 50567.8 4453.5 50763.5
30149 50567.8 7422.5 51109.7
30150 50567.8 7422.5 51109.7
30151 50567.8 7422.5 51109.7
30152 50567.8 7422.5 51109.7
30153 50567.8 7422.5 51109.7
30154 50567.8 7422.5 51109.7
30155 50567.8 7422.5 51109.7
30163 50567.8 10391.6 51624.5
30164 50567.8 10391.6 51624.5
30165 50567.8 10391.6 51624.5
30166 50567.8 10391.6 51624.5
30167 50567.8 10391.6 51624.5
30168 50567.8 10391.6 51624.5
30169 50567.8 10391.6 51624.5
30198 49710.7 17814.1 52806.2
30199 49710.7 17814.1 52806.2
30200 49710.7 17814.1 52806.2
30201 49710.7 17814.1 52806.2
30202 49710.7 17814.1 52806.2
30203 49710.7 17814.1 52806.2
30204 49710.7 17814.1 52806.2
30205 50567.8 19298.6 54125.2
30206 50567.8 19298.6 54125.2
30207 50567.8 19298.6 54125.2
30208 50567.8 19298.6 54125.2
30209 50567.8 19298.6 54125.2
30210 50567.8 19298.6 54125.2
30211 50567.8 19298.6 54125.2
30219 50567.8 22267.6 55253.5
30220 50567.8 22267.6 55253.5
30221 50567.8 22267.6 55253.5
30222 50567.8 22267.6 55253.5
30223 50567.8 22267.6 55253.5
30224 50567.8 22267.6 55253.5
30225 50567.8 22267.6 55253.5
30240 49710.7 26721.2 56437.4
30241 49710.7 26721.2 56437.4
30242 49710.7 26721.2 56437.4
30243 49710.7 26721.2 56437.4
30244 49710.7 26721.2 56437.4
30245 49710.7 26721.2 56437.4
30246 49710.7 26721.2 56437.4
30247 50567.8 28205.7 57902.2
30248 50567.8 28205.7 57902.2
30249 50567.8 28205.7 57902.2
30250 50567.8 28205.7 57902.2
30251 50567.8 28205.7 57902.2
30252 50567.8 28205.7 57902.2
30253 50567.8 28205.7 57902.2
30268 49710.7 32659.2 59479.2
30269 49710.7 32659.2 59479.2
30270 49710.7 32659.2 59479.2
30271 49710.7 32659.2 59479.2
30272 49710.7 32659.2 59479.2
30273 49710.7 32659.2 59479.2
30274 49710.7 32659.2 59479.2
30275 51424.9 -29690.2 59380.3
30276 51424.9 -29690.2 59380.3
30277 51424.9 -29690.2 59380.3
30278 51424.9 -29690.2 59380.3
30279 51424.9 -29690.2 59380.3
30280 51424.9 -29690.2 59380.3
30281 51424.9 -29690.2 59380.3
30296 52282.0 -25236.6 58054.2
30297 52282.0 -25236.6 58054.2
30298 52282.0 -25236.6 58054.2
30299 52282.0 -25236.6 58054.2
30300 52282.0 -25236.6 58054.2
30301 52282.0 -25236.6 58054.2
30302 52282.0 -25236.6 58054.2
30303 51424.9 -23752.1 56645.2
30304 51424.9 -23752.1 56645.2
30305 51424.9 -23752.1 56645.2
30306 51424.9 -23752.1 56645.2
30307 51424.9 -23752.1 56645.2
30308 51424.9 -23752.1 56645.2
30309 51424.9 -23752.1 56645.2
30317 51424.9 -20783.1 55465.8
30318 51424.9 -20783.1 55465.8
30319 51424.9 -20783.1 55465.8
30320 51424.9 -20783.1 55465.8
30321 51424.9 -20783.1 55465.8
30322 51424.9 -20783.1 55465.8
30323 51424.9 -20783.1 55465.8
30338 52282.0 -16329.6 54772.8
30339 52282.0 -16329.6 54772.8
30340 52282.0 -16329.6 54772.8
30341 52282.0 -16329.6 54772.8
30342 52282.0 -16329.6 54772.8
30343 52282.0 -16329.6 54772.8
30344 52282.0 -16329.6 54772.8
30345 51424.9 -14845.1 53524.7
30346 51424.9 -14845.1 53524.7
30347 51424.9 -14845.1 53524.7
30348 51424.9 -14845.1 53524.7
30349 51424.9 -14845.1 53524.7
30350 51424.9 -14845.1 53524.7
30351 51424.9 -14845.1 53524.7
30352 52282.0 -13360.6 53962.1
30353 52282.0 -13360.6 53962.1
30354 52282.0 -13360.6 53962.1
30355 52282.0 -13360.6 53962.1
30356 52282.0 -13360.6 53962.1
30357 52282.0 -13360.6 53962.1
30358 52282.0 -13360.6 53962.1
30359 51424.9 -11876.1 52778.4
30360 51424.9 -11876.1 52778.4
30361 51424.9 -11876.1 52778.4
30362 51424.9 -11876.1 52778.4
30363 51424.9 -11876.1 52778.4
30364 51424.9 -11876.1 52778.4
30365 51424.9 -11876.1 52778.4
30373 51424.9 -8907.1 52190.6
30374 51424.9 -8907.1 52190.6
30375 51424.9 -8907.1 52190.6
30376 51424.9 -8907.1 52190.6
30377 51424.9 -8907.1 52190.6
30378 51424.9 -8907.1 52190.6
30379 51424.9 -8907.1 52190.6
30387 51424.9 -5938.0 51766.6
30388 51424.9 -5938.0 51766.6
30389 51424.9 -5938.0 51766.6
30390 51424.9 -5938.0 51766.6
30391 51424.9 -5938.0 51766.6
30392 51424.9 -5938.0 51766.6
30393 51424.9 -5938.0 51766.6
30443 51424.9 5938.0 51766.6
30444 51424.9 5938.0 51766.6
30445 51424.9 5938.0 51766.6
30446 51424.9 5938.0 51766.6
30447 51424.9 5938.0 51766.6
30448 51424.9 5938.0 51766.6
30449 51424.9 5938.0 51766.6
30457 51424.9 8907.1 52190.6
30458 51424.9 8907.1 52190.6
30459 51424.9 8907.1 52190.6
30460 51424.9 8907.1 52190.6
30461 51424.9 8907.1 52190.6
30462 51424.9 8907.1 52190.6
30463 51424.9 8907.1 52190.6
30471 51424.9 11876.1 52778.4
30472 51424.9 11876.1 52778.4
30473 51424.9 11876.1 52778.4
30474 51424.9 11876.1 52778.4
30475 51424.9 11876.1 52778.4
30476 51424.9 11876.1 52778.4
30477 51424.9 11876.1 52778.4
30478 52282.0 13360.6 53962.1
30479 52282.0 13360.6 53962.1
30480 52282.0 13360.6 53962.1
30481 52282.0 13360.6 53962.1
30482 52282.0 13360.6 53962.1
30483 52282.0 13360.6 53962.1
30484 52282.0 13360.6 53962.1
30485 51424.9 14845.1 53524.7
30486 51424.9 14845.1 53524.7
30487 51424.9 14845.1 53524.7
30488 51424.9 14845.1 53524.7
30489 51424.9 14845.1 53524.7
30490 51424.9 14845.1 53524.7
30491 51424.9 14845.1 53524.7
30492 52282.0 16329.6 54772.8
30493 52282.0 16329.6 54772.8
30494 52282.0 16329.6 54772.8
30495 52282.0 16329.6 54772.8
30496 52282.0 16329.6 54772.8
30497 52282.0 16329.6 54772.8
30498 52282.0 16329.6 54772.8
30513 51424.9 20783.1 55465.8
30514 51424.9 20783.1 55465.8
30515 51424.9 20783.1 55465.8
30516 51424.9 20783.1 55465.8
30517 51424.9 20783.1 55465.8
30518 51424.9 20783.1 55465.8
30519 51424.9 20783.1 55465.8
30527 51424.9 23752.1 56645.2
30528 51424.9 23752.1 56645.2
30529 51424.9 23752.1 56645.2
30530 51424.9 23752.1 56645.2
30531 51424.9 23752.1 56645.2
30532 51424.9 23752.1 56645.2
30533 51424.9 23752.1 56645.2
30534 52282.0 25236.6 58054.2
30535 52282.0 25236.6 58054.2
30536 52282.0 25236.6 58054.2
30537 52282.0 25236.6 58054.2
30538 52282.0 25236.6 58054.2
30539 52282.0 25236.6 58054.2
30540 52282.0 25236.6 58054.2
30555 51424.9 29690.2 59380.3
30556 51424.9 29690.2 59380.3
30557 51424.9 29690.2 59380.3
30558 51424.9 29690.2 59380.3
30559 51424.9 29690.2 59380.3
30560 51424.9 29690.2 59380.3
30561 51424.9 29690.2 59380.3
30562 53139.1 -26721.2 59479.2
30563 53139.1 -26721.2 59479.2
30564 53139.1 -26721.2 59479.2
30565 53139.1 -26721.2 59479.2
30566 53139.1 -26721.2 59479.2
30567 53139.1 -26721.2 59479.2
30568 53139.1 -26721.2 59479.2
30583 53996.1 -22267.6 58407.4
30584 53996.1 -22267.6 58407.4
30585 53996.1 -22267.6 58407.4
30586 53996.1 -22267.6 58407.4
30587 53996.1 -22267.6 58407.4
30588 53996.1 -22267.6 58407.4
30589 53996.1 -22267.6 58407.4
30597 53996.1 -19298.6 57341.3
30598 53996.1 -19298.6 57341.3
30599 53996.1 -19298.6 57341.3
30600 53996.1 -19298.6 57341.3
30601 53996.1 -19298.6 57341.3
30602 53996.1 -19298.6 57341.3
30603 53996.1 -19298.6 57341.3
30604 53139.1 -17814.1 56045.5
30605 53139.1 -17814.1 56045.5
30606 53139.1 -17814.1 56045.5
30607 53139.1 -17814.1 56045.5
30608 53139.1 -17814.1 56045.5
30609 53139.1 -17814.1 56045.5
30610 53139.1 -17814.1 56045.5
30639 53996.1 -10391.6 54987.0
30640 53996.1 -10391.6 54987.0
30641 53996.1 -10391.6 54987.0
30642 53996.1 -10391.6 54987.0
30643 53996.1 -10391.6 54987.0
30644 53996.1 -10391.6 54987.0
30645 53996.1 -10391.6 54987.0
30653 53996.1 -7422.5 54503.9
30654 53996.1 -7422.5 54503.9
30655 53996.1 -7422.5 54503.9
30656 53996.1 -7422.5 54503.9
30657 53996.1 -7422.5 54503.9
30658 53996.1 -7422.5 54503.9
30659 53996.1 -7422.5 54503.9
30667 53996.1 -4453.5 54179.5
30668 53996.1 -4453.5 54179.5
30669 53996.1 -4453.5 54179.5
30670 53996.1 -4453.5 54179.5
30671 53996.1 -4453.5 54179.5
30672 53996.1 -4453.5 54179.5
30673 53996.1 -4453.5 54179.5
30674 53139.1 -2969.0 53221.9
30675 53139.1 -2969.0 53221.9
30676 53139.1 -2969.0 53221.9
30677 53139.1 -2969.0 53221.9
30678 53139.1 -2969.0 53221.9
30679 53139.1 -2969.0 53221.9
30680 53139.1 -2969.0 53221.9
30681 53996.1 -1484.5 54016.5
30682 53996.1 -1484.5 54016.5
30683 53996.1 -1484.5 54016.5
30684 53996.1 -1484.5 54016.5
30685 53996.1 -1484.5 54016.5
30686 53996.1 -1484.5 54016.5
30687 53996.1 -1484.5 54016.5
30688 53139.1 0.0 53139.1
30689 53139.1 0.0 53139.1
30690 53139.1 0.0 53139.1
30691 53139.1 0.0 53139.1
30692 53139.1 0.0 53139.1
30693 53139.1 0.0 53139.1
30694 53139.1 0.0 53139.1
30695 53996.1 1484.5 54016.5
30696 53996.1 1484.5 54016.5
30697 53996.1 1484.5 54016.5
30698 53996.1 1484.5 54016.5
30699 53996.1 1484.5 54016.5
30700 53996.1 1484.5 54016.5
30701 53996.1 1484.5 54016.5
30702 53139.1 2969.0 53221.9
30703 53139.1 2969.0 53221.9
30704 53139.1 2969.0 53221.9
30705 53139.1 2969.0 53221.9
30706 53139.1 2969.0 53221.9
30707 53139.1 2969.0 53221.9
30708 53139.1 2969.0 53221.9
30709 53996.1 4453.5 54179.5
30710 53996.1 4453.5 54179.5
30711 53996.1 4453.5 54179.5
30712 53996.1 4453.5 54179.5
30713 53996.1 4453.5 54179.5
30714 53996.1 4453.5 54179.5
30715 53996.1 4453.5 54179.5
30723 53996.1 7422.5 54503.9
30724 53996.1 7422.5 54503.9
30725 53996.1 7422.5 54503.9
30726 53996.1 7422.5 54503.9
30727 53996.1 7422.5 54503.9
30728 53996.1 7422.5 54503.9
30729 53996.1 7422.5 54503.9
30737 53996.1 10391.6 54987.0
30738 53996.1 10391.6 54987.0
30739 53996.1 10391.6 54987.0
30740 53996.1 10391.6 54987.0
30741 53996.1 10391.6 54987.0
30742 53996.1 10391.6 54987.0
30743 53996.1 10391.6 54987.0
30772 53139.1 17814.1 56045.5
30773 53139.1 17814.1 56045.5
30774 53139.1 17814.1 56045.5
30775 53139.1 17814.1 56045.5
30776 53139.1 17814.1 56045.5
30777 53139.1 17814.1 56045.5
30778 53139.1 17814.1 56045.5
30779 53996.1 19298.6 57341.3
30780 53996.1 19298.6 57341.3
30781 53996.1 19298.6 57341.3
30782 53996.1 19298.6 57341.3
30783 53996.1 19298.6 57341.3
30784 53996.1 19298.6 57341.3
30785 53996.1 19298.6 57341.3
30793 53996.1 22267.6 58407.4
30794 53996.1 22267.6 58407.4
30795 53996.1 22267.6 58407.4
30796 53996.1 22267.6 58407.4
30797 53996.1 22267.6 58407.4
30798 53996.1 22267.6 58407.4
30799 53996.1 22267.6 58407.4
30814 53139.1 26721.2 59479.2
30815 53139.1 26721.2 59479.2
30816 53139.1 26721.2 59479.2
30817 53139.1 26721.2 59479.2
30818 53139.1 26721.2 59479.2
30819 53139.1 26721.2 59479.2
30820 53139.1 26721.2 59479.2
30821 54853.2 -23752.1 59774.9
30822 54853.2 -23752.1 59774.9
30823 54853.2 -23752.1 59774.9
30824 54853.2 -23752.1 59774.9
30825 54853.2 -23752.1 59774.9
30826 54853.2 -23752.1 59774.9
30827 54853.2 -23752.1 59774.9
30835 54853.2 -20783.1 58658.4
30836 54853.2 -20783.1 58658.4
30837 54853.2 -20783.1 58658.4
30838 54853.2 -20783.1 58658.4
30839 54853.2 -20783.1 58658.4
30840 54853.2 -20783.1 58658.4
30841 54853.2 -20783.1 58658.4
30856 55710.3 -16329.6 58054.2
30857 55710.3 -16329.6 58054.2
30858 55710.3 -16329.6 58054.2
30859 55710.3 -16329.6 58054.2
30860 55710.3 -16329.6 58054.2
30861 55710.3 -16329.6 58054.2
30862 55710.3 -16329.6 58054.2
30863 54853.2 -14845.1 56826.5
30864 54853.2 -14845.1 56826.5
30865 54853.2 -14845.1 56826.5
30866 54853.2 -14845.1 56826.5
30867 54853.2 -14845.1 56826.5
30868 54853.2 -14845.1 56826.5
30869 54853.2 -14845.1 56826.5
30870 55710.3 -13360.6 57290.0
30871 55710.3 -13360.6 57290.0
30872 55710.3 -13360.6 57290.0
30873 55710.3 -13360.6 57290.0
30874 55710.3 -13360.6 57290.0
30875 55710.3 -13360.6 57290.0
30876 55710.3 -13360.6 57290.0
30877 54853.2 -11876.1 56124.1
30878 54853.2 -11876.1 56124.1
30879 54853.2 -11876.1 56124.1
30880 54853.2 -11876.1 56124.1
30881 54853.2 -11876.1 56124.1
30882 54853.2 -11876.1 56124.1
30883 54853.2 -11876.1 56124.1
30891 54853.2 -8907.1 55571.7
30892 54853.2 -8907.1 55571.7
30893 54853.2 -8907.1 55571.7
30894 54853.2 -8907.1 55571.7
30895 54853.2 -8907.1 55571.7
30896 54853.2 -8907.1 55571.7
30897 54853.2 -8907.1 55571.7
30905 54853.2 -5938.0 55173.7
30906 54853.2 -5938.0 55173.7
30907 54853.2 -5938.0 55173.7
30908 54853.2 -5938.0 55173.7
30909 54853.2 -5938.0 55173.7
30910 54853.2 -5938.0 55173.7
30911 54853.2 -5938.0 55173.7
30961 54853.2 5938.0 55173.7
30962 54853.2 5938.0 55173.7
30963 54853.2 5938.0 55173.7
30964 54853.2 5938.0 55173.7
30965 54853.2 5938.0 55173.7
30966 54853.2 5938.0 55173.7
30967 54853.2 5938.0 55173.7
30975 54853.2 8907.1 55571.7
30976 54853.2 8907.1 55571.7
30977 54853.2 8907.1 55571.7
30978 54853.2 8907.1 55571.7
30979 54853.2 8907.1 55571.7
30980 54853.2 8907.1 55571.7
30981 54853.2 8907.1 55571.7
30989 54853.2 11876.1 56124.1
30990 54853.2 11876.1 56124.1
30991 54853.2 11876.1 56124.1
30992 54853.2 11876.1 56124.1
30993 54853.2 11876.1 56124.1
30994 54853.2 11876.1 56124.1
30995 54853.2 11876.1 56124.1
30996 55710.3 13360.6 57290.0
30997 55710.3 13360.6 57290.0
30998 55710.3 13360.6 57290.0
30999 55710.3 13360.6 57290.0
31000 55710.3 13360.6 57290.0
31001 55710.3 13360.6 57290.0
31002 55710.3 13360.6 57290.0
31003 54853.2 14845.1 56826.5
31004 54853.2 14845.1 56826.5
31005 54853.2 14845.1 56826.5
31006 54853.2 14845.1 56826.5
31007 54853.2 14845.1 56826.5
31008 54853.2 14845.1 56826.5
31009 54853.2 14845.1 56826.5
31010 55710.3 16329.6 58054.2
31011 55710.3 16329.6 58054.2
31012 55710.3 16329.6 58054.2
31013 55710.3 16329.6 58054.2
31014 55710.3 16329.6 58054.2
31015 55710.3 16329.6 58054.2
31016 55710.3 16329.6 58054.2
31031 54853.2 20783.1 58658.4
31032 54853.2 20783.1 58658.4
31033 54853.2 20783.1 58658.4
31034 54853.2 20783.1 58658.4
31035 54853.2 20783.1 58658.4
31036 54853.2 20783.1 58658.4
31037 54853.2 20783.1 58658.4
31045 54853.2 23752.1 59774.9
31046 54853.2 23752.1 59774.9
31047 54853.2 23752.1 59774.9
31048 54853.2 23752.1 59774.9
31049 54853.2 23752.1 59774.9
31050 54853.2 23752.1 59774.9
31051 54853.2 23752.1 59774.9
31052 56567.4 -17814.1 59306.1
31053 56567.4 -17814.1 59306.1
31054 56567.4 -17814.1 59306.1
31055 56567.4 -17814.1 59306.1
31056 56567.4 -17814.1 59306.1
31057 56567.4 -17814.1 59306.1
31058 56567.4 -17814.1 59306.1
31087 57424.5 -10391.6 58357.1
31088 57424.5 -10391.6 58357.1
31089 57424.5 -10391.6 58357.1
31090 57424.5 -10391.6 58357.1
31091 57424.5 -10391.6 58357.1
31092 57424.5 -10391.6 58357.1
31093 57424.5 -10391.6 58357.1
31101 57424.5 -7422.5 57902.2
31102 57424.5 -7422.5 57902.2
31103 57424.5 -7422.5 57902.2
31104 57424.5 -7422.5 57902.2
31105 57424.5 -7422.5 57902.2
31106 57424.5 -7422.5 57902.2
31107 57424.5 -7422.5 57902.2
31115 57424.5 -4453.5 57596.9
31116 57424.5 -4453.5 57596.9
31117 57424.5 -4453.5 57596.9
31118 57424.5 -4453.5 57596.9
31119 57424.5 -4453.5 57596.9
31120 57424.5 -4453.5 57596.9
31121 57424.5 -4453.5 57596.9
31122 56567.4 -2969.0 56645.2
31123 56567.4 -2969.0 56645.2
31124 56567.4 -2969.0 56645.2
31125 56567.4 -2969.0 56645.2
31126 56567.4 -2969.0 56645.2
31127 56567.4 -2969.0 56645.2
31128 56567.4 -2969.0 56645.2
31129 57424.5 -1484.5 57443.6
31130 57424.5 -1484.5 57443.6
31131 57424.5 -1484.5 57443.6
31132 57424.5 -1484.5 57443.6
31133 57424.5 -1484.5 57443.6
31134 57424.5 -1484.5 57443.6
31135 57424.5 -1484.5 57443.6
31136 56567.4 0.0 56567.4
31137 56567.4 0.0 56567.4
31138 56567.4 0.0 56567.4
31139 56567.4 0.0 56567.4
31140 56567.4 0.0 56567.4
31141 56567.4 0.0 56567.4
31142 56567.4 0.0 56567.4
31143 57424.5 1484.5 57443.6
31144 57424.5 1484.5 57443.6
31145 57424.5 1484.5 57443.6
31146 57424.5 1484.5 57443.6
31147 57424.5 1484.5 57443.6
31148 57424.5 1484.5 57443.6
31149 57424.5 1484.5 57443.6
31150 56567.4 2969.0 56645.2
31151 56567.4 2969.0 56645.2
31152 56567.4 2969.0 56645.2
31153 56567.4 2969.0 56645.2
31154 56567.4 2969.0 56645.2
31155 56567.4 2969.0 56645.2
31156 56567.4 2969.0 56645.2
31157 57424.5 4453.5 57596.9
31158 57424.5 4453.5 57596.9
31159 57424.5 4453.5 57596.9
31160 57424.5 4453.5 57596.9
31161 57424.5 4453.5 57596.9
31162 57424.5 4453.5 57596.9
31163 57424.5 4453.5 57596.9
31171 57424.5 7422.5 57902.2
31172 57424.5 7422.5 57902.2
31173 57424.5 7422.5 57902.2
31174 57424.5 7422.5 57902.2
31175 57424.5 7422.5 57902.2
31176 57424.5 7422.5 57902.2
31177 57424.5 7422.5 57902.2
31185 57424.5 10391.6 58357.1
31186 57424.5 10391.6 58357.1
31187 57424.5 10391.6 58357.1
31188 57424.5 10391.6 58357.1
31189 57424.5 10391.6 58357.1
31190 57424.5 10391.6 58357.1
31191 57424.5 10391.6 58357.1
31220 56567.4 17814.1 59306.1
31221 56567.4 17814.1 59306.1
31222 56567.4 17814.1 59306.1
31223 56567.4 17814.1 59306.1
31224 56567.4 17814.1 59306.1
31225 56567.4 17814.1 59306.1
31226 56567.4 17814.1 59306.1
31227 58281.5 -14845.1 60142.5
31228 58281.5 -14845.1 60142.5
31229 58281.5 -14845.1 60142.5
31230 58281.5 -14845.1 60142.5
31231 58281.5 -14845.1 60142.5
31232 58281.5 -14845.1 60142.5
31233 58281.5 -14845.1 60142.5
31234 58281.5 -11876.1 59479.2
31235 58281.5 -11876.1 59479.2
31236 58281.5 -11876.1 59479.2
31237 58281.5 -11876.1 59479.2
31238 58281.5 -11876.1 59479.2
31239 58281.5 -11876.1 59479.2
31240 58281.5 -11876.1 59479.2
31248 58281.5 -8907.1 58958.2
31249 58281.5 -8907.1 58958.2
31250 58281.5 -8907.1 58958.2
31251 58281.5 -8907.1 58958.2
31252 58281.5 -8907.1 58958.2
31253 58281.5 -8907.1 58958.2
31254 58281.5 -8907.1 58958.2
31262 58281.5 -5938.0 58583.3
31263 58281.5 -5938.0 58583.3
31264 58281.5 -5938.0 58583.3
31265 58281.5 -5938.0 58583.3
31266 58281.5 -5938.0 58583.3
31267 58281.5 -5938.0 58583.3
31268 58281.5 -5938.0 58583.3
31318 58281.5 5938.0 58583.3
31319 58281.5 5938.0 58583.3
31320 58281.5 5938.0 58583.3
31321 58281.5 5938.0 58583.3
31322 58281.5 5938.0 58583.3
31323 58281.5 5938.0 58583.3
31324 58281.5 5938.0 58583.3
31332 58281.5 8907.1 58958.2
31333 58281.5 8907.1 58958.2
31334 58281.5 8907.1 58958.2
31335 58281.5 8907.1 58958.2
31336 58281.5 8907.1 58958.2
31337 58281.5 8907.1 58958.2
31338 58281.5 8907.1 58958.2
31346 58281.5 11876.1 59479.2
31347 58281.5 11876.1 59479.2
31348 58281.5 11876.1 59479.2
31349 58281.5 11876.1 59479.2
31350 58281.5 11876.1 59479.2
31351 58281.5 11876.1 59479.2
31352 58281.5 11876.1 59479.2
31353 58281.5 14845.1 60142.5
31354 58281.5 14845.1 60142.5
31355 58281.5 14845.1 60142.5
31356 58281.5 14845.1 60142.5
31357 58281.5 14845.1 60142.5
31358 58281.5 14845.1 60142.5
31359 58281.5 14845.1 60142.5
31360 59995.7 -2969.0 60069.1
31361 59995.7 -2969.0 60069.1
31362 59995.7 -2969.0 60069.1
31363 59995.7 -2969.0 60069.1
31364 59995.7 -2969.0 60069.1
31365 59995.7 -2969.0 60069.1
31366 59995.7 -2969.0 60069.1
31367 59995.7 0.0 59995.7
31368 59995.7 0.0 59995.7
31369 59995.7 0.0 59995.7
31370 59995.7 0.0 59995.7
31371 59995.7 0.0 59995.7
31372 59995.7 0.0 59995.7
31373 59995.7 0.0 59995.7
31374 59995.7 2969.0 60069.1
31375 59995.7 2969.0 60069.1
31376 59995.7 2969.0 60069.1
31377 59995.7 2969.0 60069.1
31378 59995.7 2969.0 60069.1
31379 59995.7 2969.0 60069.1
31380 59995.7 2969.0 60069.1
